# scene=solar_system_v1compat_belt.json;config=RelWithAsserts;cpu=12th Gen Intel(R) Core(TM) i7-1265U;affinity=fff;ablation=none;rasterstats=1;res=1536x900;views=4;frames=300;warmup=60;overhead_ns=32;resolution_ns=100
frame;warmup;sim_millidays;frame_ns;Input_ns;Animation_ns;LocalXform1_ns;WorldXform1_ns;Cameras_ns;LocalXform2_ns;WorldXform2_ns;Trigger_ns;BuildViews_ns;Clear_ns;Render_ns;Present_ns;Entities;XformNodes;TriggerPairs;TriggerHits;MeshesTested;MeshesCulled;FacesSubmitted;TrisRasterized;VertsTransformed;TrisCov0;TrisCov1;TrisCov2to4;TrisCov5plus;TrisTightEmpty;PixelsTested;PixelsTight;PixelsCovered;TrisEarlyRejected
0;1;203;40656100;4530100;200000;44000;58400;43400;1300;1200;62200;5800;4159300;9273800;18413100;0;0;0;0;2580;1263;295780;139369;192954;230;261;301;534;0;57376;30803;9710;138043
1;1;206;18573700;2405400;138900;37400;53100;32600;400;1100;32400;4300;1228800;8790800;5764400;0;0;0;0;2580;1275;288012;135098;188327;228;237;283;553;0;65234;38495;13627;133797
2;1;210;17975000;792600;138700;39100;57400;25900;500;500;22400;3800;1338100;9659700;5821400;0;0;0;0;2580;1270;291468;137941;190374;199;170;210;601;0;69409;42545;14732;136761
3;1;213;13971700;73200;177300;37400;48900;36200;400;1400;37500;5100;1096200;8000400;4378800;0;0;0;0;2580;1270;288108;136587;188504;177;141;106;399;0;52507;33756;12200;135764
4;1;216;12605800;72500;129100;35700;52700;39500;400;900;30300;3800;1252000;8377300;2561100;0;0;0;0;2580;1270;290124;137434;189626;156;139;102;403;0;53017;34365;12484;136634
5;1;220;11360600;38100;46900;23100;31000;10300;400;500;17900;1000;1109800;8620000;1444300;0;0;0;0;2580;1273;288588;136795;188697;222;221;260;555;0;66973;40431;14440;135537
6;1;223;12809400;14800;48100;92900;29800;10300;500;1000;21000;1700;1296400;8650800;2587500;0;0;0;0;2580;1274;288972;136571;188886;217;223;272;515;0;66259;40286;14361;135344
7;1;226;15535200;12300;40200;22200;29100;8800;400;500;18700;1200;1194500;8191300;5957600;0;0;0;0;2580;1273;287916;136409;188323;199;195;224;649;0;76963;47205;16460;135142
8;1;230;10562300;15500;45000;22600;30700;13800;400;600;19500;2200;1403500;8042300;952800;0;0;0;0;2580;1278;285132;135310;186650;151;137;99;415;0;58560;38887;13822;134508
9;1;233;10364400;11600;41000;21700;29900;6400;500;400;17300;900;1232600;7832100;1158700;0;0;0;0;2580;1273;287916;136663;188323;178;136;90;421;0;60197;40043;14208;135838
10;1;236;10874000;17200;46000;22900;31100;11900;400;900;19000;2200;1497800;8118600;1092100;0;0;0;0;2580;1275;285996;135104;187205;182;187;207;685;0;80586;50041;17818;133843
11;1;240;10846400;54800;42600;21500;29300;8000;500;1600;16400;1200;1234500;8411200;1012000;0;0;0;0;2580;1273;289260;136743;189071;231;218;226;556;0;72663;45609;16289;135512
12;1;243;10322100;12000;40500;21600;28700;7100;400;400;18300;1100;1247000;7978000;955700;0;0;0;0;2580;1275;288012;136571;188327;234;227;198;612;0;77132;48662;17224;135300
13;1;246;10766000;13200;41300;22100;30400;11500;500;500;18400;2900;1309100;8349100;954500;0;0;0;0;2580;1275;286668;136029;187579;207;153;76;400;0;61994;42617;15224;135193
14;1;250;11729700;11600;38700;21800;28700;6900;500;400;17500;1000;1129000;7863900;2585300;0;0;0;0;2580;1273;287244;135894;187949;203;150;75;394;0;62354;42827;15286;135072
15;1;253;10236500;15600;42600;21300;29300;13800;400;700;19800;1100;1265600;7842700;966800;0;0;0;0;2580;1276;286380;136345;187394;202;161;71;385;0;62327;42896;15301;135526
16;1;256;11055600;15100;43600;21500;29000;8600;400;500;17600;1100;1648700;8334600;916800;0;0;0;0;2580;1273;288588;136763;188697;233;229;197;565;0;76701;49144;17268;135539
17;1;260;11875200;12100;37300;21500;28200;6600;400;500;17600;900;1116200;7956900;2664600;0;0;0;0;2580;1273;288588;136794;188697;255;228;199;541;0;74522;47869;16966;135571
18;1;263;10363400;13900;42500;22400;29400;7000;400;700;17600;1200;1417600;7844400;954100;0;0;0;0;2580;1273;287244;135624;187949;207;152;56;368;0;60791;42234;15061;134841
19;1;266;10204600;13600;40000;21900;29100;11700;500;400;18300;900;1284200;7832900;937800;0;0;0;0;2580;1276;287052;136168;187768;188;144;57;356;0;60248;42220;14878;135423
20;1;270;10369200;13100;41100;21400;28400;6800;400;500;18400;1000;1191500;7921200;1114600;0;0;0;0;2580;1276;286380;135993;187394;203;143;58;346;0;59937;42230;14647;135243
21;1;273;10988900;14600;40600;23800;28800;9600;400;500;18500;1200;1070700;8858400;908200;0;0;0;0;2580;1273;286572;135796;187575;208;173;172;610;0;82194;53695;18390;134633
22;1;276;10584800;13100;37900;23200;29300;7100;400;500;18800;1300;1143500;8258700;1035900;0;0;0;0;2580;1271;289836;137246;189441;223;205;195;499;0;71813;47137;15887;136124
23;1;280;10577700;10800;39000;21800;29200;29100;500;600;19400;1100;1108700;7884100;1422600;0;0;0;0;2580;1276;286380;135727;187394;211;175;162;584;0;82279;54056;17669;134595
24;1;283;10599900;20800;44600;21900;29100;9500;400;500;18500;1300;1475900;7969500;994800;0;0;0;0;2580;1276;286380;135986;187394;182;137;61;298;0;57166;40899;13222;135308
25;1;286;10171200;11900;40200;21900;29800;9200;400;500;23100;900;1237400;7881000;902100;0;0;0;0;2580;1275;286668;136012;187579;181;138;60;289;0;56336;40297;12738;135344
26;1;290;9901000;12300;39000;21500;29800;8800;400;400;15800;900;1141800;7694200;925300;0;0;0;0;2580;1278;285132;135120;186650;179;140;58;273;0;54459;39050;12187;134470
27;1;293;10566200;11800;38100;21500;29200;9200;400;400;18900;1300;1352300;8054000;1015200;0;0;0;0;2580;1274;286956;136190;187764;213;200;184;475;0;69224;45710;14135;135118
28;1;296;11198600;13400;40400;21600;29600;9800;400;500;16900;900;1148700;7860100;2045100;0;0;0;0;2580;1271;289164;137171;189067;211;192;172;482;0;67630;44566;13836;136114
29;1;300;10306500;13700;42400;21300;30500;10000;400;500;17300;1200;1119200;7738000;1298600;0;0;0;0;2580;1279;284844;135263;186465;169;129;59;228;0;45813;33190;10221;134678
30;1;303;10383700;30800;57400;24000;30800;12600;400;1300;19000;1500;1273800;7743100;1173100;0;0;0;0;2580;1279;283500;134451;185717;192;134;61;210;0;41828;30268;9463;133854
31;1;306;10335200;12500;39200;21600;29500;8400;500;400;18500;1100;1221400;7717000;1253000;0;0;0;0;2580;1274;288300;136951;188512;181;133;55;182;0;37002;26619;8654;136400
32;1;310;10486400;13900;41200;21200;30100;8000;400;700;17400;1500;1293200;7987700;1057800;0;0;0;0;2580;1277;286092;135245;187209;206;168;158;448;0;59754;38100;13010;134265
33;1;313;10229800;10800;39100;22000;28800;9800;500;500;17700;1200;1131800;7792700;1164900;0;0;0;0;2580;1275;286668;136134;187579;229;187;170;347;0;43633;26738;9644;135201
34;1;316;10123100;14000;39900;22200;28500;6300;500;400;17300;1500;1226900;7709900;1043100;0;0;0;0;2580;1276;287052;136444;187768;175;130;54;91;0;21130;15415;6110;135994
35;1;320;10072700;16600;45400;22500;29000;11000;400;400;18400;1100;1282700;7610700;1020800;0;0;0;0;2580;1275;286668;135961;187579;161;128;50;64;0;17471;12646;5315;135558
36;1;323;10516400;12000;38700;22200;28400;7400;400;500;17300;1000;1270400;7706000;1396400;0;0;0;0;2580;1273;287916;136270;188323;174;130;52;41;0;15066;10995;4709;135873
37;1;326;10106300;47300;61300;25300;40200;18600;500;500;27400;2600;931500;7865300;1065300;0;0;0;0;2580;1277;286092;134795;187209;184;138;50;32;0;14472;10587;4569;134391
38;1;330;10023300;17400;43100;22000;29500;8100;500;800;17600;1200;1172000;7703800;993900;0;0;0;0;2580;1275;286668;135942;187579;207;182;149;293;0;35056;20929;8010;135111
39;1;333;10166500;10600;40400;21300;29500;9400;400;800;18100;900;1122900;7774600;1126400;0;0;0;0;2580;1272;288204;136677;188508;201;161;126;319;0;44292;28121;10161;135870
40;1;336;10666600;16400;44200;23400;30700;9700;400;1300;18200;1400;1496400;8031200;980200;0;0;0;0;2580;1278;285132;134697;186650;183;132;50;32;0;14444;10580;4563;134300
41;1;340;10744700;12900;38700;21500;28900;6400;500;400;17000;1600;1122300;7540100;1920800;0;0;0;0;2580;1275;286668;136121;187579;171;132;50;32;0;14396;10568;4563;135736
42;1;343;10083100;15200;41100;70800;31000;8000;500;700;17400;1100;1342100;7473500;1067000;0;0;0;0;2580;1277;285420;135677;186835;183;136;50;32;0;14460;10584;4567;135276
43;1;346;10590000;14400;39300;21200;29000;12400;400;500;16100;900;1136500;8415300;890500;0;0;0;0;2580;1278;285804;135496;187024;204;162;122;357;0;49871;31951;11668;134651
44;1;350;10463500;9800;37100;22600;27000;5700;400;400;15800;900;1213300;8058600;1060100;0;0;0;0;2580;1273;287916;136550;188323;213;176;149;310;0;40461;24776;9172;135702
45;1;353;10064500;33900;68900;28500;38200;21800;500;500;20300;2000;1000900;7814700;1012800;0;0;0;0;2580;1277;285420;135435;186835;173;134;50;32;0;14412;10572;4565;135046
46;1;356;10216400;18700;44000;21800;30200;9000;400;700;17500;1000;1259600;7822900;976900;0;0;0;0;2580;1276;286380;135581;187394;190;140;50;32;0;14504;10595;4571;135169
47;1;360;9946800;11600;36700;21500;29300;7400;400;500;18400;1100;1206500;7616500;985900;0;0;0;0;2580;1278;285132;135433;186650;170;136;50;32;0;14408;10571;4567;135045
48;1;363;10466000;13700;88500;24300;33100;14000;400;600;18900;2500;1423400;7820200;1010500;0;0;0;0;2580;1275;286668;136010;187579;177;131;50;32;0;14416;10573;4562;135620
49;1;366;11741300;11700;39400;21500;29300;7400;400;500;16900;1300;1201200;7714400;2684600;0;0;0;0;2580;1277;285420;135551;186835;183;163;146;322;0;42480;26426;9783;134737
50;1;370;9984500;18800;45100;21700;29500;10700;400;500;18100;2800;1251400;7543000;1023200;0;0;0;0;2580;1279;284844;135054;186465;187;136;50;32;0;14476;10588;4567;134649
51;1;373;9943800;13600;43600;22700;31200;9200;400;700;19100;1900;1204900;7675200;908000;0;0;0;0;2580;1274;286956;135708;187764;166;132;50;32;0;14376;10563;4563;135328
52;1;376;10437100;14000;38500;22000;28700;6600;400;500;17600;1000;1214900;7970000;1112200;0;0;0;0;2580;1276;285036;134798;186646;181;133;50;32;0;14440;10579;4564;134402
53;1;380;10032400;14200;39800;21600;28800;7900;400;500;18100;1600;1222700;7646800;1018500;0;0;0;0;2580;1276;285708;135740;187020;176;131;50;32;0;14412;10572;4562;135351
54;1;383;10269100;11800;38100;21500;28400;7200;400;400;17100;1000;1261800;7910000;957600;0;0;0;0;2580;1276;285708;135124;187020;193;149;103;387;0;62888;42240;15216;134292
55;1;386;9996500;11000;37500;21800;29100;6200;500;900;17100;1000;1115500;7683100;1062900;0;0;0;0;2580;1275;286668;135576;187579;203;152;72;236;0;43502;29904;10780;134913
56;1;390;10461200;18000;43900;22500;30400;8900;500;700;18400;1300;1564300;7783200;954400;0;0;0;0;2580;1278;285132;135356;186650;173;135;50;32;0;14416;10573;4566;134966
57;1;393;11178100;10900;38200;21400;26400;8500;400;600;17300;1000;1239400;7554600;2248600;0;0;0;0;2580;1276;286380;135898;187394;181;138;50;32;0;14460;10584;4569;135497
58;1;396;9970100;13200;39300;21600;28500;6600;500;500;17200;1100;1091600;7469200;1269300;0;0;0;0;2580;1277;280396;134256;184129;176;134;50;32;0;14424;10575;4565;133864
59;1;400;10711800;17300;42900;22200;30400;9000;500;800;18100;900;1407200;7979100;1169900;0;0;0;0;2580;1277;286092;135145;187209;186;126;50;32;0;14432;10577;4557;134751
60;0;403;10194800;13300;39200;21700;28500;7600;400;500;17100;900;1123300;7775600;1153100;0;0;0;0;2580;1278;284460;135161;186276;173;139;113;374;0;61128;41083;14446;134362
61;0;406;10335700;16200;42100;22200;29400;9200;500;500;17600;2000;1414700;7551800;1215600;0;0;0;0;2580;1278;283788;134479;185902;152;122;50;32;0;14280;10539;4553;134123
62;0;410;10346200;19400;42100;22500;28500;6200;400;500;19500;900;1558800;7712600;922100;0;0;0;0;2580;1276;286380;135864;187394;141;122;50;32;0;14236;10528;4553;135519
63;0;413;9828400;12300;36400;21700;28100;9300;500;400;17000;900;1110200;7533000;1048600;0;0;0;0;2580;1278;284460;134915;186276;159;130;50;32;0;14340;10554;4561;134544
64;0;416;9974600;13000;39500;21300;30600;16100;500;600;18900;1600;1160200;7683500;976300;0;0;0;0;2580;1277;281740;135849;184877;165;133;50;32;0;14376;10563;4564;135469
65;0;420;10806300;12900;39000;22200;28100;6900;600;500;16900;1100;1355700;7951800;1358600;0;0;0;0;2580;1280;280204;134911;183948;158;137;85;409;0;93432;67963;23474;134122
66;0;423;9905600;49200;72000;24500;38200;15100;500;1500;23100;2000;886900;7821800;952300;0;0;0;0;2580;1277;282412;135893;185251;152;127;50;32;0;14300;10544;4558;135532
67;0;426;10120700;11200;39300;21100;28600;9600;400;600;16500;1200;1201800;7765300;1012900;0;0;0;0;2580;1279;283500;134756;185717;152;125;50;32;0;14292;10542;4556;134397
68;0;430;9815300;10700;37400;21500;29100;8500;500;500;17200;900;1202000;7566300;909700;0;0;0;0;2580;1280;284556;134581;186280;148;127;50;32;0;14284;10540;4558;134224
69;0;433;9921800;13000;37500;21600;29100;7400;400;400;22200;1100;1174700;7620000;982600;0;0;0;0;2580;1276;285036;135078;186646;151;126;50;32;0;14292;10542;4557;134719
70;0;436;10076500;11800;36500;21200;28600;13500;400;600;18300;1000;1114000;7416800;1403800;0;0;0;0;2580;1278;280108;134640;183944;156;128;50;32;0;14320;10549;4559;134274
71;0;440;9954600;20500;79000;28000;36600;25700;400;1400;23900;2700;934400;7783000;1004200;0;0;0;0;2580;1277;283084;136095;185625;168;135;54;83;0;27182;20090;6903;135655
72;0;443;10044200;15300;39300;21500;29200;7800;500;500;18500;1000;1280700;7614000;1002100;0;0;0;0;2580;1278;280108;134614;183944;152;128;50;32;0;14304;10545;4559;134252
73;0;446;9625800;12800;41000;21600;28400;7700;300;400;17200;900;1099800;7466800;918300;0;0;0;0;2580;1278;282796;135758;185440;158;124;50;32;0;14312;10547;4555;135394
74;0;450;9839400;25300;37800;21200;29000;9300;500;1100;17400;1300;1270200;7479300;934600;0;0;0;0;2580;1281;279244;134359;183389;171;129;50;32;0;14384;10565;4560;133977
75;0;453;10310300;11000;38900;21900;28300;6400;400;400;17400;1000;1245300;7511900;1415500;0;0;0;0;2580;1277;281740;134985;184877;150;131;50;32;0;14308;10546;4562;134622
76;0;456;11670900;15000;40400;21300;29600;9100;400;400;17300;1100;1905300;8599400;1017200;0;0;0;0;2580;1276;283372;135814;185810;164;137;57;378;0;195374;161599;53668;135078
77;0;460;10277500;11900;39300;21900;28800;6600;400;500;17800;1000;1194500;8019000;922300;0;0;0;0;2580;1280;279532;134653;183574;159;130;50;32;0;14340;10554;4561;134282
78;0;463;9914400;60100;39600;21900;29000;6700;400;400;16800;900;1164900;7484200;1078100;0;0;0;0;2580;1280;281548;134709;184696;160;130;50;32;0;14344;10555;4561;134337
79;0;466;10373600;16900;43300;22800;34500;11100;600;900;17900;1600;1205400;7951100;1053100;0;0;0;0;2580;1276;282028;135162;185062;156;135;50;32;0;14348;10556;4566;134789
80;0;470;10617200;12100;38000;18700;26400;7100;300;400;16700;900;1278000;7248900;1930700;0;0;0;0;2580;1281;279244;134200;183389;153;127;50;32;0;14304;10545;4558;133838
81;0;473;9146600;11700;40100;19000;26200;7100;400;500;15700;1000;1191400;6787500;1035900;0;0;0;0;2580;1281;279244;134446;183389;169;131;50;32;0;14384;10565;4562;134064
82;0;476;10181900;25000;42900;21400;27800;8500;400;600;17100;1200;1368100;7617700;1037500;0;0;0;0;2580;1276;282700;135854;185436;144;127;50;32;0;14268;10536;4558;135501
83;0;480;9594200;9900;37500;19800;27700;6700;300;400;17300;1100;1168900;6954200;1337300;0;0;0;0;2580;1281;279916;134548;183763;154;130;50;32;0;14320;10549;4561;134182
84;0;483;9874900;16900;45300;21500;30700;10600;400;600;19600;1200;1430600;7218400;1065400;0;0;0;0;2580;1281;279244;134294;183389;160;128;50;32;0;14336;10553;4559;133924
85;0;486;10922500;12200;41900;21600;32600;6100;400;500;17800;1000;1127200;7542300;2107200;0;0;0;0;2580;1278;281452;134674;184692;144;123;50;32;0;14252;10532;4554;134325
86;0;490;9334500;11000;40600;20400;25300;5400;400;800;16500;900;1120700;6750700;1329600;0;0;0;0;2580;1278;280780;135001;184318;158;127;50;32;0;14324;10550;4558;134634
87;0;493;9743900;23800;41900;21400;30000;11800;400;500;17700;3000;1303400;7274100;1000800;0;0;0;0;2580;1279;280492;134767;184133;163;133;50;32;0;14368;10561;4564;134389
88;0;496;9631400;11900;39800;21500;28500;7900;400;500;17500;1100;1173700;7139200;1178400;0;0;0;0;2580;1276;282700;136173;185436;162;132;50;32;0;14360;10559;4563;135797
89;0;500;9678400;12900;39700;21300;29300;9900;400;500;18400;1500;1359900;7240100;931700;0;0;0;0;2580;1282;278956;134376;183204;169;134;50;32;0;14396;10568;4565;133991
90;0;503;10938600;25800;38300;21900;29400;8100;500;400;18500;900;1184700;7757400;1838300;0;0;0;0;2580;1280;280876;134828;184322;182;136;50;32;0;14456;10583;4567;134428
91;0;506;9908100;17500;62700;22000;32400;6000;400;400;17900;1000;1063600;7551900;1120200;0;0;0;0;2580;1278;280780;134679;184318;176;139;50;32;0;14444;10580;4570;134282
92;0;510;9760100;13100;48300;21700;31900;6800;400;400;17200;1000;1155700;7478500;973000;0;0;0;0;2580;1282;278284;133684;182830;161;132;50;32;0;14356;10558;4563;133309
93;0;513;10002600;11000;36000;19300;25200;6300;400;400;15200;1900;1156500;7620600;1096800;0;0;0;0;2580;1277;282412;135932;185251;155;129;50;32;0;14320;10549;4560;135566
94;0;516;9821300;13400;37500;21600;29500;5600;400;500;16500;1300;1109700;7551100;1020800;0;0;0;0;2580;1280;279532;135287;183574;156;127;50;32;0;14316;10548;4558;134922
95;0;520;9979400;15000;38400;19300;25500;6800;400;400;15900;800;1283200;7018400;1542000;0;0;0;0;2580;1278;282124;135713;185066;176;132;50;32;0;14416;10573;4563;135323
96;0;523;9287900;20400;120700;24100;39400;12300;300;600;21500;1300;840400;7015000;1171200;0;0;0;0;2580;1281;279916;135011;183763;171;132;50;32;0;14396;10568;4563;134626
97;0;526;9644200;15000;42500;19400;30200;6100;300;500;14600;900;1269600;7183000;1048700;0;0;0;0;2580;1278;280780;135202;184318;155;129;50;32;0;14320;10549;4560;134836
98;0;530;9755200;15700;46500;21800;33300;6400;600;400;17200;900;1060600;7524900;1015100;0;0;0;0;2580;1277;282412;134765;185251;156;125;50;32;0;14308;10546;4556;134402
99;0;533;9651800;12200;47900;19400;27500;5700;300;300;14000;1000;1329200;7271100;911100;0;0;0;0;2580;1283;277996;133722;182645;150;126;50;32;0;14288;10541;4557;133364
100;0;536;10336200;11000;43300;22000;33200;7700;400;900;17500;1000;1225400;7428900;1534400;0;0;0;0;2580;1276;281356;134689;184688;172;135;50;32;0;14412;10572;4566;134300
101;0;540;9903200;15000;49900;21800;33600;8200;400;500;17300;1000;1590200;7036900;1114200;0;0;0;0;2580;1281;279916;134809;183763;151;129;50;32;0;14304;10545;4560;134447
102;0;543;10128900;11500;46600;19700;29300;6000;400;400;17300;900;1081000;7608100;1294500;0;0;0;0;2580;1281;279244;134789;183389;162;121;50;32;0;14316;10548;4552;134424
103;0;546;9767900;12200;39800;20000;26900;7300;400;400;16900;900;1101600;7406300;1124800;0;0;0;0;2580;1280;278860;134670;183200;144;128;50;32;0;14272;10537;4559;134316
104;0;550;10087700;11500;45700;19400;30300;8000;400;500;15800;900;1233700;7654400;1056300;0;0;0;0;2580;1281;279916;134509;183763;151;126;50;32;0;14292;10542;4557;134150
105;0;553;9276500;27900;36300;18700;25400;6000;400;400;14600;800;1165000;6898400;1072000;0;0;0;0;2580;1278;280780;135401;184318;165;126;50;32;0;14348;10556;4557;135028
106;0;556;9479600;10500;71000;23100;52100;24700;400;500;17900;1000;1012400;7266100;986400;0;0;0;0;2580;1281;278572;134329;183015;161;131;50;32;0;14352;10557;4562;133955
107;0;560;10766400;13200;44600;21500;32500;7500;500;500;18000;1000;1065100;7824300;1706700;0;0;0;0;2580;1281;279916;135240;183763;168;131;50;32;0;14380;10564;4562;134859
108;0;563;10019700;12100;46500;21600;31900;6500;400;400;18200;1000;1176700;7545700;1147000;0;0;0;0;2580;1282;278284;134419;182830;171;125;50;32;0;14368;10561;4556;134041
109;0;566;10164200;13800;47100;21600;32100;8200;500;400;18100;900;1359200;7624100;1026400;0;0;0;0;2580;1283;277324;133942;182271;172;124;50;32;0;14368;10561;4555;133564
110;0;570;10788400;13000;43900;21500;31500;6700;600;400;17900;1000;1147000;7871900;1609900;0;0;0;0;2580;1277;282412;136201;185251;170;124;50;32;0;14360;10559;4555;135825
111;0;573;9764400;13100;46700;22200;32100;5900;400;400;18800;900;1122900;7513600;975600;0;0;0;0;2580;1283;277324;134076;182271;181;128;50;32;0;14420;10574;4559;133685
112;0;576;9732300;10600;40500;21600;28700;6100;300;400;15700;1200;1135500;7524200;935500;0;0;0;0;2580;1280;279532;134789;183574;169;131;50;32;0;14384;10565;4562;134407
113;0;580;9741400;10600;39000;21300;29800;8100;400;400;16100;1000;1102200;7547100;955300;0;0;0;0;2580;1280;280204;134927;183948;164;122;50;32;0;14328;10551;4553;134559
114;0;583;9908000;24600;37800;21500;29300;8700;400;600;16400;1600;1212700;7580600;962100;0;0;0;0;2580;1282;278956;134190;183204;165;124;50;32;0;14340;10554;4555;133819
115;0;586;10175100;22900;38900;21400;29900;7600;400;900;16400;1000;1068600;7487600;1465400;0;0;0;0;2580;1282;278956;134778;183204;180;128;50;32;0;14416;10573;4559;134388
116;0;590;9733300;30800;66300;29000;40300;14900;400;700;21200;2700;971300;7508800;1027300;0;0;0;0;2580;1280;278860;134469;183200;172;127;50;32;0;14380;10564;4558;134088
117;0;593;10330300;14000;41400;22400;29500;7000;400;500;18300;1400;1269900;7809000;1103100;0;0;0;0;2580;1279;278156;136255;182923;205;138;50;32;0;14556;10608;4569;135830
118;0;596;8940900;10900;39000;18900;25100;5700;400;400;13700;800;1075000;6671500;1069700;0;0;0;0;2580;1282;277612;133945;182456;174;130;50;32;0;14400;10569;4561;133559
119;0;600;9447900;12800;42000;19200;26000;7900;400;400;15500;1100;1143800;7069100;1096800;0;0;0;0;2580;1279;280492;135043;184133;169;128;50;32;0;14372;10562;4559;134664
120;0;603;9114100;10400;37200;20300;26000;6600;400;500;14100;1200;1082400;6713100;1191400;0;0;0;0;2580;1282;278956;134114;183204;179;126;50;32;0;14404;10570;4557;133727
121;0;606;8944700;12900;41700;21800;30200;8800;300;500;17500;900;1168900;6769300;858200;0;0;0;0;2580;1281;278572;133790;183015;166;129;50;32;0;14364;10560;4560;133413
122;0;610;9187000;10000;40600;20900;27100;8300;300;400;16000;1000;1090500;6868100;1092700;0;0;0;0;2580;1281;279916;134772;183763;177;133;50;32;0;14424;10575;4564;134380
123;0;613;8910600;12600;39000;21300;28700;9200;400;500;15800;1000;1109700;6764300;897700;0;0;0;0;2580;1280;278860;134399;183200;198;143;50;32;0;14548;10606;4574;133976
124;0;616;10188200;13600;44100;21200;29800;5700;400;400;16100;800;1276500;7658600;1107800;0;0;0;0;2580;1279;277484;135115;182549;192;142;50;32;0;14520;10599;4573;134699
125;0;620;8987400;12100;38100;18800;25500;5700;300;600;14500;900;1054400;6555900;1251500;0;0;0;0;2580;1285;276748;133822;181901;174;133;50;32;0;14412;10572;4564;133433
126;0;623;9222600;16100;62100;27800;48000;9000;1100;600;29500;1400;1110900;7005300;894500;0;0;0;0;2580;1279;281164;135706;184507;172;127;50;32;0;14380;10564;4558;135325
127;0;626;10318400;8900;40400;22000;30700;5500;400;500;16700;1000;1228400;7918000;1034100;0;0;0;0;2580;1281;279244;134215;183389;182;127;50;32;0;14420;10574;4558;133824
128;0;630;9684000;11600;38000;21300;28900;5100;400;400;15800;1100;1302900;7276200;970200;0;0;0;0;2580;1283;274988;134687;181061;191;128;50;32;0;14460;10584;4559;134286
129;0;633;9079200;10400;37800;20500;25800;6100;400;400;14000;800;977500;6819900;1154400;0;0;0;0;2580;1281;279244;134692;183389;196;138;50;32;0;14520;10599;4569;134276
130;0;636;9161400;13100;38700;21600;29500;8700;500;500;18500;1500;1133500;6794700;1087400;0;0;0;0;2580;1283;277324;134073;182271;180;134;50;32;0;14440;10579;4565;133677
131;0;640;9253300;10800;40900;19700;27500;10600;400;400;15700;1000;1028900;6907300;1167500;0;0;0;0;2580;1283;274316;134128;180687;204;137;50;32;0;14548;10606;4568;133705
132;0;643;9174100;10200;38100;18600;25400;8200;400;400;14400;1100;1014400;7166000;866100;0;0;0;0;2580;1283;274988;134788;181061;187;139;50;32;0;14488;10591;4570;134380
133;0;646;10082000;10700;40200;22200;31200;11200;500;400;18400;1000;1117900;7702200;1113000;0;0;0;0;2580;1281;279244;134637;183389;172;133;50;32;0;14404;10570;4564;134250
134;0;650;9117200;12500;38200;20600;25600;5400;300;400;13800;900;1085400;6854100;1049200;0;0;0;0;2580;1283;277324;134076;182271;196;146;50;32;0;14552;10607;4577;133652
135;0;653;9323500;11300;40900;20700;26100;7300;300;800;17100;1200;1112600;7025100;1048700;0;0;0;0;2580;1280;276524;135247;181990;178;141;50;32;0;14460;10584;4572;134846
136;0;656;9288100;33100;37800;21300;31700;6400;400;400;15100;1100;1060400;6812400;1257500;0;0;0;0;2580;1280;279532;134887;183574;178;144;50;32;0;14472;10587;4575;134483
137;0;660;10248500;16300;47000;21800;31200;7000;400;500;16100;1000;1335400;7659300;1099800;0;0;0;0;2580;1283;278668;134524;183019;169;136;50;32;0;14404;10570;4567;134137
138;0;663;9327600;10500;42900;19100;26100;5700;300;400;14200;900;1077500;7002000;1112800;0;0;0;0;2580;1283;274988;134319;181061;161;134;50;32;0;14364;10560;4565;133942
139;0;666;8838200;11100;38800;20000;26100;6300;300;600;20300;1100;897900;6828400;977300;0;0;0;0;2580;1284;274028;134368;180502;162;133;50;32;0;14364;10560;4564;133991
140;0;670;9210400;9400;37800;19000;27000;6500;400;400;14100;1300;1092400;6998900;988500;0;0;0;0;2580;1283;277996;134192;182645;166;132;50;32;0;14376;10563;4563;133812
141;0;673;9062600;10600;37500;20900;26300;6400;400;900;14500;1000;1043400;6798500;1092400;0;0;0;0;2580;1278;280108;134278;183944;162;133;50;32;0;14364;10560;4564;133901
142;0;676;9486900;9800;37300;19500;27100;11100;300;400;15500;1100;1136900;7274900;940500;0;0;0;0;2580;1280;277196;134765;182364;172;132;50;32;0;14400;10569;4563;134379
143;0;680;9581800;10100;38300;21300;30000;7600;300;400;16400;1300;1065800;7362300;1017900;0;0;0;0;2580;1285;273740;134282;180317;168;131;50;32;0;14380;10564;4562;133901
144;0;683;9330300;8900;37400;21200;30100;6800;300;400;16900;1300;1047600;7046100;1103000;0;0;0;0;2580;1281;279244;134526;183389;199;147;50;32;0;14568;10611;4578;134098
145;0;686;9394300;9700;37900;20300;25400;7600;300;400;13600;1100;1037300;6722600;1508900;0;0;0;0;2580;1284;274028;134272;180502;173;136;50;32;0;14420;10574;4567;133881
146;0;690;9185400;13600;39800;21400;30400;7600;400;400;17000;1200;1154100;6784600;1105600;0;0;0;0;2580;1284;274028;134051;180502;183;135;50;32;0;14456;10583;4566;133651
147;0;693;9706300;10600;38100;21700;30900;7700;300;400;15400;1200;1179300;6960500;1418800;0;0;0;0;2580;1281;277900;133993;182641;158;127;50;32;0;14324;10550;4558;133626
148;0;696;9094400;12000;38400;18500;25600;8200;300;400;14900;900;1116000;6788500;1060000;0;0;0;0;2580;1281;276236;135039;181805;163;130;50;32;0;14356;10558;4561;134664
149;0;700;9603900;8400;42700;21200;28800;7500;400;400;19800;1100;1171200;7192700;1098700;0;0;0;0;2580;1281;275564;134710;181431;166;130;50;32;0;14368;10561;4561;134332
150;0;703;10022600;13300;46600;19800;29300;5500;400;400;16900;800;1155700;7551000;1170200;0;0;0;0;2580;1285;273740;133975;180317;153;126;50;32;0;14300;10544;4557;133614
151;0;706;10243200;11200;43400;21400;29300;5900;400;400;16000;800;1298000;7630700;1174800;0;0;0;0;2580;1283;274988;134556;181061;171;136;50;32;0;14412;10572;4567;134167
152;0;710;9172300;12500;38600;18900;25400;5800;300;400;14300;1000;1058800;6870900;1113200;0;0;0;0;2580;1282;273932;133974;180498;159;134;50;32;0;14356;10558;4565;133599
153;0;713;9978600;12000;39900;19600;34800;10400;400;700;20800;1100;902400;7692500;1226200;0;0;0;0;2580;1283;274988;134744;181061;162;129;50;32;0;14348;10556;4560;134371
154;0;716;10165000;13300;46700;19400;29700;6200;400;500;16100;900;1046700;7873900;1099500;0;0;0;0;2580;1281;275564;134764;181431;158;124;50;32;0;14312;10547;4555;134400
155;0;720;9331600;12100;38800;21500;31800;7500;800;400;15100;900;1065000;7136500;988000;0;0;0;0;2580;1281;276236;134874;181805;148;124;50;32;0;14272;10537;4555;134520
156;0;723;9162600;9800;38500;18800;25400;5400;400;400;14000;900;1030400;6897900;1109400;0;0;0;0;2580;1284;274028;134259;180502;138;121;50;32;0;14220;10524;4552;133918
157;0;726;9058600;12100;36300;18700;25200;6500;300;300;14700;1000;1037400;6850700;1044700;0;0;0;0;2580;1282;275948;134750;181620;148;127;50;32;0;14284;10540;4558;134393
158;0;730;9281500;11100;37300;21800;26300;7300;400;500;14500;1900;1179100;6890200;1081300;0;0;0;0;2580;1281;275564;134685;181431;160;130;50;32;0;14344;10555;4561;134313
159;0;733;9122800;12100;38000;20500;27200;7500;400;600;14900;1000;1039300;6846900;1104500;0;0;0;0;2580;1283;274316;133988;180687;162;134;50;32;0;14368;10561;4565;133610
160;0;736;9182800;13500;39600;21700;30700;8700;400;400;17800;1200;1128100;6809900;1101500;0;0;0;0;2580;1283;274988;134084;181061;162;130;50;32;0;14352;10557;4561;133710
161;0;740;9739300;10600;40300;21500;29500;8900;300;400;15800;1400;1114900;6907000;1569100;0;0;0;0;2580;1283;274316;134236;180687;155;131;50;32;0;14328;10551;4562;133868
162;0;743;9065500;11600;39300;18700;26700;7700;300;400;15000;900;1068000;6840600;1024900;0;0;0;0;2580;1284;274028;134308;180502;161;129;50;32;0;14344;10555;4560;133936
163;0;746;9066000;10300;38900;19500;27000;8000;400;600;14900;1400;1067300;6903100;962400;0;0;0;0;2580;1284;274028;133636;180502;147;126;50;32;0;14276;10538;4557;133281
164;0;750;9147700;10500;39000;19900;27000;9000;300;400;14400;1000;998300;6950600;1065900;0;0;0;0;2580;1283;274988;134680;181061;144;123;50;32;0;14252;10532;4554;134331
165;0;753;9258500;12100;37800;21500;27300;7600;300;400;15400;1600;972500;6991500;1160700;0;0;0;0;2580;1281;275564;134184;181431;146;129;50;32;0;14284;10540;4560;133827
166;0;756;10265600;18800;49000;21600;32400;8500;400;500;19600;900;1134700;7587700;1380100;0;0;0;0;2580;1283;274316;134389;180687;161;129;50;32;0;14344;10555;4560;134017
167;0;760;9550900;17000;52200;19600;30600;8200;500;400;17100;1700;1336100;6970600;1084900;0;0;0;0;2580;1282;275276;134655;181246;174;136;50;32;0;14424;10575;4567;134263
168;0;763;10270600;37800;44000;21500;31700;6200;500;400;17400;900;1154600;7508900;1427100;0;0;0;0;2580;1284;274028;134111;180502;171;133;50;32;0;14400;10569;4564;133725
169;0;766;9820600;13700;42200;19600;29800;6400;400;400;16500;900;893500;7590900;1193800;0;0;0;0;2580;1284;274028;133766;180502;160;129;50;32;0;14340;10554;4560;133395
170;0;770;9296700;12800;37400;19100;25300;5400;300;300;14300;900;1115100;7094300;957200;0;0;0;0;2580;1282;274604;134300;180872;145;128;50;32;0;14276;10538;4559;133945
171;0;773;9509000;11900;38200;21200;29400;7500;300;800;16400;1000;1054000;7329300;989100;0;0;0;0;2580;1285;273068;133709;179943;158;130;50;32;0;14336;10553;4561;133339
172;0;776;10221500;10500;43000;22100;31200;5800;400;500;18200;1000;1350100;7618500;1108200;0;0;0;0;2580;1283;274988;134457;181061;166;136;50;32;0;14392;10567;4567;134073
173;0;780;9022400;11900;36600;18800;25300;7200;300;400;15300;900;998100;6748500;1148100;0;0;0;0;2580;1282;275276;134762;181246;163;135;50;32;0;14376;10563;4566;134382
174;0;783;9249600;14000;39300;21400;30900;9800;400;500;16600;1000;1072900;6870900;1160300;0;0;0;0;2580;1284;274700;134148;180876;154;129;50;32;0;14316;10548;4560;133783
175;0;786;9725000;13200;39900;19000;25300;6600;400;400;15300;800;1114600;7043800;1425500;0;0;0;0;2580;1283;274316;134445;180687;151;131;50;32;0;14312;10547;4562;134081
176;0;790;9079800;13800;37900;18800;25900;6500;400;400;14200;1000;1016200;6764900;1168800;0;0;0;0;2580;1283;274988;134146;181061;163;131;50;32;0;14360;10559;4562;133770
177;0;793;9346500;15000;36500;19300;26000;6000;400;500;15100;1100;1144600;6956500;1112900;0;0;0;0;2580;1282;275276;134104;181246;158;131;50;32;0;14340;10554;4562;133733
178;0;796;9961100;13800;45600;27700;34000;6300;400;400;17000;900;1170600;7451500;1182000;0;0;0;0;2580;1286;272780;133666;179758;157;135;50;32;0;14352;10557;4566;133292
179;0;800;10297200;11800;42100;21500;39100;7100;500;500;18300;1200;1263300;7708500;1169800;0;0;0;0;2580;1282;275948;134619;181620;155;133;50;32;0;14336;10553;4564;134249
180;0;803;9111000;12500;38200;19900;26200;5900;300;300;14400;900;1033200;6798300;1146500;0;0;0;0;2580;1282;274604;134446;180872;152;131;50;32;0;14316;10548;4562;134081
181;0;806;9036900;18500;40100;21500;30600;9300;400;400;18100;1200;1062000;6721600;1103100;0;0;0;0;2580;1283;275660;134175;181435;166;129;50;32;0;14364;10560;4560;133798
182;0;810;9537700;10400;38800;20500;27200;7200;300;500;15500;1300;1104100;6924300;1366400;0;0;0;0;2580;1284;273356;133980;180128;159;132;50;32;0;14348;10556;4563;133607
183;0;813;9109600;9900;38100;18800;26100;7000;400;700;14000;1100;1009000;6664900;1308600;0;0;0;0;2580;1282;274604;134012;180872;177;136;50;32;0;14436;10578;4567;133617
184;0;816;10181100;15100;37700;20900;28300;24400;400;500;16100;1000;1165200;7704200;1154700;0;0;0;0;2580;1283;274988;134808;181061;165;131;50;32;0;14368;10561;4562;134430
185;0;820;9171100;18700;103300;28100;47800;11500;900;600;28100;1200;1157900;6661600;1100100;0;0;0;0;2580;1285;273068;133300;179943;157;131;50;32;0;14336;10553;4562;132930
186;0;823;9030300;12000;36400;21400;31700;6400;400;400;15500;1000;994800;6912100;987200;0;0;0;0;2580;1283;275660;135218;181435;163;135;50;32;0;14376;10563;4566;134838
187;0;826;9946900;11800;39500;21900;33200;6500;400;500;16700;900;1177100;7442400;1185600;0;0;0;0;2580;1285;273068;133606;179943;165;138;50;32;0;14396;10568;4569;133221
188;0;830;9157200;13700;45700;21600;32600;7700;400;500;17100;1300;1321200;6626300;1058700;0;0;0;0;2580;1283;274988;134222;181061;170;136;50;32;0;14408;10571;4567;133834
189;0;833;9955600;12800;40200;20200;25200;8200;300;400;13900;900;1099400;7005900;1716800;0;0;0;0;2580;1283;274316;134046;180687;159;134;50;32;0;14356;10558;4565;133671
190;0;836;8956600;16500;37700;18800;26500;7100;300;900;14400;1000;1019800;6755400;1049500;0;0;0;0;2580;1286;272780;133640;179758;163;131;50;32;0;14360;10559;4562;133264
191;0;840;9184600;10400;37700;19500;27100;7300;300;600;16900;1200;1105800;6891000;1057200;0;0;0;0;2580;1282;274604;134152;180872;164;137;50;32;0;14388;10566;4568;133769
192;0;843;9217400;12000;37900;19600;26700;7900;300;1000;14900;1000;1063400;7018100;1005500;0;0;0;0;2580;1285;273740;133972;180317;162;136;50;32;0;14376;10563;4567;133592
193;0;846;9217300;8800;39300;19000;26200;7600;400;400;14400;1000;1050100;6950000;1090700;0;0;0;0;2580;1283;274988;134289;181061;170;133;50;32;0;14396;10568;4564;133904
194;0;850;10113300;13800;44500;20300;29900;8900;400;400;15900;1000;1284700;7468500;1214000;0;0;0;0;2580;1284;273356;133498;180128;165;133;50;32;0;14376;10563;4564;133118
195;0;853;9456900;19900;41000;22500;34700;8100;400;400;17200;1100;1262400;6970100;1067400;0;0;0;0;2580;1282;275948;134711;181620;167;137;50;32;0;14400;10569;4568;134325
196;0;856;10568100;11500;42000;19400;31900;6000;400;400;16900;1000;1054400;7676500;1694700;0;0;0;0;2580;1283;274988;134263;181061;172;139;50;32;0;14428;10576;4570;133870
197;0;860;9277500;11600;38500;21300;27700;6000;300;400;14400;800;1010700;6961600;1174400;0;0;0;0;2580;1285;273740;134167;180317;157;132;50;32;0;14340;10554;4563;133796
198;0;863;9333500;10500;36900;18900;26800;9500;400;400;14500;1000;1154300;6866100;1185300;0;0;0;0;2580;1282;275276;134821;181246;175;134;50;32;0;14420;10574;4565;134430
199;0;866;8915200;10400;39500;19400;25200;13700;400;400;14100;900;1059600;6648400;1072600;0;0;0;0;2580;1285;273740;133957;180317;189;137;50;32;0;14488;10591;4568;133549
200;0;870;10192400;11500;46100;21900;32400;6400;400;400;17300;1000;1174200;7717600;1150800;0;0;0;0;2580;1286;272780;133698;179758;180;127;50;32;0;14412;10572;4558;133309
201;0;873;9088600;12600;34700;18800;25700;7300;300;400;15400;800;1043300;6691000;1227700;0;0;0;0;2580;1283;273644;133681;180313;156;127;50;32;0;14316;10548;4558;133316
202;0;876;9896200;16200;45200;22400;34100;6800;500;400;16700;900;1574700;7080700;1084500;0;0;0;0;2580;1284;274700;133887;180876;164;132;50;32;0;14368;10561;4563;133509
203;0;880;10306800;36700;41300;19400;29500;6700;400;400;15900;1100;1159000;7731600;1244900;0;0;0;0;2580;1284;274028;134228;180502;170;132;50;32;0;14392;10567;4563;133844
204;0;883;8993500;11500;39700;18900;25400;5800;300;300;14400;900;1050700;6697400;1118700;0;0;0;0;2580;1284;274700;134071;180876;165;127;50;32;0;14352;10557;4558;133697
205;0;886;9425700;13400;45300;18600;31100;7600;300;500;14500;900;1137500;7075700;1068900;0;0;0;0;2580;1282;275276;134900;181246;175;130;50;32;0;14404;10570;4561;134513
206;0;890;8973700;9900;38100;18600;25600;7800;300;300;15000;800;1014900;6753700;1078000;0;0;0;0;2580;1284;274028;134159;180502;166;134;50;32;0;14384;10565;4565;133777
207;0;893;9355900;11300;38500;20000;30600;8800;400;600;14600;900;1092900;7073800;1052500;0;0;0;0;2580;1286;272780;133590;179758;176;136;50;32;0;14432;10577;4567;133196
208;0;896;9211000;10900;38400;19400;26400;7900;400;400;14600;1100;1129400;6895100;1057000;0;0;0;0;2580;1282;275948;134187;181620;164;131;50;32;0;14364;10560;4562;133810
209;0;900;9338400;9200;42000;19500;32000;24300;400;500;16200;1200;1192400;6962500;1025900;0;0;0;0;2580;1287;271820;133568;179199;171;128;50;32;0;14380;10564;4559;133187
210;0;903;9202700;12000;38100;20100;31300;7900;300;500;14900;900;1123100;6910700;1032000;0;0;0;0;2580;1284;274028;134258;180502;154;130;50;32;0;14320;10549;4561;133892
211;0;906;9225000;16600;40700;21700;29800;8600;400;500;17000;1000;1065000;6913900;1099400;0;0;0;0;2580;1283;274988;134287;181061;164;128;50;32;0;14352;10557;4559;133913
212;0;910;10131800;14700;44600;19700;29200;5900;400;400;16300;1000;1163400;7696300;1128400;0;0;0;0;2580;1285;273068;133721;179943;173;132;50;32;0;14404;10570;4563;133334
213;0;913;8978300;11900;36100;18700;29100;5900;400;400;14100;900;1027600;6848400;975100;0;0;0;0;2580;1286;272780;133533;179758;180;137;50;32;0;14452;10582;4568;133134
214;0;916;10101900;12500;45100;20000;29300;5500;500;400;16400;900;1108200;7745200;1106500;0;0;0;0;2580;1284;274028;133962;180502;204;138;50;32;0;14552;10607;4569;133538
215;0;920;10101800;12000;42600;19400;29600;6500;400;700;15800;800;1061100;7657300;1246300;0;0;0;0;2580;1283;274988;134651;181061;177;140;50;32;0;14452;10582;4571;134252
216;0;923;9328100;11500;46000;21700;33400;7900;400;400;17500;1100;1424200;6654900;1096500;0;0;0;0;2580;1286;272108;133617;179384;187;136;50;32;0;14476;10588;4567;133212
217;0;926;9491800;11300;41200;20500;26000;6300;500;400;16800;900;1196100;6775900;1382300;0;0;0;0;2580;1282;275948;135216;181620;157;132;50;32;0;14340;10554;4563;134845
218;0;930;9998200;29200;80700;24300;40000;10400;400;900;22200;4200;1112900;7615700;1038800;0;0;0;0;2580;1284;274700;133490;180876;167;133;50;32;0;14384;10565;4564;133108
219;0;933;8967800;10300;34600;18700;25500;5600;400;400;13900;900;1047300;6861500;938600;0;0;0;0;2580;1283;273644;133526;180313;175;135;50;32;0;14424;10575;4566;133134
220;0;936;9810700;12200;41100;21600;32400;5700;500;400;17700;900;1047400;7583300;1036100;0;0;0;0;2580;1284;274028;133551;180502;185;137;50;32;0;14472;10587;4568;133147
221;0;940;10100400;11500;43200;21800;31500;5900;400;400;17600;800;1043700;7725500;1184000;0;0;0;0;2580;1285;273740;133958;180317;178;130;50;32;0;14416;10573;4561;133568
222;0;943;9688900;11400;35700;18900;25500;5000;400;400;13900;800;1009300;7383900;1171500;0;0;0;0;2580;1284;274028;134183;180502;170;133;50;32;0;14396;10568;4564;133798
223;0;946;10114100;18400;42800;21400;37100;11100;400;500;17400;1600;1316300;7682300;950200;0;0;0;0;2580;1286;272780;133592;179758;181;136;50;32;0;14452;10582;4567;133193
224;0;950;9607100;10500;37500;22300;29300;7800;400;400;15700;1100;1044000;7410800;1016000;0;0;0;0;2580;1282;275276;134776;181246;182;138;50;32;0;14464;10585;4569;134374
225;0;953;9647600;12000;43100;21500;32600;6100;500;500;17800;900;1083900;7440700;978200;0;0;0;0;2580;1285;273068;133728;179943;184;135;50;32;0;14460;10584;4566;133327
226;0;956;9853100;11100;44200;24200;31900;6200;400;500;18000;1000;1060500;7688900;955000;0;0;0;0;2580;1283;274316;134142;180687;183;134;50;32;0;14452;10582;4565;133743
227;0;960;9785800;11400;44500;21300;33400;7300;400;400;16200;1100;1053600;7596600;988600;0;0;0;0;2580;1283;275660;134637;181435;183;131;50;32;0;14440;10579;4562;134241
228;0;963;10118100;15800;49800;22000;32000;9300;400;400;18600;1000;1259900;7718900;979400;0;0;0;0;2580;1285;273740;133503;180317;169;128;50;32;0;14372;10562;4559;133124
229;0;966;10096700;10300;46200;22300;31900;8000;400;500;19100;1000;1139000;7669600;1128100;0;0;0;0;2580;1283;274316;134287;180687;163;128;50;32;0;14348;10556;4559;133914
230;0;970;9550500;11200;38200;21500;28700;6700;400;700;17000;1000;1031200;7382800;999500;0;0;0;0;2580;1284;274700;133939;180876;165;129;50;32;0;14360;10559;4560;133563
231;0;973;9679800;23200;36800;21400;28800;7500;400;400;16800;900;1155600;7426500;950000;0;0;0;0;2580;1284;273356;133738;180128;166;130;50;32;0;14368;10561;4561;133360
232;0;976;9817800;13300;43800;22600;32700;6800;400;500;18700;900;1052900;7575400;1039300;0;0;0;0;2580;1284;274028;134031;180502;182;135;50;32;0;14452;10582;4566;133632
233;0;980;10350800;9800;47300;21600;31900;8100;500;400;18000;900;1367700;7878200;956200;0;0;0;0;2580;1283;274988;134737;181061;174;134;50;32;0;14416;10573;4565;134347
234;0;983;10466200;11300;37000;21400;28700;5900;400;400;15800;900;1051800;7435600;1845900;0;0;0;0;2580;1284;274700;134565;180876;177;136;50;32;0;14436;10578;4567;134170
235;0;986;9782800;12100;37300;21300;29200;7100;400;500;17800;900;1037000;7604800;1003200;0;0;0;0;2580;1284;274700;134822;180876;166;137;50;32;0;14396;10568;4568;134437
236;0;990;9535000;11000;37300;21500;28800;7700;300;400;16800;1000;1043900;7448100;907100;0;0;0;0;2580;1282;275948;134647;181620;174;138;50;32;0;14432;10577;4569;134253
237;0;993;9884800;10400;37900;21500;28800;6600;400;500;17200;900;1013200;7607800;1128500;0;0;0;0;2580;1282;275276;134543;181246;163;132;50;32;0;14364;10560;4563;134166
238;0;996;10040100;13000;57900;26800;46700;7300;900;600;27600;1200;1348400;7555500;942500;0;0;0;0;2580;1284;273356;134182;180128;166;129;50;32;0;14364;10560;4560;133805
239;0;1000;10252100;11400;37700;22400;29600;6700;400;500;16800;1100;1073000;7424800;1613400;0;0;0;0;2580;1283;275660;134600;181435;166;126;50;32;0;14352;10557;4557;134226
240;0;1003;9673300;9800;38000;21300;30600;6200;400;600;16100;1000;1019600;7408900;1108700;0;0;0;0;2580;1283;274988;134461;181061;180;135;50;32;0;14444;10580;4566;134064
241;0;1006;9763000;19100;40200;22000;30800;10600;400;500;18200;1400;948100;7723200;932800;0;0;0;0;2580;1284;274700;134582;180876;166;130;50;32;0;14368;10561;4561;134204
242;0;1010;9723100;12900;37300;21200;33000;8800;500;500;17700;1000;1071200;7517900;990000;0;0;0;0;2580;1284;274028;133896;180502;178;138;50;32;0;14448;10581;4569;133498
243;0;1013;9964300;10500;37900;21300;28500;8000;400;500;18300;1000;1259600;7625800;941900;0;0;0;0;2580;1282;275276;134920;181246;179;138;50;32;0;14452;10582;4569;134521
244;0;1016;10109800;9100;37400;21200;28700;7200;500;400;18100;1100;1093000;7554700;1327300;0;0;0;0;2580;1283;274988;134045;181061;189;145;50;32;0;14520;10599;4576;133629
245;0;1020;9793200;18800;47300;22400;30700;11800;500;400;20300;2400;1040000;7505000;1078000;0;0;0;0;2580;1285;273068;134146;179943;194;149;50;32;0;14556;10608;4580;133721
246;0;1023;9677800;11000;37500;21600;28500;5700;400;400;15900;900;1063300;7520900;959600;0;0;0;0;2580;1283;275660;135624;181435;188;147;50;32;0;14524;10600;4578;135207
247;0;1026;9170600;10900;38300;21500;28500;6700;500;400;17600;1000;1067600;6905900;1059800;0;0;0;0;2580;1283;274316;134139;180687;169;136;50;32;0;14404;10570;4567;133752
248;0;1030;9764800;12100;36900;21300;29300;8600;400;600;18700;1200;1092100;7610500;920800;0;0;0;0;2580;1284;274700;134253;180876;184;135;50;32;0;14460;10584;4566;133852
249;0;1033;9780900;14100;42400;21700;32000;7700;500;500;17200;900;1003800;7432500;1195000;0;0;0;0;2580;1283;274988;134457;181061;179;133;50;32;0;14432;10577;4564;134063
250;0;1036;10100400;11400;44300;19600;30300;7200;400;400;16100;1400;1264300;7552600;1141500;0;0;0;0;2580;1284;274028;134163;180502;180;139;50;32;0;14460;10584;4570;133762
251;0;1040;9875400;10800;41500;22000;31400;8100;500;400;22600;1000;1100900;7458300;1166200;0;0;0;0;2580;1284;274700;134067;180876;168;140;50;32;0;14416;10573;4571;133677
252;0;1043;9670400;12100;45000;21900;31800;5900;500;400;16600;1200;1073300;7449100;1003000;0;0;0;0;2580;1284;274028;134836;180502;167;134;50;32;0;14388;10566;4565;134453
253;0;1046;9703000;8500;43000;21300;32000;7100;600;500;17200;1100;1093400;7438300;1027500;0;0;0;0;2580;1285;273740;134535;180317;147;130;50;32;0;14292;10542;4561;134176
254;0;1050;9599200;8600;45200;21500;32000;7200;400;600;18700;1300;1053000;7331600;1066300;0;0;0;0;2580;1284;274028;133996;180502;157;128;50;32;0;14324;10550;4559;133629
255;0;1053;9422000;10200;43600;18800;28800;10200;400;400;16800;1400;1263100;7043800;974600;0;0;0;0;2580;1282;275948;134817;181620;164;133;50;32;0;14372;10562;4564;134438
256;0;1056;10228800;11900;41900;19300;29400;5900;500;400;17000;1200;1073000;7592600;1425300;0;0;0;0;2580;1285;273740;134036;180317;173;139;50;32;0;14432;10577;4570;133642
257;0;1060;9036100;21200;84900;20200;32400;7600;400;700;14800;900;862300;6891900;1087100;0;0;0;0;2580;1283;274988;134427;181061;168;141;50;32;0;14420;10574;4572;134036
258;0;1063;10132800;11400;48800;19700;30800;6100;400;400;16800;1500;1145200;7776300;1061100;0;0;0;0;2580;1283;275660;134976;181435;167;131;50;32;0;14376;10563;4562;134596
259;0;1066;9772600;13400;42800;21700;31400;6200;500;400;18400;1000;1048200;7568500;1008800;0;0;0;0;2580;1284;274028;134575;180502;165;130;50;32;0;14364;10560;4561;134198
260;0;1070;10454700;8300;47100;21700;31400;8800;500;600;17400;900;1104200;8208000;993900;0;0;0;0;2580;1284;274028;134253;180502;168;130;50;32;0;14376;10563;4561;133873
261;0;1073;10041400;11400;37100;21500;28400;6500;400;500;17900;1000;1026900;7592400;1283500;0;0;0;0;2580;1285;273068;134152;179943;162;128;50;32;0;14344;10555;4559;133780
262;0;1076;10017000;15500;39500;21700;27900;7800;600;500;17200;1200;1451500;7435000;984200;0;0;0;0;2580;1284;274700;134433;180876;160;128;50;32;0;14336;10553;4559;134063
263;0;1080;9954100;12500;38800;21300;29100;6300;400;400;17300;900;1016000;7847800;951800;0;0;0;0;2580;1285;273740;134051;180317;147;127;50;32;0;14280;10539;4558;133695
264;0;1083;9823100;28600;40000;21800;29000;6400;500;500;19200;1000;1032300;7396600;1237100;0;0;0;0;2580;1284;274028;134089;180502;189;133;50;32;0;14472;10587;4564;133685
265;0;1086;9957400;16100;41600;21400;31000;10000;400;400;16000;1300;1275700;7618400;912100;0;0;0;0;2580;1283;275660;135128;181435;162;129;50;32;0;14348;10556;4560;134755
266;0;1090;10001500;11300;37300;21400;29000;6600;400;1000;16700;900;1075900;7588700;1200200;0;0;0;0;2580;1284;274028;134604;180502;164;128;50;32;0;14352;10557;4559;134230
267;0;1093;10039100;14500;43200;21400;46900;8400;500;700;17800;1600;1125300;7665000;1081300;0;0;0;0;2580;1285;273068;134201;179943;153;127;50;32;0;14304;10545;4558;133839
268;0;1096;9618000;12500;37500;21200;28600;6500;400;500;17500;900;1039800;7453100;987900;0;0;0;0;2580;1285;273740;134608;180317;159;125;50;32;0;14320;10549;4556;134242
269;0;1100;9797400;11100;37100;21300;28500;7000;400;400;17600;1100;991800;7608000;1060700;0;0;0;0;2580;1285;273740;134206;180317;155;123;50;32;0;14296;10543;4554;133846
270;0;1103;9773600;11200;38600;21400;29900;7500;400;500;18000;1200;1013800;7683600;934400;0;0;0;0;2580;1284;274700;134568;180876;155;125;50;32;0;14304;10545;4556;134206
271;0;1106;9638000;10900;38000;21600;27900;7000;400;400;17000;900;1067600;7430600;1003900;0;0;0;0;2580;1283;274988;134757;181061;178;135;50;32;0;14436;10578;4566;134362
272;0;1110;10071300;12900;39000;21200;28900;8100;400;500;18900;1200;1323800;7482900;1123400;0;0;0;0;2580;1284;274700;134419;180876;176;138;50;32;0;14440;10579;4569;134023
273;0;1113;9962000;20900;44700;22300;28900;8600;500;400;18600;1000;1113600;7705200;983300;0;0;0;0;2580;1284;273356;134441;180128;158;133;50;32;0;14348;10556;4564;134068
274;0;1116;9575800;12600;37200;21400;28100;6400;400;400;17800;900;1055800;7398700;984900;0;0;0;0;2580;1285;273740;134574;180317;165;133;50;32;0;14376;10563;4564;134194
275;0;1120;9912500;9800;37800;21300;28100;5800;500;400;19000;800;1135400;7676100;965100;0;0;0;0;2580;1285;273740;133944;180317;152;124;50;32;0;14288;10541;4555;133586
276;0;1123;9584200;14400;37800;21800;28900;6000;400;800;16700;1000;1054500;7415400;975100;0;0;0;0;2580;1286;272780;133864;179758;150;125;50;32;0;14284;10540;4556;133507
277;0;1126;9762200;9600;37400;21200;29000;7400;400;700;16400;900;1235600;7468100;924800;0;0;0;0;2580;1282;276620;135169;181994;164;128;50;32;0;14352;10557;4559;134795
278;0;1130;10252000;9400;38300;21900;29200;8000;500;500;15700;1000;1058500;7426000;1632600;0;0;0;0;2580;1284;274028;134035;180502;172;129;50;32;0;14388;10566;4560;133652
279;0;1133;9749700;14100;38200;21400;31900;41700;400;500;18500;1000;1098600;7514000;958000;0;0;0;0;2580;1284;274028;134050;180502;164;128;50;32;0;14352;10557;4559;133676
280;0;1136;9651700;10400;36900;21500;28100;6400;500;400;17300;900;1052100;7421900;1043000;0;0;0;0;2580;1284;274028;134139;180502;170;130;50;32;0;14384;10565;4561;133757
281;0;1140;8975400;10100;37800;21200;28300;7100;400;500;19200;2000;1086400;6734900;1017200;0;0;0;0;2580;1285;273740;134208;180317;167;127;50;32;0;14360;10559;4558;133832
282;0;1143;9320300;11000;43900;19300;26200;6900;300;400;16400;900;1255500;6926400;1001700;0;0;0;0;2580;1285;273740;134357;180317;181;134;50;32;0;14444;10580;4565;133960
283;0;1146;8899000;9900;37900;21300;28200;8300;400;900;15500;1000;1034200;6714800;1017500;0;0;0;0;2580;1286;272780;134304;179758;207;136;50;32;0;14556;10608;4567;133879
284;0;1150;9838900;10100;40600;20800;26900;7100;400;400;15700;1100;1278900;7355900;1071500;0;0;0;0;2580;1283;275660;134687;181435;178;139;50;32;0;14452;10582;4570;134288
285;0;1153;10951400;10700;41500;21600;32700;6100;400;400;18600;800;1163800;7618200;2024300;0;0;0;0;2580;1283;274316;134086;180687;195;144;50;32;0;14540;10604;4575;133665
286;0;1156;8891900;12300;41300;21800;28400;7000;400;400;17000;900;1073000;6599800;1078800;0;0;0;0;2580;1284;274700;134000;180876;173;137;50;32;0;14424;10575;4568;133608
287;0;1160;9494800;10100;37600;19000;25900;9000;500;500;16500;1300;1156200;7174100;1032800;0;0;0;0;2580;1284;274028;134669;180502;174;131;50;32;0;14404;10570;4562;134282
288;0;1163;8943000;10400;37600;20200;25600;7200;400;600;16800;900;1013300;6701500;1098200;0;0;0;0;2580;1286;272780;134221;179758;168;128;50;32;0;14368;10561;4559;133843
289;0;1166;10085100;14700;43500;22500;32100;7200;600;400;17100;900;1233500;7603700;1098200;0;0;0;0;2580;1285;273740;134362;180317;153;124;50;32;0;14292;10542;4555;134003
290;0;1170;8790000;12400;37600;22600;25700;6600;400;400;15700;800;1013200;6587800;1058400;0;0;0;0;2580;1285;273740;134609;180317;158;125;50;32;0;14316;10548;4556;134244
291;0;1173;9476200;10300;41600;21200;29400;9300;400;500;17900;1800;1317300;6870800;1143300;0;0;0;0;2580;1286;272780;133927;179758;151;126;50;32;0;14292;10542;4557;133568
292;0;1176;10772000;13300;43700;21600;30900;5900;500;400;16200;800;1184700;7527100;1914200;0;0;0;0;2580;1284;274028;134127;180502;163;130;50;32;0;14356;10558;4561;133752
293;0;1180;8767900;15600;40300;18800;25800;6600;300;300;15500;1000;982600;6561800;1089500;0;0;0;0;2580;1285;273740;134744;180317;167;124;50;32;0;14348;10556;4555;134371
294;0;1183;9492700;11800;38300;18600;25500;8000;400;500;17400;1000;1173200;7148100;1038100;0;0;0;0;2580;1284;274028;134238;180502;164;129;50;32;0;14356;10558;4560;133863
295;0;1186;9850600;12200;43100;19600;29500;6100;400;400;16800;800;1021200;7567100;1121500;0;0;0;0;2580;1286;272780;134233;179758;184;130;50;32;0;14440;10579;4561;133837
296;0;1190;9104000;12700;38200;18700;25300;7300;400;400;15300;1100;1061500;6884700;1029100;0;0;0;0;2580;1284;274700;135103;180876;172;135;50;32;0;14412;10572;4566;134714
297;0;1193;8959000;9600;36600;20600;27400;9300;300;800;14700;1100;1089400;6823100;915500;0;0;0;0;2580;1286;272780;133900;179758;177;134;50;32;0;14428;10576;4565;133507
298;0;1196;9098300;9400;37600;21200;27600;8100;300;400;14800;900;1195200;6864100;908800;0;0;0;0;2580;1286;272780;133912;179758;186;140;50;32;0;14488;10591;4571;133504
299;0;1200;9218800;35800;38300;21700;30900;7600;1500;300;14600;900;1107100;6855500;1094100;0;0;0;0;2580;1284;274028;134474;180502;183;140;50;32;0;14476;10588;4571;134069
