# scene=solar_system_v1compat.json;config=RelWithAsserts;cpu=12th Gen Intel(R) Core(TM) i7-1265U;affinity=4;ablation=none;rasterstats=1;lodstats=0;asserts_lib=1;res=1536x900;views=2;frames=300;warmup=60;overhead_ns=39;resolution_ns=100
frame;warmup;sim_millidays;frame_ns;Input_ns;Animation_ns;LocalXform1_ns;WorldXform1_ns;Cameras_ns;LocalXform2_ns;WorldXform2_ns;Trigger_ns;BuildViews_ns;Clear_ns;Render_ns;Present_ns;Entities;XformNodes;TriggerPairs;TriggerHits;MeshesTested;MeshesCulled;FacesSubmitted;TrisRasterized;VertsTransformed;TrisCov0;TrisCov1;TrisCov2to4;TrisCov5plus;TrisTightEmpty;PixelsTested;PixelsTight;PixelsCovered;TrisEarlyRejected;FacesInside;InstPx0to1;InstPx1to4;InstPx4to16;InstPx16plus;FacesPx0to1;FacesPx1to4;FacesPx4to16;FacesPx16plus;VertsInside;TrisEmittedInside
0;1;203;30687100;2244900;10600;6800;9800;14900;400;400;28600;1300;2437500;1100000;19043600;0;0;0;0;86;81;6192;1061;3641;27;47;141;835;0;104045;104045;33840;11;1256;0;0;0;0;0;0;0;0;0;0
1;1;206;7260600;1273000;8400;3900;8100;7300;200;300;17500;800;1325300;1630600;2962300;0;0;0;0;86;81;6192;1055;3641;18;34;144;844;0;183859;183859;70164;15;1256;0;0;0;0;0;0;0;0;0;0
2;1;210;3533800;178800;6500;2900;6300;6100;100;300;18300;800;1078800;1030500;1191100;0;0;0;0;86;81;6192;1055;3641;4;10;40;538;0;171047;171047;65793;463;296;0;0;0;0;0;0;0;0;0;0
3;1;213;4120000;12000;5600;2700;7000;7600;200;200;17000;800;1184500;1297500;1573300;0;0;0;0;86;82;5232;597;3082;4;13;41;538;0;174816;174816;66885;1;296;0;0;0;0;0;0;0;0;0;0
4;1;216;3941000;12600;7700;2700;8900;11200;300;500;25700;1400;1261500;1324000;1272000;0;0;0;0;86;82;5232;591;3082;4;8;38;540;0;177034;177034;68044;1;296;0;0;0;0;0;0;0;0;0;0
5;1;220;8527900;13500;7100;2500;8200;9100;300;400;32400;1100;1224700;1757800;5450800;0;0;0;0;86;81;6192;1055;3641;18;23;121;889;0;201060;201060;75897;4;1256;0;0;0;0;0;0;0;0;0;0
6;1;223;4756800;14000;7700;2800;5600;6100;200;300;16800;800;1103400;1481500;2092100;0;0;0;0;86;81;6192;1063;3641;28;44;139;841;0;200953;200953;75536;11;1256;0;0;0;0;0;0;0;0;0;0
7;1;226;6006300;15300;9400;3500;8800;8400;200;300;27200;1400;1314900;1790200;2810700;0;0;0;0;86;81;6192;1057;3641;10;14;53;637;0;200819;200819;74552;343;296;0;0;0;0;0;0;0;0;0;0
8;1;230;3365400;28800;13400;5800;11400;14200;200;500;25200;1600;870700;1032600;1347800;0;0;0;0;86;82;5232;597;3082;6;8;39;543;0;194682;194682;73370;1;296;0;0;0;0;0;0;0;0;0;0
9;1;233;17137200;11800;6000;2700;6500;7900;200;300;18400;700;1021800;997700;15050900;0;0;0;0;86;82;5232;595;3082;6;14;35;539;0;199669;199669;74905;1;296;0;0;0;0;0;0;0;0;0;0
10;1;236;3721700;12600;7300;2700;6000;6600;200;300;17000;1000;963700;1119700;1572000;0;0;0;0;86;81;6192;1049;3641;5;17;46;601;0;207151;207151;78323;380;296;0;0;0;0;0;0;0;0;0;0
11;1;240;4593500;18500;11600;3700;10000;12200;300;400;31700;1200;1335500;1873000;1283400;0;0;0;0;86;81;6192;1051;3641;26;32;134;830;0;222146;222146;83258;29;1256;0;0;0;0;0;0;0;0;0;0
12;1;243;4217400;23600;10900;2800;7400;12200;200;400;17300;2500;1051200;1423500;1645900;0;0;0;0;86;81;6192;1047;3641;19;23;104;863;0;234147;234147;86905;38;1256;0;0;0;0;0;0;0;0;0;0
13;1;246;14985600;23800;16800;4100;9400;15900;300;900;17400;2300;1008700;1014100;12856600;0;0;0;0;86;82;5232;589;3082;6;9;36;505;0;208818;208818;78888;33;296;0;0;0;0;0;0;0;0;0;0
14;1;250;4755200;14700;7600;2200;6600;6100;200;200;17900;800;1031900;1517200;2132100;0;0;0;0;86;82;5232;593;3082;10;8;34;498;0;210471;210471;79159;43;296;0;0;0;0;0;0;0;0;0;0
15;1;253;3907600;17400;21200;5700;14300;21100;200;300;28600;2300;1017300;1024000;1736100;0;0;0;0;86;82;5232;591;3082;4;8;37;491;0;210979;210979;79229;51;296;0;0;0;0;0;0;0;0;0;0
16;1;256;4620500;13600;8500;3000;9400;9200;200;500;32700;1500;1516800;1648100;1357300;0;0;0;0;86;81;6192;1055;3641;27;29;108;827;0;236127;236127;87132;64;1256;0;0;0;0;0;0;0;0;0;0
17;1;260;5257400;19100;8600;2100;7300;9000;200;300;18200;1000;1065600;1960900;2118200;0;0;0;0;86;81;6192;1049;3641;21;29;121;792;0;231120;231120;85894;86;1256;0;0;0;0;0;0;0;0;0;0
18;1;263;3380100;11200;5900;2100;6000;5800;200;400;18700;800;1131600;1092100;1095100;0;0;0;0;86;82;5232;583;3082;4;8;34;453;0;208772;208772;78268;84;296;0;0;0;0;0;0;0;0;0;0
19;1;266;3268500;10800;6300;2500;7800;8800;200;300;17700;1600;1206700;1093800;902200;0;0;0;0;86;82;5232;581;3082;5;9;35;438;0;208486;208486;77568;94;296;0;0;0;0;0;0;0;0;0;0
20;1;270;3511600;10200;5700;2100;6400;7000;200;600;17600;1000;1261200;1227700;962800;0;0;0;0;86;82;5232;579;3082;6;9;38;431;0;208219;208219;76660;95;296;0;0;0;0;0;0;0;0;0;0
21;1;273;3791100;10900;5500;2200;6500;6600;100;200;19100;1000;1119700;1141900;1467600;0;0;0;0;86;81;6192;1031;3641;7;11;42;449;0;208658;208658;76233;522;296;0;0;0;0;0;0;0;0;0;0
22;1;276;3256600;18700;9400;2400;8800;10700;200;500;20700;1500;945100;1173300;1054500;0;0;0;0;86;81;6192;1041;3641;16;28;113;743;0;227959;227959;81639;141;1256;0;0;0;0;0;0;0;0;0;0
23;1;280;3423000;11100;5200;2400;6200;7600;200;800;18100;800;1059200;1001700;1298700;0;0;0;0;86;81;6192;1043;3641;8;10;38;399;0;204569;204569;72694;588;296;0;0;0;0;0;0;0;0;0;0
24;1;283;3099900;14600;7900;2600;7400;9300;100;300;18300;1100;1091500;1014700;920400;0;0;0;0;86;82;5232;585;3082;4;12;39;383;0;202642;202642;70983;147;296;0;0;0;0;0;0;0;0;0;0
25;1;286;3267400;12000;6200;2300;6000;8800;200;300;17800;1200;1121100;950500;1127900;0;0;0;0;86;82;5232;583;3082;8;9;36;376;0;200480;200480;69016;154;296;0;0;0;0;0;0;0;0;0;0
26;1;290;3837700;9900;6000;2500;6200;7400;200;300;17300;1100;1058800;944100;1773500;0;0;0;0;86;82;5232;583;3082;5;10;35;360;0;195822;195822;66865;173;296;0;0;0;0;0;0;0;0;0;0
27;1;293;3187200;20600;9200;3400;10100;13400;200;500;19200;800;999000;1099800;1000800;0;0;0;0;86;81;6192;1045;3641;23;25;92;715;0;222094;222094;74644;190;1256;0;0;0;0;0;0;0;0;0;0
28;1;296;3760800;10900;5300;1900;6500;7100;200;500;17200;1700;1274100;1468900;955500;0;0;0;0;86;81;6192;1033;3641;15;18;90;702;0;217858;217858;73424;208;1256;0;0;0;0;0;0;0;0;0;0
29;1;300;3242900;11600;5600;2300;6900;7000;200;200;17900;800;1151300;818800;1210700;0;0;0;0;86;82;5232;577;3082;6;8;32;312;0;172369;172369;58975;219;296;0;0;0;0;0;0;0;0;0;0
30;1;303;3227300;14000;6100;3100;6200;7800;200;900;18500;800;1153000;775800;1227500;0;0;0;0;86;82;5232;579;3082;5;8;33;295;0;160857;160857;55941;238;296;0;0;0;0;0;0;0;0;0;0
31;1;306;3994500;13000;6400;2300;7900;9800;200;600;17900;1000;1356600;748000;1815500;0;0;0;0;86;82;5232;577;3082;4;11;37;262;0;145889;145889;52713;263;296;0;0;0;0;0;0;0;0;0;0
32;1;310;2794400;10200;5200;2100;6700;6600;200;400;18300;700;985500;697900;1052500;0;0;0;0;86;81;6192;1031;3641;7;9;37;300;0;135450;135450;51349;678;296;0;0;0;0;0;0;0;0;0;0
33;1;313;3122000;10900;5700;2000;6000;6500;200;400;17700;900;1195000;828700;1037900;0;0;0;0;86;81;6192;1017;3641;13;24;97;562;0;146871;146871;56698;321;1256;0;0;0;0;0;0;0;0;0;0
34;1;316;2850800;32400;15300;3300;10000;10800;100;300;18200;900;1124100;474200;1152900;0;0;0;0;86;82;5232;567;3082;7;12;32;170;0;100990;100990;42516;346;296;0;0;0;0;0;0;0;0;0;0
35;1;320;2942100;18400;10300;2700;8300;12200;200;600;19600;1900;1211500;501900;1146000;0;0;0;0;86;82;5232;567;3082;7;8;35;142;0;90399;90399;39389;375;296;0;0;0;0;0;0;0;0;0;0
36;1;323;3114800;11800;7000;2600;6900;8300;200;400;26700;900;1053700;459800;1527200;0;0;0;0;86;82;5232;571;3082;4;9;34;117;0;83471;83471;36924;407;296;0;0;0;0;0;0;0;0;0;0
37;1;326;2507300;25400;9200;3300;9700;14300;100;300;19900;1300;950400;399900;1065200;0;0;0;0;86;82;5232;565;3082;4;8;32;106;0;81797;81797;36336;415;296;0;0;0;0;0;0;0;0;0;0
38;1;330;3839200;9700;6100;2000;5900;7200;200;400;17400;1000;1146000;726700;1891300;0;0;0;0;86;81;6192;1013;3641;17;16;71;490;0;123428;123428;50107;419;1256;0;0;0;0;0;0;0;0;0;0
39;1;333;3057400;134500;9900;4100;10400;9400;300;500;30200;1200;1223100;498100;1125800;0;0;0;0;86;81;6192;1019;3641;4;8;32;106;0;81797;81797;36336;869;296;0;0;0;0;0;0;0;0;0;0
40;1;336;3068900;10600;5900;2000;6100;7100;200;500;17300;800;1134000;413600;1457100;0;0;0;0;86;82;5232;563;3082;4;8;32;106;0;81797;81797;36336;413;296;0;0;0;0;0;0;0;0;0;0
41;1;340;2885600;20800;8500;2500;7500;8900;200;500;18500;1100;1015600;400500;1392400;0;0;0;0;86;82;5232;555;3082;4;8;32;106;0;81797;81797;36336;405;296;0;0;0;0;0;0;0;0;0;0
42;1;343;3723600;14800;9000;2700;7400;9900;100;1000;18600;1900;1241200;634100;1770900;0;0;0;0;86;82;5232;557;3082;4;8;32;106;0;81797;81797;36336;407;296;0;0;0;0;0;0;0;0;0;0
43;1;346;2969300;9600;6400;2000;6600;9000;100;400;17000;700;959000;791800;1155600;0;0;0;0;86;81;6192;1007;3641;5;13;41;256;0;108152;108152;45918;692;296;0;0;0;0;0;0;0;0;0;0
44;1;350;3195200;11600;5900;1900;7100;61100;300;300;17100;900;1192200;759800;1127100;0;0;0;0;86;81;6192;1005;3641;10;15;59;506;0;138857;138857;54739;415;1256;0;0;0;0;0;0;0;0;0;0
45;1;353;2873000;10700;5300;2500;6200;7900;200;400;18400;900;1156800;395600;1259600;0;0;0;0;86;82;5232;553;3082;4;8;32;106;0;81797;81797;36336;403;296;0;0;0;0;0;0;0;0;0;0
46;1;356;2939200;10200;6400;2100;6800;7600;200;600;18300;1000;1258000;459600;1160000;0;0;0;0;86;82;5232;551;3082;4;8;32;106;0;81797;81797;36336;401;296;0;0;0;0;0;0;0;0;0;0
47;1;360;2902100;20400;13400;5900;21600;25400;300;1600;35700;3500;966400;641700;1141800;0;0;0;0;86;82;5232;545;3082;4;8;32;106;0;81797;81797;36336;395;296;0;0;0;0;0;0;0;0;0;0
48;1;363;2830000;9900;6500;2000;7200;6500;200;400;17800;800;1011000;468400;1290600;0;0;0;0;86;82;5232;539;3082;4;8;32;106;0;81797;81797;36336;389;296;0;0;0;0;0;0;0;0;0;0
49;1;366;3571300;16800;21600;2800;9300;9200;200;500;26000;1000;1455600;891100;1126900;0;0;0;0;86;81;6192;987;3641;11;14;53;510;0;145348;145348;57205;399;1256;0;0;0;0;0;0;0;0;0;0
50;1;370;2875200;13400;6800;2000;6400;7700;200;400;56800;900;1152100;374400;1245000;0;0;0;0;86;83;4272;151;2523;4;8;32;106;0;81797;81797;36336;1;296;0;0;0;0;0;0;0;0;0;0
51;1;373;3633000;12800;8700;3100;8200;12400;200;800;25900;1900;1178800;772500;1596600;0;0;0;0;86;83;4272;151;2523;4;8;32;106;0;81797;81797;36336;1;296;0;0;0;0;0;0;0;0;0;0
52;1;376;4404800;17500;10900;3600;9100;9200;400;400;29800;1200;1154800;761700;2384100;0;0;0;0;86;83;4272;151;2523;4;8;32;106;0;81797;81797;36336;1;296;0;0;0;0;0;0;0;0;0;0
53;1;380;3026600;14100;9600;3000;10300;10400;300;500;30700;1200;1133500;624900;1171900;0;0;0;0;86;83;4272;151;2523;4;8;32;106;0;81797;81797;36336;1;296;0;0;0;0;0;0;0;0;0;0
54;1;383;3045400;14500;9100;2700;7600;8200;200;300;18400;800;1140500;892000;933900;0;0;0;0;86;82;5232;585;3082;11;12;49;439;0;173011;173011;69514;74;296;0;0;0;0;0;0;0;0;0;0
55;1;386;2599900;10500;4900;2400;6700;7500;200;400;18400;1000;1079400;385400;1069200;0;0;0;0;86;82;5232;595;3082;4;8;32;106;0;81797;81797;36336;445;296;0;0;0;0;0;0;0;0;0;0
56;1;390;2910300;10600;6700;2700;6100;7700;200;400;17900;900;1049800;388000;1409100;0;0;0;0;86;83;4272;151;2523;4;8;32;106;0;81797;81797;36336;1;296;0;0;0;0;0;0;0;0;0;0
57;1;393;3200900;15000;8000;3100;6100;9100;200;400;17800;900;1093200;471700;1567300;0;0;0;0;86;83;4272;151;2523;4;8;32;106;0;81797;81797;36336;1;296;0;0;0;0;0;0;0;0;0;0
58;1;396;3780700;33800;17200;7400;20500;14500;300;500;31300;3300;1290500;654400;1689000;0;0;0;0;86;83;4272;151;2523;4;8;32;106;0;81797;81797;36336;1;296;0;0;0;0;0;0;0;0;0;0
59;1;400;3667400;14500;9800;3100;10000;9100;300;500;37200;1500;1503700;794500;1271100;0;0;0;0;86;83;4272;151;2523;4;8;32;106;0;81797;81797;36336;1;296;0;0;0;0;0;0;0;0;0;0
60;0;403;3557300;14000;6800;2800;7600;8500;200;300;21300;900;1212300;1303000;968400;0;0;0;0;86;82;5232;583;3082;6;15;48;512;0;203579;203579;75904;2;1256;0;0;0;0;0;0;0;0;0;0
61;0;406;3585900;20100;11400;4400;11700;12600;300;700;39600;1700;1411700;893500;1166500;0;0;0;0;86;83;4272;151;2523;4;8;32;106;0;81797;81797;36336;1;296;0;0;0;0;0;0;0;0;0;0
62;0;410;4850700;14200;7800;3200;7200;7300;200;400;31100;900;1323700;816900;2595600;0;0;0;0;86;83;4272;151;2523;4;8;32;106;0;81797;81797;36336;1;296;0;0;0;0;0;0;0;0;0;0
63;0;413;3069500;15400;7100;3000;7600;7100;300;300;20300;700;1287900;483500;1225000;0;0;0;0;86;83;4272;151;2523;4;8;32;106;0;81797;81797;36336;1;296;0;0;0;0;0;0;0;0;0;0
64;0;416;2980400;13200;7100;2900;7500;8400;200;500;22200;1800;1264900;446700;1195200;0;0;0;0;86;83;4272;151;2523;4;8;32;106;0;81797;81797;36336;1;296;0;0;0;0;0;0;0;0;0;0
65;0;420;4488000;11400;6500;2700;7600;8900;100;300;20500;1100;1208100;2054800;1153600;0;0;0;0;86;82;5232;575;3082;4;10;35;525;0;311903;311903;112019;1;296;0;0;0;0;0;0;0;0;0;0
66;0;423;3643900;12300;6800;2600;8000;8600;200;300;21100;2000;1173200;501000;1896500;0;0;0;0;86;83;4272;151;2523;4;8;32;106;0;81797;81797;36336;1;296;0;0;0;0;0;0;0;0;0;0
67;0;426;3754000;11500;6300;2200;7500;6700;200;400;20900;1000;1290100;795400;1599000;0;0;0;0;86;83;4272;151;2523;4;8;32;106;0;81797;81797;36336;1;296;0;0;0;0;0;0;0;0;0;0
68;0;430;2922600;16200;8100;2500;7300;10100;300;500;20900;1000;1213600;514200;1114200;0;0;0;0;86;83;4272;151;2523;4;8;32;106;0;81797;81797;36336;1;296;0;0;0;0;0;0;0;0;0;0
69;0;433;2862400;11500;7000;2400;7500;8600;200;400;21800;1600;1215700;446000;1130400;0;0;0;0;86;83;4272;151;2523;4;8;32;106;0;81797;81797;36336;1;296;0;0;0;0;0;0;0;0;0;0
70;0;436;3027700;10100;7100;2100;7500;7800;200;600;20200;900;1290700;485900;1182100;0;0;0;0;86;83;4272;151;2523;4;8;32;106;0;81797;81797;36336;1;296;0;0;0;0;0;0;0;0;0;0
71;0;440;4538900;10000;7000;2600;7000;8500;200;400;21800;1600;1318400;472200;2678700;0;0;0;0;86;82;5232;561;3082;4;8;32;106;0;81797;81797;36336;411;296;0;0;0;0;0;0;0;0;0;0
72;0;443;3095100;14300;6900;2500;6900;7200;200;400;20800;900;1144800;448100;1431500;0;0;0;0;86;83;4272;151;2523;4;8;32;106;0;81797;81797;36336;1;296;0;0;0;0;0;0;0;0;0;0
73;0;446;3036800;12700;7600;2900;8100;8700;200;400;21000;1500;1375400;472500;1103500;0;0;0;0;86;83;4272;151;2523;4;8;32;106;0;81797;81797;36336;1;296;0;0;0;0;0;0;0;0;0;0
74;0;450;2993100;19600;7100;2300;7300;8300;200;500;21700;1200;1249800;435200;1230800;0;0;0;0;86;83;4272;151;2523;4;8;32;106;0;81797;81797;36336;1;296;0;0;0;0;0;0;0;0;0;0
75;0;453;3294800;12400;6500;2600;8000;7500;200;600;20300;1100;1386900;498500;1336700;0;0;0;0;86;83;4272;151;2523;4;8;32;106;0;81797;81797;36336;1;296;0;0;0;0;0;0;0;0;0;0
76;0;456;6820600;14200;7200;2400;8600;10500;200;400;21900;1100;1203100;4401800;1134500;0;0;0;0;86;82;5232;531;3082;4;8;32;461;0;685337;685337;232745;26;296;0;0;0;0;0;0;0;0;0;0
77;0;460;2977000;15400;6600;2600;7600;8700;200;400;21200;800;1123000;464300;1312300;0;0;0;0;86;83;4272;151;2523;4;8;32;106;0;81797;81797;36336;1;296;0;0;0;0;0;0;0;0;0;0
78;0;463;3061000;22300;7600;2500;8000;9500;200;400;22200;1600;1225900;454300;1294400;0;0;0;0;86;83;4272;151;2523;4;8;32;106;0;81797;81797;36336;1;296;0;0;0;0;0;0;0;0;0;0
79;0;466;3133300;12400;7800;2500;9500;10600;300;1000;21700;1700;1233800;503300;1313800;0;0;0;0;86;83;4272;151;2523;4;8;32;106;0;81797;81797;36336;1;296;0;0;0;0;0;0;0;0;0;0
80;0;470;3182900;14300;7200;3000;7600;8800;100;600;21000;1000;1159700;449500;1499100;0;0;0;0;86;83;4272;151;2523;4;8;32;106;0;81797;81797;36336;1;296;0;0;0;0;0;0;0;0;0;0
81;0;473;3729600;18600;9800;2600;7500;8600;200;500;23300;1000;1250300;460900;1934700;0;0;0;0;86;83;4272;151;2523;4;8;32;106;0;81797;81797;36336;1;296;0;0;0;0;0;0;0;0;0;0
82;0;476;4899100;10600;6800;2200;7500;7100;300;300;20300;1000;1033800;474100;3326200;0;0;0;0;86;83;4272;151;2523;4;8;32;106;0;81797;81797;36336;1;296;0;0;0;0;0;0;0;0;0;0
83;0;480;2895200;12300;6500;3400;8000;7800;300;500;21400;800;1224100;465000;1135700;0;0;0;0;86;83;4272;151;2523;4;8;32;106;0;81797;81797;36336;1;296;0;0;0;0;0;0;0;0;0;0
84;0;483;3733500;10500;6200;2300;7000;8800;200;600;21000;1000;1137600;552200;1975700;0;0;0;0;86;83;4272;151;2523;4;8;32;106;0;81797;81797;36336;1;296;0;0;0;0;0;0;0;0;0;0
85;0;486;3789500;32100;38000;7700;15200;19300;400;600;41000;2000;1275200;822300;1518500;0;0;0;0;86;83;4272;151;2523;4;8;32;106;0;81797;81797;36336;1;296;0;0;0;0;0;0;0;0;0;0
86;0;490;3537000;24800;12100;4700;14700;13200;200;400;22900;1100;1163500;808700;1452700;0;0;0;0;86;83;4272;151;2523;4;8;32;106;0;81797;81797;36336;1;296;0;0;0;0;0;0;0;0;0;0
87;0;493;4223000;17500;9800;3600;13300;15900;400;400;30200;1300;1372100;572700;2172400;0;0;0;0;86;83;4272;151;2523;4;8;32;106;0;81797;81797;36336;1;296;0;0;0;0;0;0;0;0;0;0
88;0;496;3321100;14000;6800;2500;7200;8500;200;300;20800;900;1232200;507800;1508900;0;0;0;0;86;83;4272;151;2523;4;8;32;106;0;81797;81797;36336;1;296;0;0;0;0;0;0;0;0;0;0
89;0;500;3705200;14500;7500;2400;7900;12100;300;600;21800;1600;1251400;759700;1602100;0;0;0;0;86;83;4272;151;2523;4;8;32;106;0;81797;81797;36336;1;296;0;0;0;0;0;0;0;0;0;0
90;0;503;2814800;26900;9000;3300;9000;10600;200;500;20800;1000;1142900;485900;1095800;0;0;0;0;86;83;4272;151;2523;4;8;32;106;0;81797;81797;36336;1;296;0;0;0;0;0;0;0;0;0;0
91;0;506;2865800;8700;6200;2300;8000;7400;300;400;21700;900;1033600;467600;1299100;0;0;0;0;86;83;4272;151;2523;4;8;32;106;0;81797;81797;36336;1;296;0;0;0;0;0;0;0;0;0;0
92;0;510;2818600;28800;6100;3100;7500;7700;200;400;20600;1300;1164400;454000;1115500;0;0;0;0;86;83;4272;151;2523;4;8;32;106;0;81797;81797;36336;1;296;0;0;0;0;0;0;0;0;0;0
93;0;513;2932300;17500;12400;3100;8800;18100;200;900;25100;900;1198900;444500;1192300;0;0;0;0;86;83;4272;151;2523;4;8;32;106;0;81797;81797;36336;1;296;0;0;0;0;0;0;0;0;0;0
94;0;516;3126000;26500;10500;4000;10700;10800;300;600;22500;1600;1156900;505800;1361900;0;0;0;0;86;83;4272;151;2523;4;8;32;106;0;81797;81797;36336;1;296;0;0;0;0;0;0;0;0;0;0
95;0;520;3563100;15900;7900;2300;7700;9400;200;600;23600;1100;1276900;630600;1571200;0;0;0;0;86;83;4272;151;2523;4;8;32;106;0;81797;81797;36336;1;296;0;0;0;0;0;0;0;0;0;0
96;0;523;2739300;18900;10700;3900;11100;13600;200;1200;24400;2500;1098600;439300;1102300;0;0;0;0;86;83;4272;151;2523;4;8;32;106;0;81797;81797;36336;1;296;0;0;0;0;0;0;0;0;0;0
97;0;526;2955700;10800;6300;2300;7300;6300;200;400;20500;900;1276100;446000;1171200;0;0;0;0;86;83;4272;151;2523;4;8;32;106;0;81797;81797;36336;1;296;0;0;0;0;0;0;0;0;0;0
98;0;530;2850600;10900;6400;2300;7900;10000;300;400;20700;800;1214600;490300;1077000;0;0;0;0;86;83;4272;151;2523;4;8;32;106;0;81797;81797;36336;1;296;0;0;0;0;0;0;0;0;0;0
99;0;533;3638300;11400;5700;2300;7300;7900;200;1000;21200;900;1287100;1034400;1249200;0;0;0;0;86;83;4272;151;2523;4;8;32;106;0;81797;81797;36336;1;296;0;0;0;0;0;0;0;0;0;0
100;0;536;4047800;14200;10400;3300;10500;10900;300;700;37600;1600;1362600;596100;1987900;0;0;0;0;86;83;4272;151;2523;4;8;32;106;0;81797;81797;36336;1;296;0;0;0;0;0;0;0;0;0;0
101;0;540;2855200;13300;7000;2500;7400;7100;200;400;21300;900;1126500;519600;1139900;0;0;0;0;86;83;4272;151;2523;4;8;32;106;0;81797;81797;36336;1;296;0;0;0;0;0;0;0;0;0;0
102;0;543;2801800;11600;6100;2800;7000;9900;200;400;21500;900;1232900;562700;935600;0;0;0;0;86;83;4272;151;2523;4;8;32;106;0;81797;81797;36336;1;296;0;0;0;0;0;0;0;0;0;0
103;0;546;2687500;10300;6000;2200;7000;8600;200;500;21300;700;1155500;510400;948000;0;0;0;0;86;83;4272;151;2523;4;8;32;106;0;81797;81797;36336;1;296;0;0;0;0;0;0;0;0;0;0
104;0;550;3082100;10400;6200;3000;7000;6900;200;500;21000;900;1301300;570000;1144800;0;0;0;0;86;83;4272;151;2523;4;8;32;106;0;81797;81797;36336;1;296;0;0;0;0;0;0;0;0;0;0
105;0;553;3192000;15300;6400;3200;9000;10300;300;600;23500;1100;1251800;535400;1312300;0;0;0;0;86;83;4272;151;2523;4;8;32;106;0;81797;81797;36336;1;296;0;0;0;0;0;0;0;0;0;0
106;0;556;2896600;51500;11800;5300;15500;17100;200;1100;26100;3000;1124900;509300;1117000;0;0;0;0;86;83;4272;151;2523;4;8;32;106;0;81797;81797;36336;1;296;0;0;0;0;0;0;0;0;0;0
107;0;560;2853400;10000;5300;3300;7100;7300;200;800;20200;700;1192500;482000;1114500;0;0;0;0;86;83;4272;151;2523;4;8;32;106;0;81797;81797;36336;1;296;0;0;0;0;0;0;0;0;0;0
108;0;563;3138400;12600;7000;2900;7700;8500;200;700;20500;900;1281500;442000;1343500;0;0;0;0;86;83;4272;151;2523;4;8;32;106;0;81797;81797;36336;1;296;0;0;0;0;0;0;0;0;0;0
109;0;566;3304200;13400;11600;2400;9600;11400;200;700;25700;900;1260200;590000;1356400;0;0;0;0;86;83;4272;151;2523;4;8;32;106;0;81797;81797;36336;1;296;0;0;0;0;0;0;0;0;0;0
110;0;570;3747100;14800;7600;2400;7500;7800;300;400;20900;900;1580500;811900;1279000;0;0;0;0;86;83;4272;151;2523;4;8;32;106;0;81797;81797;36336;1;296;0;0;0;0;0;0;0;0;0;0
111;0;573;4650500;16200;9300;3200;10300;11400;400;500;33700;2400;1483500;758500;2293300;0;0;0;0;86;83;4272;151;2523;4;8;32;106;0;81797;81797;36336;1;296;0;0;0;0;0;0;0;0;0;0
112;0;576;2993600;13800;6900;2600;7200;7300;300;400;20500;900;1216200;581700;1123900;0;0;0;0;86;83;4272;151;2523;4;8;32;106;0;81797;81797;36336;1;296;0;0;0;0;0;0;0;0;0;0
113;0;580;3391800;16200;8700;2700;7900;10500;300;600;22600;1300;1247700;658600;1402700;0;0;0;0;86;83;4272;151;2523;4;8;32;106;0;81797;81797;36336;1;296;0;0;0;0;0;0;0;0;0;0
114;0;583;3475100;19600;9800;4600;10500;12500;300;400;33900;1400;1544800;540900;1278000;0;0;0;0;86;83;4272;151;2523;4;8;32;106;0;81797;81797;36336;1;296;0;0;0;0;0;0;0;0;0;0
115;0;586;3042300;14900;7800;3000;7900;9900;300;300;21700;1200;1153200;598400;1205300;0;0;0;0;86;83;4272;151;2523;4;8;32;106;0;81797;81797;36336;1;296;0;0;0;0;0;0;0;0;0;0
116;0;590;3674800;14000;7900;2800;7600;8000;200;400;21200;1300;1248200;483800;1855300;0;0;0;0;86;83;4272;151;2523;4;8;32;106;0;81797;81797;36336;1;296;0;0;0;0;0;0;0;0;0;0
117;0;593;3014400;10100;5900;2300;7300;7300;200;600;20300;1200;1271700;443200;1235000;0;0;0;0;86;83;4272;151;2523;4;8;32;106;0;81797;81797;36336;1;296;0;0;0;0;0;0;0;0;0;0
118;0;596;3186400;13500;7600;3200;8000;10200;300;500;24400;900;1278900;535000;1294500;0;0;0;0;86;83;4272;151;2523;4;8;32;106;0;81797;81797;36336;1;296;0;0;0;0;0;0;0;0;0;0
119;0;600;2778600;11500;6800;2500;8400;9900;200;300;21600;900;1110900;561400;1023600;0;0;0;0;86;83;4272;151;2523;4;8;32;106;0;81797;81797;36336;1;296;0;0;0;0;0;0;0;0;0;0
120;0;603;2962300;14300;8000;2400;9000;7600;200;1000;21400;2000;1299100;546800;1037700;0;0;0;0;86;83;4272;151;2523;4;8;32;106;0;81797;81797;36336;1;296;0;0;0;0;0;0;0;0;0;0
121;0;606;3960600;13400;6900;2200;7700;8500;200;600;21200;1200;1390200;536400;1955800;0;0;0;0;86;83;4272;151;2523;4;8;32;106;0;81797;81797;36336;1;296;0;0;0;0;0;0;0;0;0;0
122;0;610;2783100;10400;6400;2300;6700;7000;300;600;21100;1100;1096700;432900;1189300;0;0;0;0;86;83;4272;151;2523;4;8;32;106;0;81797;81797;36336;1;296;0;0;0;0;0;0;0;0;0;0
123;0;613;3299400;10700;6900;2200;8000;9200;200;500;20600;1100;1225500;514800;1490600;0;0;0;0;86;83;4272;151;2523;4;8;32;106;0;81797;81797;36336;1;296;0;0;0;0;0;0;0;0;0;0
124;0;616;2942400;15800;13000;3400;12200;16200;400;600;38200;1600;1410900;495200;922700;0;0;0;0;86;83;4272;151;2523;4;8;32;106;0;81797;81797;36336;1;296;0;0;0;0;0;0;0;0;0;0
125;0;620;3046100;14000;6600;2500;7600;10000;200;500;21000;1500;1242800;506700;1222200;0;0;0;0;86;83;4272;151;2523;4;8;32;106;0;81797;81797;36336;1;296;0;0;0;0;0;0;0;0;0;0
126;0;623;3939700;12500;6200;2500;7300;9500;200;500;21000;1200;1352700;685600;1829500;0;0;0;0;86;83;4272;151;2523;4;8;32;106;0;81797;81797;36336;1;296;0;0;0;0;0;0;0;0;0;0
127;0;626;3034100;17100;8000;2900;8900;10200;200;400;22100;1200;1280900;461900;1207200;0;0;0;0;86;83;4272;151;2523;4;8;32;106;0;81797;81797;36336;1;296;0;0;0;0;0;0;0;0;0;0
128;0;630;3437100;11300;7300;2400;7600;9900;200;400;21600;1300;1252700;939200;1170600;0;0;0;0;86;83;4272;151;2523;4;8;32;106;0;81797;81797;36336;1;296;0;0;0;0;0;0;0;0;0;0
129;0;633;2822300;15400;8700;4300;11100;9500;300;500;37600;1200;1262000;546600;912700;0;0;0;0;86;83;4272;151;2523;4;8;32;106;0;81797;81797;36336;1;296;0;0;0;0;0;0;0;0;0;0
130;0;636;3397400;11200;6600;2300;7400;7300;200;400;21500;900;1242700;854800;1222800;0;0;0;0;86;83;4272;151;2523;4;8;32;106;0;81797;81797;36336;1;296;0;0;0;0;0;0;0;0;0;0
131;0;640;3971600;15000;7400;2900;7300;7100;200;300;22200;1100;1466200;527100;1903400;0;0;0;0;86;83;4272;151;2523;4;8;32;106;0;81797;81797;36336;1;296;0;0;0;0;0;0;0;0;0;0
132;0;643;2923900;19000;7200;2600;8000;8400;200;500;22500;1000;1230200;449900;1164100;0;0;0;0;86;83;4272;151;2523;4;8;32;106;0;81797;81797;36336;1;296;0;0;0;0;0;0;0;0;0;0
133;0;646;3164200;13000;16600;2200;7000;9800;200;500;21700;1000;1343800;630700;1103500;0;0;0;0;86;83;4272;151;2523;4;8;32;106;0;81797;81797;36336;1;296;0;0;0;0;0;0;0;0;0;0
134;0;650;3202300;27300;14300;4600;13700;15600;300;600;40200;2000;1492200;526500;1052100;0;0;0;0;86;83;4272;151;2523;4;8;32;106;0;81797;81797;36336;1;296;0;0;0;0;0;0;0;0;0;0
135;0;653;3212600;16900;9300;2900;8100;7800;200;800;23000;900;1380500;748400;1001500;0;0;0;0;86;83;4272;151;2523;4;8;32;106;0;81797;81797;36336;1;296;0;0;0;0;0;0;0;0;0;0
136;0;656;4009400;11600;7200;2300;7800;8800;200;400;21900;1100;1356800;622800;1955300;0;0;0;0;86;83;4272;151;2523;4;8;32;106;0;81797;81797;36336;1;296;0;0;0;0;0;0;0;0;0;0
137;0;660;2950400;12600;8600;2400;8300;8900;300;1300;21200;1700;1258200;444800;1165200;0;0;0;0;86;83;4272;151;2523;4;8;32;106;0;81797;81797;36336;1;296;0;0;0;0;0;0;0;0;0;0
138;0;663;2885000;16600;10500;3700;10500;15900;300;600;27100;1400;1309600;562600;888100;0;0;0;0;86;83;4272;151;2523;4;8;32;106;0;81797;81797;36336;1;296;0;0;0;0;0;0;0;0;0;0
139;0;666;2777000;10000;6400;3000;7200;6800;200;500;20300;1500;1213900;511000;979500;0;0;0;0;86;83;4272;151;2523;4;8;32;106;0;81797;81797;36336;1;296;0;0;0;0;0;0;0;0;0;0
140;0;670;2826300;11300;6100;2400;7700;7300;200;600;21100;1000;1126800;581700;1042000;0;0;0;0;86;83;4272;151;2523;4;8;32;106;0;81797;81797;36336;1;296;0;0;0;0;0;0;0;0;0;0
141;0;673;3254900;11800;7500;2400;7300;8100;200;400;20900;1000;1277100;523000;1382500;0;0;0;0;86;83;4272;151;2523;4;8;32;106;0;81797;81797;36336;1;296;0;0;0;0;0;0;0;0;0;0
142;0;676;2672700;12100;7300;4000;16100;13400;200;900;32700;1200;1066700;434100;1072800;0;0;0;0;86;83;4272;151;2523;4;8;32;106;0;81797;81797;36336;1;296;0;0;0;0;0;0;0;0;0;0
143;0;680;3652700;8500;6200;2200;6700;6700;200;800;20200;800;1236000;540700;1807100;0;0;0;0;86;83;4272;151;2523;4;8;32;106;0;81797;81797;36336;1;296;0;0;0;0;0;0;0;0;0;0
144;0;683;2837800;16700;10000;2600;8000;10000;200;700;21800;900;1230900;528700;992300;0;0;0;0;86;83;4272;151;2523;4;8;32;106;0;81797;81797;36336;1;296;0;0;0;0;0;0;0;0;0;0
145;0;686;2866800;9600;6500;2400;7700;6700;200;400;20900;1200;1217700;515000;1065700;0;0;0;0;86;83;4272;151;2523;4;8;32;106;0;81797;81797;36336;1;296;0;0;0;0;0;0;0;0;0;0
146;0;690;3023200;21600;8600;3100;7700;8700;200;700;22400;1300;1268100;551700;1106200;0;0;0;0;86;83;4272;151;2523;4;8;32;106;0;81797;81797;36336;1;296;0;0;0;0;0;0;0;0;0;0
147;0;693;3819400;17600;8600;2400;8700;10200;200;700;21600;900;1415000;548100;1767800;0;0;0;0;86;83;4272;151;2523;4;8;32;106;0;81797;81797;36336;1;296;0;0;0;0;0;0;0;0;0;0
148;0;696;3321500;13300;7000;2800;7700;10000;300;500;21600;1300;1199000;585300;1454000;0;0;0;0;86;83;4272;151;2523;4;8;32;106;0;81797;81797;36336;1;296;0;0;0;0;0;0;0;0;0;0
149;0;700;2878100;14800;9200;4800;11200;11100;400;500;31500;1400;1317200;537800;925100;0;0;0;0;86;83;4272;151;2523;4;8;32;106;0;81797;81797;36336;1;296;0;0;0;0;0;0;0;0;0;0
150;0;703;2731100;13000;6900;2400;8200;7500;300;500;21000;1300;1173600;558400;921900;0;0;0;0;86;83;4272;151;2523;4;8;32;106;0;81797;81797;36336;1;296;0;0;0;0;0;0;0;0;0;0
151;0;706;2987500;10800;5000;3200;6900;7800;200;900;20700;1000;1196400;542500;1176500;0;0;0;0;86;83;4272;151;2523;4;8;32;106;0;81797;81797;36336;1;296;0;0;0;0;0;0;0;0;0;0
152;0;710;2880400;11400;7000;2300;7500;8500;300;700;21200;900;1312700;503900;993600;0;0;0;0;86;83;4272;151;2523;4;8;32;106;0;81797;81797;36336;1;296;0;0;0;0;0;0;0;0;0;0
153;0;713;4625900;13000;7200;2300;7600;9000;100;800;21600;1200;1421600;627400;2481800;0;0;0;0;86;83;4272;151;2523;4;8;32;106;0;81797;81797;36336;1;296;0;0;0;0;0;0;0;0;0;0
154;0;716;3278800;19700;45100;3600;11700;10300;400;700;37700;1300;1357500;843600;934500;0;0;0;0;86;83;4272;151;2523;4;8;32;106;0;81797;81797;36336;1;296;0;0;0;0;0;0;0;0;0;0
155;0;720;2777500;13300;7000;2400;7800;10000;200;400;24800;1200;1150600;520300;1028900;0;0;0;0;86;83;4272;151;2523;4;8;32;106;0;81797;81797;36336;1;296;0;0;0;0;0;0;0;0;0;0
156;0;723;2962700;10800;5700;2500;7500;7100;200;400;21600;1200;1172900;551900;1167600;0;0;0;0;86;83;4272;151;2523;4;8;32;106;0;81797;81797;36336;1;296;0;0;0;0;0;0;0;0;0;0
157;0;726;4431900;12000;7400;2400;7400;9000;200;500;20700;1200;1272300;665300;2421400;0;0;0;0;86;83;4272;151;2523;4;8;32;106;0;81797;81797;36336;1;296;0;0;0;0;0;0;0;0;0;0
158;0;730;3499300;15400;10200;3600;10800;15000;400;500;36100;1400;1408500;873700;1110300;0;0;0;0;86;83;4272;151;2523;4;8;32;106;0;81797;81797;36336;1;296;0;0;0;0;0;0;0;0;0;0
159;0;733;2832200;12400;8900;3600;10700;10000;400;700;37400;1500;1185200;573700;976300;0;0;0;0;86;83;4272;151;2523;4;8;32;106;0;81797;81797;36336;1;296;0;0;0;0;0;0;0;0;0;0
160;0;736;3007900;10900;6600;2600;8400;8700;200;400;22100;900;1152900;666300;1107700;0;0;0;0;86;83;4272;151;2523;4;8;32;106;0;81797;81797;36336;1;296;0;0;0;0;0;0;0;0;0;0
161;0;740;3473200;11400;9200;3500;11200;11000;300;500;36400;1600;1390300;812000;1175000;0;0;0;0;86;83;4272;151;2523;4;8;32;106;0;81797;81797;36336;1;296;0;0;0;0;0;0;0;0;0;0
162;0;743;3415000;14000;7800;2400;7800;8600;200;600;22100;1000;1201600;598500;1528500;0;0;0;0;86;83;4272;151;2523;4;8;32;106;0;81797;81797;36336;1;296;0;0;0;0;0;0;0;0;0;0
163;0;746;3073200;16400;7900;3600;8900;9800;300;300;21500;800;1256500;545000;1192400;0;0;0;0;86;83;4272;151;2523;4;8;32;106;0;81797;81797;36336;1;296;0;0;0;0;0;0;0;0;0;0
164;0;750;2874900;15900;7500;2300;8900;10200;200;800;22500;1100;1290300;572400;933600;0;0;0;0;86;83;4272;151;2523;4;8;32;106;0;81797;81797;36336;1;296;0;0;0;0;0;0;0;0;0;0
165;0;753;2782000;10300;6600;2200;7300;7300;200;500;20900;1000;1206300;496000;1013600;0;0;0;0;86;83;4272;151;2523;4;8;32;106;0;81797;81797;36336;1;296;0;0;0;0;0;0;0;0;0;0
166;0;756;3100700;9600;5700;2300;7000;8300;200;500;22700;1100;1146000;513100;1374100;0;0;0;0;86;83;4272;151;2523;4;8;32;106;0;81797;81797;36336;1;296;0;0;0;0;0;0;0;0;0;0
167;0;760;3428200;14800;7300;2500;7500;8600;200;300;23600;1100;1231900;483700;1629300;0;0;0;0;86;83;4272;151;2523;4;8;32;106;0;81797;81797;36336;1;296;0;0;0;0;0;0;0;0;0;0
168;0;763;3000600;19400;6600;2300;8400;9800;300;500;21900;1100;1217600;483500;1220200;0;0;0;0;86;83;4272;151;2523;4;8;32;106;0;81797;81797;36336;1;296;0;0;0;0;0;0;0;0;0;0
169;0;766;2882800;12200;7500;2200;7900;8500;200;800;22400;700;1307700;567300;935200;0;0;0;0;86;83;4272;151;2523;4;8;32;106;0;81797;81797;36336;1;296;0;0;0;0;0;0;0;0;0;0
170;0;770;2796500;10900;6200;2400;7600;7800;200;500;22300;1100;1204800;497100;1026200;0;0;0;0;86;83;4272;151;2523;4;8;32;106;0;81797;81797;36336;1;296;0;0;0;0;0;0;0;0;0;0
171;0;773;2733000;9800;6000;2700;6900;8800;200;500;22300;1000;1147200;483000;1036200;0;0;0;0;86;83;4272;151;2523;4;8;32;106;0;81797;81797;36336;1;296;0;0;0;0;0;0;0;0;0;0
172;0;776;2968300;10300;6300;2600;6700;8000;200;600;21300;1100;1083800;498200;1321900;0;0;0;0;86;83;4272;151;2523;4;8;32;106;0;81797;81797;36336;1;296;0;0;0;0;0;0;0;0;0;0
173;0;780;3799400;19000;9000;3900;8000;10600;200;700;22200;900;1228800;505300;1966700;0;0;0;0;86;83;4272;151;2523;4;8;32;106;0;81797;81797;36336;1;296;0;0;0;0;0;0;0;0;0;0
174;0;783;2921300;15300;8100;2600;7500;8000;200;300;43500;1900;1217300;505600;1100500;0;0;0;0;86;83;4272;151;2523;4;8;32;106;0;81797;81797;36336;1;296;0;0;0;0;0;0;0;0;0;0
175;0;786;2810200;11300;5800;3100;7100;8700;100;400;30500;1000;1236000;516100;980900;0;0;0;0;86;83;4272;151;2523;4;8;32;106;0;81797;81797;36336;1;296;0;0;0;0;0;0;0;0;0;0
176;0;790;2746900;10600;6100;2400;6900;7700;200;400;20800;900;1143700;506700;1031700;0;0;0;0;86;83;4272;151;2523;4;8;32;106;0;81797;81797;36336;1;296;0;0;0;0;0;0;0;0;0;0
177;0;793;2904600;9700;5500;2500;8200;7100;200;400;20900;1100;1192600;516800;1130200;0;0;0;0;86;83;4272;151;2523;4;8;32;106;0;81797;81797;36336;1;296;0;0;0;0;0;0;0;0;0;0
178;0;796;3959700;15200;9100;2300;8600;9800;100;500;21800;1200;1275600;462600;2134000;0;0;0;0;86;83;4272;151;2523;4;8;32;106;0;81797;81797;36336;1;296;0;0;0;0;0;0;0;0;0;0
179;0;800;2866400;18700;8800;3100;7900;9700;200;400;21300;1100;1247100;578100;956600;0;0;0;0;86;83;4272;151;2523;4;8;32;106;0;81797;81797;36336;1;296;0;0;0;0;0;0;0;0;0;0
180;0;803;2802300;11200;6300;2500;7000;7900;300;400;20700;1200;1219500;500200;1016500;0;0;0;0;86;83;4272;151;2523;4;8;32;106;0;81797;81797;36336;1;296;0;0;0;0;0;0;0;0;0;0
181;0;806;2788800;10300;5700;2400;7900;7300;200;400;20400;2100;1210700;498400;1013100;0;0;0;0;86;83;4272;151;2523;4;8;32;106;0;81797;81797;36336;1;296;0;0;0;0;0;0;0;0;0;0
182;0;810;2735400;10300;6000;2300;7400;8600;100;400;20700;1100;1150200;481900;1038800;0;0;0;0;86;83;4272;151;2523;4;8;32;106;0;81797;81797;36336;1;296;0;0;0;0;0;0;0;0;0;0
183;0;813;3305000;9700;6100;2900;7500;7300;200;400;20800;800;1149500;507200;1584400;0;0;0;0;86;83;4272;151;2523;4;8;32;106;0;81797;81797;36336;1;296;0;0;0;0;0;0;0;0;0;0
184;0;816;3415900;44700;20100;4900;17600;28100;200;900;33100;2900;1221200;677000;1346000;0;0;0;0;86;83;4272;151;2523;4;8;32;106;0;81797;81797;36336;1;296;0;0;0;0;0;0;0;0;0;0
185;0;820;3252800;15400;8500;3200;6900;7800;200;500;22000;900;1342500;739700;1095000;0;0;0;0;86;83;4272;151;2523;4;8;32;106;0;81797;81797;36336;1;296;0;0;0;0;0;0;0;0;0;0
186;0;823;2943400;15300;5800;2800;6900;9500;200;500;21600;1200;1272900;482500;1114300;0;0;0;0;86;83;4272;151;2523;4;8;32;106;0;81797;81797;36336;1;296;0;0;0;0;0;0;0;0;0;0
187;0;826;2894900;10300;6000;2300;8400;8500;200;600;21300;1000;1195300;494300;1126300;0;0;0;0;86;83;4272;151;2523;4;8;32;106;0;81797;81797;36336;1;296;0;0;0;0;0;0;0;0;0;0
188;0;830;3020200;12400;7200;2900;6900;7700;200;300;20500;900;1202000;485300;1259900;0;0;0;0;86;83;4272;151;2523;4;8;32;106;0;81797;81797;36336;1;296;0;0;0;0;0;0;0;0;0;0
189;0;833;3704000;20100;10700;4000;14100;19600;300;1200;38200;5100;1263700;608800;1703400;0;0;0;0;86;83;4272;151;2523;4;8;32;106;0;81797;81797;36336;1;296;0;0;0;0;0;0;0;0;0;0
190;0;836;3042100;15100;6900;3000;7000;7200;300;300;20400;800;1207300;471600;1293200;0;0;0;0;86;83;4272;151;2523;4;8;32;106;0;81797;81797;36336;1;296;0;0;0;0;0;0;0;0;0;0
191;0;840;2882400;11200;6900;2300;7300;8600;200;400;22500;1100;1270600;472400;1069100;0;0;0;0;86;83;4272;151;2523;4;8;32;106;0;81797;81797;36336;1;296;0;0;0;0;0;0;0;0;0;0
192;0;843;2704700;25900;6300;2200;6800;8000;200;400;22000;1000;1266400;492800;865000;0;0;0;0;86;83;4272;151;2523;4;8;32;106;0;81797;81797;36336;1;296;0;0;0;0;0;0;0;0;0;0
193;0;846;2717500;9200;5800;2300;6900;6700;200;600;20900;700;1132500;507700;1015500;0;0;0;0;86;83;4272;151;2523;4;8;32;106;0;81797;81797;36336;1;296;0;0;0;0;0;0;0;0;0;0
194;0;850;4073300;13500;8800;2900;9900;9400;100;500;22000;1300;1281900;837400;1872700;0;0;0;0;86;83;4272;151;2523;4;8;32;106;0;81797;81797;36336;1;296;0;0;0;0;0;0;0;0;0;0
195;0;853;3101800;12900;9800;3500;10000;10100;400;600;36200;1800;1230500;813300;930900;0;0;0;0;86;83;4272;151;2523;4;8;32;106;0;81797;81797;36336;1;296;0;0;0;0;0;0;0;0;0;0
196;0;856;2708700;11800;7700;3100;8100;8800;200;700;21800;900;1146700;525100;956800;0;0;0;0;86;83;4272;151;2523;4;8;32;106;0;81797;81797;36336;1;296;0;0;0;0;0;0;0;0;0;0
197;0;860;2801000;10000;7200;2300;7600;8600;200;300;20900;1100;1166500;499800;1063000;0;0;0;0;86;83;4272;151;2523;4;8;32;106;0;81797;81797;36336;1;296;0;0;0;0;0;0;0;0;0;0
198;0;863;2719800;12500;7000;2500;7800;9300;200;400;20700;900;1149000;490700;1008800;0;0;0;0;86;83;4272;151;2523;4;8;32;106;0;81797;81797;36336;1;296;0;0;0;0;0;0;0;0;0;0
199;0;866;2911900;10200;5900;2600;7800;7400;200;400;21500;900;1104400;599700;1133900;0;0;0;0;86;83;4272;151;2523;4;8;32;106;0;81797;81797;36336;1;296;0;0;0;0;0;0;0;0;0;0
200;0;870;3504500;15300;7200;2400;8400;9000;200;400;22700;900;1205300;451800;1764100;0;0;0;0;86;83;4272;151;2523;4;8;32;106;0;81797;81797;36336;1;296;0;0;0;0;0;0;0;0;0;0
201;0;873;2998300;14900;11100;2400;8100;9300;300;500;21400;1100;1259300;449500;1206300;0;0;0;0;86;83;4272;151;2523;4;8;32;106;0;81797;81797;36336;1;296;0;0;0;0;0;0;0;0;0;0
202;0;876;2775200;10800;6800;2500;7500;8200;200;800;20900;1000;1224200;521600;959300;0;0;0;0;86;83;4272;151;2523;4;8;32;106;0;81797;81797;36336;1;296;0;0;0;0;0;0;0;0;0;0
203;0;880;2755800;10300;6100;2400;8200;7700;200;300;21100;1400;1193500;484500;1011700;0;0;0;0;86;83;4272;151;2523;4;8;32;106;0;81797;81797;36336;1;296;0;0;0;0;0;0;0;0;0;0
204;0;883;3123100;8900;5700;2800;7000;7000;200;300;22400;1400;1197600;504800;1354500;0;0;0;0;86;83;4272;151;2523;4;8;32;106;0;81797;81797;36336;1;296;0;0;0;0;0;0;0;0;0;0
205;0;886;3977700;30800;12700;4600;13500;16400;300;700;40000;2700;1422500;878300;1535000;0;0;0;0;86;83;4272;151;2523;4;8;32;106;0;81797;81797;36336;1;296;0;0;0;0;0;0;0;0;0;0
206;0;890;2750200;12000;6200;2400;7400;8500;200;500;20800;900;1154300;564500;952800;0;0;0;0;86;83;4272;151;2523;4;8;32;106;0;81797;81797;36336;1;296;0;0;0;0;0;0;0;0;0;0
207;0;893;2808000;11200;6400;2300;7300;9100;200;500;21400;1200;1237400;519300;979800;0;0;0;0;86;83;4272;151;2523;4;8;32;106;0;81797;81797;36336;1;296;0;0;0;0;0;0;0;0;0;0
208;0;896;2852600;10500;6400;2300;8400;8300;200;600;20400;1100;1147100;521000;1116700;0;0;0;0;86;83;4272;151;2523;4;8;32;106;0;81797;81797;36336;1;296;0;0;0;0;0;0;0;0;0;0
209;0;900;2775200;10000;6500;2800;12800;8600;200;600;22200;1100;1175600;497000;1028100;0;0;0;0;86;83;4272;151;2523;4;8;32;106;0;81797;81797;36336;1;296;0;0;0;0;0;0;0;0;0;0
210;0;903;3294100;10600;6000;2200;7400;7200;200;500;21000;800;1364800;553200;1308400;0;0;0;0;86;83;4272;151;2523;4;8;32;106;0;81797;81797;36336;1;296;0;0;0;0;0;0;0;0;0;0
211;0;906;2729700;11000;5700;3500;10400;16600;100;400;25100;900;1044800;467700;1131800;0;0;0;0;86;83;4272;151;2523;4;8;32;106;0;81797;81797;36336;1;296;0;0;0;0;0;0;0;0;0;0
212;0;910;3080000;10700;5500;2400;7000;7600;200;500;20400;1900;1357500;441000;1212700;0;0;0;0;86;83;4272;151;2523;4;8;32;106;0;81797;81797;36336;1;296;0;0;0;0;0;0;0;0;0;0
213;0;913;2811500;10700;6300;2300;7500;8300;100;500;21200;2000;1264300;549000;923100;0;0;0;0;86;83;4272;151;2523;4;8;32;106;0;81797;81797;36336;1;296;0;0;0;0;0;0;0;0;0;0
214;0;916;2786300;9700;6400;2400;7300;6900;200;400;21800;900;1215500;497200;1007800;0;0;0;0;86;83;4272;151;2523;4;8;32;106;0;81797;81797;36336;1;296;0;0;0;0;0;0;0;0;0;0
215;0;920;2998000;9600;6100;2400;6800;6800;100;500;21600;900;1136000;552500;1241300;0;0;0;0;86;83;4272;151;2523;4;8;32;106;0;81797;81797;36336;1;296;0;0;0;0;0;0;0;0;0;0
216;0;923;3629800;14500;7600;2700;7200;8800;200;300;22600;1100;1320100;552300;1680900;0;0;0;0;86;83;4272;151;2523;4;8;32;106;0;81797;81797;36336;1;296;0;0;0;0;0;0;0;0;0;0
217;0;926;2779300;14100;8000;2700;9500;10100;200;400;21200;1100;1189800;570400;931300;0;0;0;0;86;83;4272;151;2523;4;8;32;106;0;81797;81797;36336;1;296;0;0;0;0;0;0;0;0;0;0
218;0;930;2744900;11300;6100;2200;7000;9800;300;300;20800;1000;1224300;514500;927300;0;0;0;0;86;83;4272;151;2523;4;8;32;106;0;81797;81797;36336;1;296;0;0;0;0;0;0;0;0;0;0
219;0;933;2787200;11900;6900;2400;6600;7600;200;400;21100;1500;1197900;491500;1028700;0;0;0;0;86;83;4272;151;2523;4;8;32;106;0;81797;81797;36336;1;296;0;0;0;0;0;0;0;0;0;0
220;0;936;3208800;9800;5700;2300;6600;7600;200;500;21800;800;1122900;530400;1490700;0;0;0;0;86;83;4272;151;2523;4;8;32;106;0;81797;81797;36336;1;296;0;0;0;0;0;0;0;0;0;0
221;0;940;3418300;15700;10000;4000;11700;12000;300;700;36800;1700;1253800;804200;1255500;0;0;0;0;86;83;4272;151;2523;4;8;32;106;0;81797;81797;36336;1;296;0;0;0;0;0;0;0;0;0;0
222;0;943;2693500;14500;12000;5000;12700;10500;200;500;20600;1400;1015900;503500;1086500;0;0;0;0;86;83;4272;151;2523;4;8;32;106;0;81797;81797;36336;1;296;0;0;0;0;0;0;0;0;0;0
223;0;946;3165100;54900;5300;2900;6900;10000;200;400;20400;900;1289000;452100;1312600;0;0;0;0;86;83;4272;151;2523;4;8;32;106;0;81797;81797;36336;1;296;0;0;0;0;0;0;0;0;0;0
224;0;950;2817200;14200;6400;2500;7400;12800;200;400;20500;1200;1261200;580800;901000;0;0;0;0;86;83;4272;151;2523;4;8;32;106;0;81797;81797;36336;1;296;0;0;0;0;0;0;0;0;0;0
225;0;953;3471700;9600;7000;2200;6800;7400;100;400;20700;1100;1168700;492500;1745300;0;0;0;0;86;83;4272;151;2523;4;8;32;106;0;81797;81797;36336;1;296;0;0;0;0;0;0;0;0;0;0
226;0;956;3218600;16000;10500;4600;11500;15500;400;500;38300;1500;1327800;797000;982800;0;0;0;0;86;83;4272;151;2523;4;8;32;106;0;81797;81797;36336;1;296;0;0;0;0;0;0;0;0;0;0
227;0;960;3652800;12500;7900;2600;8500;7900;200;300;22400;1600;1327600;597200;1652200;0;0;0;0;86;83;4272;151;2523;4;8;32;106;0;81797;81797;36336;1;296;0;0;0;0;0;0;0;0;0;0
228;0;963;2788400;13000;7100;2700;7700;9000;200;400;22200;1400;1228800;535400;940400;0;0;0;0;86;83;4272;151;2523;4;8;32;106;0;81797;81797;36336;1;296;0;0;0;0;0;0;0;0;0;0
229;0;966;2805500;11200;6600;3200;8400;8400;200;400;21500;900;1215100;527000;992200;0;0;0;0;86;83;4272;151;2523;4;8;32;106;0;81797;81797;36336;1;296;0;0;0;0;0;0;0;0;0;0
230;0;970;2980000;10300;6100;2400;8800;7700;200;400;20400;800;1204900;630200;1075800;0;0;0;0;86;83;4272;151;2523;4;8;32;106;0;81797;81797;36336;1;296;0;0;0;0;0;0;0;0;0;0
231;0;973;2774700;21600;6500;2800;7700;8900;200;500;22000;1500;1176700;544300;964800;0;0;0;0;86;83;4272;151;2523;4;8;32;106;0;81797;81797;36336;1;296;0;0;0;0;0;0;0;0;0;0
232;0;976;2817300;9800;6600;2200;7900;8500;200;400;21700;900;1106100;534200;1106900;0;0;0;0;86;83;4272;151;2523;4;8;32;106;0;81797;81797;36336;1;296;0;0;0;0;0;0;0;0;0;0
233;0;980;3429000;11800;6500;2200;8500;10500;200;500;22400;1100;1253800;478300;1606500;0;0;0;0;86;83;4272;151;2523;4;8;32;106;0;81797;81797;36336;1;296;0;0;0;0;0;0;0;0;0;0
234;0;983;2982200;16200;10400;3000;8100;8600;200;700;20800;1700;1221900;459300;1217400;0;0;0;0;86;83;4272;151;2523;4;8;32;106;0;81797;81797;36336;1;296;0;0;0;0;0;0;0;0;0;0
235;0;986;3306100;11300;6500;2400;7400;8600;100;300;32400;1000;1228300;539800;1447000;0;0;0;0;86;83;4272;151;2523;4;8;32;106;0;81797;81797;36336;1;296;0;0;0;0;0;0;0;0;0;0
236;0;990;3117600;17000;10000;3300;10600;16800;500;600;37500;1600;1318900;563700;1123600;0;0;0;0;86;83;4272;151;2523;4;8;32;106;0;81797;81797;36336;1;296;0;0;0;0;0;0;0;0;0;0
237;0;993;3612100;17700;8800;2800;9300;10500;400;600;32200;1700;1524400;650700;1338800;0;0;0;0;86;83;4272;151;2523;4;8;32;106;0;81797;81797;36336;1;296;0;0;0;0;0;0;0;0;0;0
238;0;996;3942700;16100;9900;3500;11100;9700;400;400;36400;1700;1315100;693100;1818700;0;0;0;0;86;83;4272;151;2523;4;8;32;106;0;81797;81797;36336;1;296;0;0;0;0;0;0;0;0;0;0
239;0;1000;3614000;15500;9500;3500;10600;9700;400;500;35500;1400;1515500;823700;1175700;0;0;0;0;86;83;4272;151;2523;4;8;32;106;0;81797;81797;36336;1;296;0;0;0;0;0;0;0;0;0;0
240;0;1003;3546800;16400;9800;3300;9500;11200;300;600;33800;3100;1525100;758100;1159200;0;0;0;0;86;83;4272;151;2523;4;8;32;106;0;81797;81797;36336;1;296;0;0;0;0;0;0;0;0;0;0
241;0;1006;3117500;16200;7700;3100;7600;8500;200;400;20900;900;1325100;566100;1147600;0;0;0;0;86;83;4272;151;2523;4;8;32;106;0;81797;81797;36336;1;296;0;0;0;0;0;0;0;0;0;0
242;0;1010;3903400;13100;7400;2300;7500;9200;200;400;22400;1000;1392200;836900;1597200;0;0;0;0;86;83;4272;151;2523;4;8;32;106;0;81797;81797;36336;1;296;0;0;0;0;0;0;0;0;0;0
243;0;1013;3191300;42300;18400;5200;18300;20300;300;300;29500;1800;1193200;456000;1388500;0;0;0;0;86;83;4272;151;2523;4;8;32;106;0;81797;81797;36336;1;296;0;0;0;0;0;0;0;0;0;0
244;0;1016;3517300;16000;9700;3000;8200;8700;200;1200;21000;800;1225400;690900;1452400;0;0;0;0;86;83;4272;151;2523;4;8;32;106;0;81797;81797;36336;1;296;0;0;0;0;0;0;0;0;0;0
245;0;1020;3280100;18300;9900;4000;11900;11400;300;600;41700;1400;1484000;597100;1085700;0;0;0;0;86;83;4272;151;2523;4;8;32;106;0;81797;81797;36336;1;296;0;0;0;0;0;0;0;0;0;0
246;0;1023;2900500;12500;6200;3000;7400;8100;300;500;22900;900;1188700;550600;1080700;0;0;0;0;86;83;4272;151;2523;4;8;32;106;0;81797;81797;36336;1;296;0;0;0;0;0;0;0;0;0;0
247;0;1026;3695900;11600;6600;2900;7300;18500;200;500;22100;1000;1259000;814700;1541200;0;0;0;0;86;83;4272;151;2523;4;8;32;106;0;81797;81797;36336;1;296;0;0;0;0;0;0;0;0;0;0
248;0;1030;3015600;25500;14500;4300;22000;22300;400;900;22700;1800;1122600;442900;1321800;0;0;0;0;86;83;4272;151;2523;4;8;32;106;0;81797;81797;36336;1;296;0;0;0;0;0;0;0;0;0;0
249;0;1033;3405400;13900;8100;2400;7700;11100;200;500;21200;1300;1446300;867100;1015900;0;0;0;0;86;83;4272;151;2523;4;8;32;106;0;81797;81797;36336;1;296;0;0;0;0;0;0;0;0;0;0
250;0;1036;2937900;13200;7600;2200;7400;7500;200;300;22000;800;1229500;555100;1080300;0;0;0;0;86;83;4272;151;2523;4;8;32;106;0;81797;81797;36336;1;296;0;0;0;0;0;0;0;0;0;0
251;0;1040;3275400;12800;6000;2700;8000;7600;200;1000;22700;900;1127900;600600;1467900;0;0;0;0;86;83;4272;151;2523;4;8;32;106;0;81797;81797;36336;1;296;0;0;0;0;0;0;0;0;0;0
252;0;1043;3160600;15800;9500;3000;8800;11100;200;600;24300;2000;1347600;611700;1113500;0;0;0;0;86;83;4272;151;2523;4;8;32;106;0;81797;81797;36336;1;296;0;0;0;0;0;0;0;0;0;0
253;0;1046;2868200;35400;8900;3400;14700;20300;200;1200;26500;1100;1133900;462600;1146200;0;0;0;0;86;83;4272;151;2523;4;8;32;106;0;81797;81797;36336;1;296;0;0;0;0;0;0;0;0;0;0
254;0;1050;4146000;10200;6200;2100;7700;7600;200;400;65400;800;1231600;869700;1929500;0;0;0;0;86;83;4272;151;2523;4;8;32;106;0;81797;81797;36336;1;296;0;0;0;0;0;0;0;0;0;0
255;0;1053;3362800;19300;9900;3700;9100;8400;200;400;22300;900;1428900;681200;1161900;0;0;0;0;86;83;4272;151;2523;4;8;32;106;0;81797;81797;36336;1;296;0;0;0;0;0;0;0;0;0;0
256;0;1056;2887900;14100;6900;2800;7500;7900;300;400;21700;1000;1185600;619200;1010100;0;0;0;0;86;83;4272;151;2523;4;8;32;106;0;81797;81797;36336;1;296;0;0;0;0;0;0;0;0;0;0
257;0;1060;3276800;12200;7000;2700;9100;10200;200;1200;23300;1600;1247300;634200;1306700;0;0;0;0;86;83;4272;151;2523;4;8;32;106;0;81797;81797;36336;1;296;0;0;0;0;0;0;0;0;0;0
258;0;1063;3874300;15900;7900;2700;8500;9500;200;400;22300;1300;1134600;479500;2180400;0;0;0;0;86;83;4272;151;2523;4;8;32;106;0;81797;81797;36336;1;296;0;0;0;0;0;0;0;0;0;0
259;0;1066;3113800;15100;40100;3000;10100;12300;300;500;23400;1100;1176300;558600;1260600;0;0;0;0;86;83;4272;151;2523;4;8;32;106;0;81797;81797;36336;1;296;0;0;0;0;0;0;0;0;0;0
260;0;1070;2964000;12700;8100;2900;8900;8700;200;300;25100;1200;1268200;525900;1091200;0;0;0;0;86;83;4272;151;2523;4;8;32;106;0;81797;81797;36336;1;296;0;0;0;0;0;0;0;0;0;0
261;0;1073;3589500;16000;10700;3000;15500;10500;400;600;37400;1700;1253600;868100;1361300;0;0;0;0;86;83;4272;151;2523;4;8;32;106;0;81797;81797;36336;1;296;0;0;0;0;0;0;0;0;0;0
262;0;1076;3414700;16500;10800;3900;11800;11600;300;600;36600;1800;1411700;598900;1296100;0;0;0;0;86;83;4272;151;2523;4;8;32;106;0;81797;81797;36336;1;296;0;0;0;0;0;0;0;0;0;0
263;0;1080;3991500;17700;9600;2400;8000;8800;200;300;21100;900;1247100;781500;1876600;0;0;0;0;86;83;4272;151;2523;4;8;32;106;0;81797;81797;36336;1;296;0;0;0;0;0;0;0;0;0;0
264;0;1083;2936500;13100;7700;2400;37600;7500;300;400;22000;900;1250700;566800;1001000;0;0;0;0;86;83;4272;151;2523;4;8;32;106;0;81797;81797;36336;1;296;0;0;0;0;0;0;0;0;0;0
265;0;1086;2819200;12400;6500;2400;8100;8900;200;300;21200;1000;1195100;515200;1039000;0;0;0;0;86;83;4272;151;2523;4;8;32;106;0;81797;81797;36336;1;296;0;0;0;0;0;0;0;0;0;0
266;0;1090;2786800;9600;6600;2400;6800;7000;200;400;20300;1200;1207900;511200;1004000;0;0;0;0;86;83;4272;151;2523;4;8;32;106;0;81797;81797;36336;1;296;0;0;0;0;0;0;0;0;0;0
267;0;1093;2902800;10500;6300;2400;6500;7300;200;500;21300;1600;1160700;488600;1188100;0;0;0;0;86;83;4272;151;2523;4;8;32;106;0;81797;81797;36336;1;296;0;0;0;0;0;0;0;0;0;0
268;0;1096;3480300;11700;6100;2300;8100;8300;300;400;20500;1100;1058500;534100;1820100;0;0;0;0;86;83;4272;151;2523;4;8;32;106;0;81797;81797;36336;1;296;0;0;0;0;0;0;0;0;0;0
269;0;1100;2919600;10600;6800;2200;7100;7200;200;300;19800;900;1186100;454700;1215900;0;0;0;0;86;83;4272;151;2523;4;8;32;106;0;81797;81797;36336;1;296;0;0;0;0;0;0;0;0;0;0
270;0;1103;2808400;14200;23900;6200;9700;9500;200;1200;21300;900;1233400;548000;921400;0;0;0;0;86;83;4272;151;2523;4;8;32;106;0;81797;81797;36336;1;296;0;0;0;0;0;0;0;0;0;0
271;0;1106;2775200;9700;5800;2300;6700;9700;200;500;21700;1500;1188800;502900;1016600;0;0;0;0;86;83;4272;151;2523;4;8;32;106;0;81797;81797;36336;1;296;0;0;0;0;0;0;0;0;0;0
272;0;1110;2756000;9700;5700;2400;7400;7700;200;400;21600;1000;1182200;499700;1009500;0;0;0;0;86;83;4272;151;2523;4;8;32;106;0;81797;81797;36336;1;296;0;0;0;0;0;0;0;0;0;0
273;0;1113;3452500;8300;5800;2100;6900;8300;300;500;21100;800;1215300;528400;1643500;0;0;0;0;86;83;4272;151;2523;4;8;32;106;0;81797;81797;36336;1;296;0;0;0;0;0;0;0;0;0;0
274;0;1116;2795600;30100;13200;5700;15800;18100;300;400;27500;1200;1039600;450500;1178900;0;0;0;0;86;83;4272;151;2523;4;8;32;106;0;81797;81797;36336;1;296;0;0;0;0;0;0;0;0;0;0
275;0;1120;3043500;28800;7700;2500;8300;8100;200;1100;20500;1000;1328300;528100;1099400;0;0;0;0;86;83;4272;151;2523;4;8;32;106;0;81797;81797;36336;1;296;0;0;0;0;0;0;0;0;0;0
276;0;1123;2883900;17400;7300;2700;8600;10300;200;500;22100;1200;1313600;539700;940200;0;0;0;0;86;83;4272;151;2523;4;8;32;106;0;81797;81797;36336;1;296;0;0;0;0;0;0;0;0;0;0
277;0;1126;2753400;11300;5800;2100;7900;6700;200;300;21300;1200;1138900;501000;1046600;0;0;0;0;86;83;4272;151;2523;4;8;32;106;0;81797;81797;36336;1;296;0;0;0;0;0;0;0;0;0;0
278;0;1130;2808900;9900;5800;2200;7500;6600;200;400;21700;1400;1182700;485400;1074400;0;0;0;0;86;83;4272;151;2523;4;8;32;106;0;81797;81797;36336;1;296;0;0;0;0;0;0;0;0;0;0
279;0;1133;3439800;10300;6400;2500;7300;8200;200;600;23100;1300;1091700;493100;1780500;0;0;0;0;86;83;4272;151;2523;4;8;32;106;0;81797;81797;36336;1;296;0;0;0;0;0;0;0;0;0;0
280;0;1136;2988000;25400;14700;6200;12900;17000;200;800;25800;3000;1117700;453500;1295700;0;0;0;0;86;83;4272;151;2523;4;8;32;106;0;81797;81797;36336;1;296;0;0;0;0;0;0;0;0;0;0
281;0;1140;3081000;18600;8700;2800;8500;10800;300;600;21800;1100;1337200;591100;1066300;0;0;0;0;86;83;4272;151;2523;4;8;32;106;0;81797;81797;36336;1;296;0;0;0;0;0;0;0;0;0;0
282;0;1143;3094400;12900;7000;2200;8300;9000;300;400;25000;1600;1235100;578100;1194800;0;0;0;0;86;83;4272;151;2523;4;8;32;106;0;81797;81797;36336;1;296;0;0;0;0;0;0;0;0;0;0
283;0;1146;3437400;16500;7100;2500;8300;8000;200;400;22000;1400;1262900;502600;1594000;0;0;0;0;86;83;4272;151;2523;4;8;32;106;0;81797;81797;36336;1;296;0;0;0;0;0;0;0;0;0;0
284;0;1150;3950700;21800;10100;3600;10500;12200;300;500;33100;2400;1490000;559300;1791100;0;0;0;0;86;83;4272;151;2523;4;8;32;106;0;81797;81797;36336;1;296;0;0;0;0;0;0;0;0;0;0
285;0;1153;2794300;19100;7100;2200;8900;7900;200;300;21300;900;1131800;463900;1109400;0;0;0;0;86;83;4272;151;2523;4;8;32;106;0;81797;81797;36336;1;296;0;0;0;0;0;0;0;0;0;0
286;0;1156;2875800;11100;6300;2600;7600;8800;300;400;21300;1500;1197300;466600;1140000;0;0;0;0;86;83;4272;151;2523;4;8;32;106;0;81797;81797;36336;1;296;0;0;0;0;0;0;0;0;0;0
287;0;1160;2838600;10800;6700;2400;7300;8000;100;400;21200;1100;1170600;474100;1125000;0;0;0;0;86;82;5232;631;3082;4;8;32;106;0;81797;81797;36336;481;296;0;0;0;0;0;0;0;0;0;0
288;0;1163;3423200;9200;6500;2300;6900;8900;300;300;21300;900;1223100;490000;1643100;0;0;0;0;86;82;5232;631;3082;31;22;32;106;0;81838;81838;36350;440;296;0;0;0;0;0;0;0;0;0;0
289;0;1166;3484300;16100;11400;3600;11500;11200;300;600;36800;1500;1244800;888000;1246300;0;0;0;0;86;82;5232;631;3082;87;48;32;106;0;81920;81920;36376;358;296;0;0;0;0;0;0;0;0;0;0
290;0;1170;2801000;21700;9300;4000;12200;8100;200;1000;21600;1200;1038700;523400;1149500;0;0;0;0;86;82;5232;631;3082;123;74;32;106;0;81982;81982;36402;296;296;0;0;0;0;0;0;0;0;0;0
291;0;1173;3095800;9200;6300;2400;7400;7000;300;400;20600;1200;1215600;514400;1302300;0;0;0;0;86;82;5232;631;3082;160;90;32;106;0;82035;82035;36418;243;296;0;0;0;0;0;0;0;0;0;0
292;0;1176;2856100;14300;7300;2500;8000;9100;200;500;22100;1000;1241100;538800;999200;0;0;0;0;86;82;5232;632;3082;148;90;32;106;0;82023;82023;36418;256;1256;0;0;0;0;0;0;0;0;0;0
293;0;1180;3228400;8900;6100;2300;6900;6800;300;600;20800;800;1235100;480900;1448500;0;0;0;0;86;82;5232;631;3082;159;90;32;106;0;82034;82034;36418;244;1256;0;0;0;0;0;0;0;0;0;0
294;0;1183;3457700;18200;10500;4300;10900;13500;300;500;35800;2200;1344000;780800;1223800;0;0;0;0;86;82;5232;631;3082;163;92;32;106;0;82040;82040;36420;238;1256;0;0;0;0;0;0;0;0;0;0
295;0;1186;3721100;16900;7800;2800;8500;9600;800;300;22400;900;1316700;692900;1620400;0;0;0;0;86;82;5232;631;3082;165;90;32;106;0;82040;82040;36418;238;1256;0;0;0;0;0;0;0;0;0;0
296;0;1190;2937400;14400;6600;2500;9100;9000;300;500;21700;1400;1185300;486300;1130300;0;0;0;0;86;82;5232;631;3082;161;90;32;106;0;82036;82036;36418;242;1256;0;0;0;0;0;0;0;0;0;0
297;0;1193;2842300;11900;6800;2600;7800;7700;300;500;21600;900;1198700;545800;1028100;0;0;0;0;86;82;5232;631;3082;149;92;32;106;0;82026;82026;36420;252;1256;0;0;0;0;0;0;0;0;0;0
298;0;1196;3120400;11400;6000;2300;7800;8200;300;500;21200;1100;1176000;538200;1336700;0;0;0;0;86;82;5232;631;3082;151;90;32;106;0;82026;82026;36418;252;1256;0;0;0;0;0;0;0;0;0;0
299;0;1200;2747300;15400;7200;2600;8100;10400;200;800;23200;2100;1146000;652400;866800;0;0;0;0;86;82;5232;631;3082;159;90;32;106;0;82034;82034;36418;244;1256;0;0;0;0;0;0;0;0;0;0
