# scene=solar_system_v1compat_belt.json;config=RelWithAsserts;cpu=12th Gen Intel(R) Core(TM) i7-1265U;affinity=4;ablation=none;rasterstats=1;lodstats=0;asserts_lib=1;res=1536x900;views=4;frames=300;warmup=60;overhead_ns=30;resolution_ns=100
frame;warmup;sim_millidays;frame_ns;Input_ns;Animation_ns;LocalXform1_ns;WorldXform1_ns;Cameras_ns;LocalXform2_ns;WorldXform2_ns;Trigger_ns;BuildViews_ns;Clear_ns;Render_ns;Present_ns;Entities;XformNodes;TriggerPairs;TriggerHits;MeshesTested;MeshesCulled;FacesSubmitted;TrisRasterized;VertsTransformed;TrisCov0;TrisCov1;TrisCov2to4;TrisCov5plus;TrisTightEmpty;PixelsTested;PixelsTight;PixelsCovered;TrisEarlyRejected;FacesInside;InstPx0to1;InstPx1to4;InstPx4to16;InstPx16plus;FacesPx0to1;FacesPx1to4;FacesPx4to16;FacesPx16plus;VertsInside;TrisEmittedInside
0;1;203;29680500;225700;33100;23100;30100;9600;500;500;17100;800;3438000;5440800;15486400;0;0;0;0;2580;1263;295780;139369;192954;230;261;301;534;0;30803;30803;9710;138043;277236;0;0;0;0;0;0;0;0;0;0
1;1;206;10905000;735300;43000;22700;25600;6700;300;400;13700;800;1075300;6006200;2961500;0;0;0;0;2580;1275;288012;135098;188327;228;237;283;553;0;38495;38495;13627;133797;269764;0;0;0;0;0;0;0;0;0;0
2;1;210;7817200;216600;45500;19000;30500;14200;300;400;16000;1300;821800;5511100;1124700;0;0;0;0;2580;1270;291468;137941;190374;199;170;210;601;0;42545;42545;14732;136761;273508;0;0;0;0;0;0;0;0;0;0
3;1;213;8829400;10400;37600;21200;26000;6700;400;400;14000;1000;1024500;5625400;2034100;0;0;0;0;2580;1270;288108;136587;188504;177;141;106;399;0;33756;33756;12200;135764;270916;0;0;0;0;0;0;0;0;0;0
4;1;216;8790200;32200;64800;19100;26300;24900;400;1000;26900;4300;1139500;6347300;1086100;0;0;0;0;2580;1270;290124;137434;189626;156;139;102;403;0;34365;34365;12484;136634;271876;0;0;0;0;0;0;0;0;0;0
5;1;220;8466700;10400;35500;21400;29000;7100;400;500;15600;1100;952900;5715300;1663800;0;0;0;0;2580;1273;288588;136795;188697;222;221;260;555;0;40431;40431;14440;135537;272548;0;0;0;0;0;0;0;0;0;0
6;1;223;7784200;11800;36500;18900;26400;9400;400;1000;15100;1300;979900;5801900;869100;0;0;0;0;2580;1274;288972;136571;188886;217;223;272;515;0;40286;40286;14361;135344;272932;0;0;0;0;0;0;0;0;0;0
7;1;226;9008300;10500;38100;22300;25400;7800;400;400;14800;1000;1108600;5797900;1968700;0;0;0;0;2580;1273;287916;136409;188323;199;195;224;649;0;47205;47205;16460;135142;271588;0;0;0;0;0;0;0;0;0;0
8;1;230;7956100;14800;75300;30600;52400;30500;400;1000;23800;5800;1195200;5679000;832600;0;0;0;0;2580;1278;285132;135310;186650;151;137;99;415;0;38887;38887;13822;134508;270052;0;0;0;0;0;0;0;0;0;0
9;1;233;9380000;10800;38200;23500;26100;7300;300;700;15000;1200;1109600;5644300;2482200;0;0;0;0;2580;1273;287916;136663;188323;178;136;90;421;0;40043;40043;14208;135838;272836;0;0;0;0;0;0;0;0;0;0
10;1;236;8952600;56900;103500;37200;48700;33100;600;700;36000;5500;1304600;6384500;904800;0;0;0;0;2580;1275;285996;135104;187205;182;187;207;685;0;50041;50041;17818;133843;269956;0;0;0;0;0;0;0;0;0;0
11;1;240;9214700;11100;44300;18900;25800;7700;400;400;14300;1000;1157800;5982600;1923700;0;0;0;0;2580;1273;289260;136743;189071;231;218;226;556;0;45609;45609;16289;135512;273220;0;0;0;0;0;0;0;0;0;0
12;1;243;7356000;33900;63000;22400;33600;16300;300;900;17600;1500;867100;5470200;816800;0;0;0;0;2580;1275;288012;136571;188327;234;227;198;612;0;48662;48662;17224;135300;271972;0;0;0;0;0;0;0;0;0;0
13;1;246;8875200;9500;38300;18600;25900;7300;300;600;13500;900;898200;6064100;1772200;0;0;0;0;2580;1275;286668;136029;187579;207;153;76;400;0;42617;42617;15224;135193;271588;0;0;0;0;0;0;0;0;0;0
14;1;250;7236000;22300;47400;20000;29100;15500;700;1500;18200;2300;931900;5307700;826900;0;0;0;0;2580;1273;287244;135894;187949;203;150;75;394;0;42827;42827;15286;135072;271876;0;0;0;0;0;0;0;0;0;0
15;1;253;9616400;9600;36800;22600;26100;6400;500;700;13800;1000;1096100;6305500;2083200;0;0;0;0;2580;1276;286380;136345;187394;202;161;71;385;0;42896;42896;15301;135526;270628;0;0;0;0;0;0;0;0;0;0
16;1;256;7400600;27300;58700;23600;34000;19000;400;600;19300;2100;954800;5402800;843600;0;0;0;0;2580;1273;288588;136763;188697;233;229;197;565;0;49144;49144;17268;135539;272836;0;0;0;0;0;0;0;0;0;0
17;1;260;8369600;8700;36100;22100;31300;6700;400;900;13900;1100;940800;5903800;1382100;0;0;0;0;2580;1273;288588;136794;188697;255;228;199;541;0;47869;47869;16966;135571;272260;0;0;0;0;0;0;0;0;0;0
18;1;263;7165700;10000;39500;18600;26400;7300;400;600;15200;1000;967100;5262400;808700;0;0;0;0;2580;1273;287244;135624;187949;207;152;56;368;0;42234;42234;15061;134841;269956;0;0;0;0;0;0;0;0;0;0
19;1;266;7825500;8800;35300;21300;29100;6700;400;500;14100;1000;1110200;5824700;764700;0;0;0;0;2580;1276;287052;136168;187768;188;144;57;356;0;42220;42220;14878;135423;271972;0;0;0;0;0;0;0;0;0;0
20;1;270;7125300;9200;37900;18600;26200;6300;400;700;13900;900;941400;5255500;805900;0;0;0;0;2580;1276;286380;135993;187394;203;143;58;346;0;42230;42230;14647;135243;270340;0;0;0;0;0;0;0;0;0;0
21;1;273;8967500;9500;35400;21400;35000;6600;300;500;14700;900;1030300;6058600;1744300;0;0;0;0;2580;1273;286572;135796;187575;208;173;172;610;0;53695;53695;18390;134633;269956;0;0;0;0;0;0;0;0;0;0
22;1;276;7448900;12700;33600;18800;25700;9500;300;400;16400;1300;968800;5415600;934300;0;0;0;0;2580;1271;289836;137246;189441;223;205;195;499;0;47137;47137;15887;136124;273508;0;0;0;0;0;0;0;0;0;0
23;1;280;7970600;10300;36400;21300;30300;7100;400;400;15200;1100;1048500;5625200;1159300;0;0;0;0;2580;1276;286380;135727;187394;211;175;162;584;0;54056;54056;17669;134595;269380;0;0;0;0;0;0;0;0;0;0
24;1;283;7088200;8700;37300;22200;25900;7300;400;500;15000;900;941000;5201800;819600;0;0;0;0;2580;1276;286380;135986;187394;182;137;61;298;0;40899;40899;13222;135308;270340;0;0;0;0;0;0;0;0;0;0
25;1;286;7504800;9100;36300;21200;30800;6200;400;700;14000;900;1006600;5482400;887200;0;0;0;0;2580;1275;286668;136012;187579;181;138;60;289;0;40297;40297;12738;135344;271588;0;0;0;0;0;0;0;0;0;0
26;1;290;7382800;54000;36200;21300;29200;8200;300;600;16500;1100;1073800;5253500;878500;0;0;0;0;2580;1278;285132;135120;186650;179;140;58;273;0;39050;39050;12187;134470;270052;0;0;0;0;0;0;0;0;0;0
27;1;293;7674200;9500;36500;21300;30700;7000;400;700;14200;900;1104300;5426000;1013900;0;0;0;0;2580;1274;286956;136190;187764;213;200;184;475;0;45710;45710;14135;135118;272164;0;0;0;0;0;0;0;0;0;0
28;1;296;7610300;10200;36600;21200;29700;7600;300;600;16200;1000;1062700;5623300;791100;0;0;0;0;2580;1271;289164;137171;189067;211;192;172;482;0;44566;44566;13836;136114;273508;0;0;0;0;0;0;0;0;0;0
29;1;300;7314200;9400;36600;21100;29300;8100;500;800;16300;1600;1069600;5205000;906800;0;0;0;0;2580;1279;284844;135263;186465;169;129;59;228;0;33190;33190;10221;134678;268804;0;0;0;0;0;0;0;0;0;0
30;1;303;7415800;8100;35600;21400;25500;7100;300;500;14300;1100;1079600;5446900;766700;0;0;0;0;2580;1279;283500;134451;185717;192;134;61;210;0;30268;30268;9463;133854;268708;0;0;0;0;0;0;0;0;0;0
31;1;306;7554700;47000;36900;18600;26700;5900;400;800;14500;1000;951200;5193800;1248700;0;0;0;0;2580;1274;288300;136951;188512;181;133;55;182;0;26619;26619;8654;136400;272548;0;0;0;0;0;0;0;0;0;0
32;1;310;7627900;11100;45600;18900;27200;7700;500;500;15000;1000;1035400;5666000;789600;0;0;0;0;2580;1277;286092;135245;187209;206;168;158;448;0;38100;38100;13010;134265;269092;0;0;0;0;0;0;0;0;0;0
33;1;313;7298900;9800;35500;23000;26000;6200;300;800;14700;900;970000;5170700;1033200;0;0;0;0;2580;1275;286668;136134;187579;229;187;170;347;0;26738;26738;9644;135201;271876;0;0;0;0;0;0;0;0;0;0
34;1;316;8196600;10700;37700;21500;30800;7600;400;700;16800;900;1057600;5344700;1657700;0;0;0;0;2580;1276;287052;136444;187768;175;130;54;91;0;15415;15415;6110;135994;272260;0;0;0;0;0;0;0;0;0;0
35;1;320;7010800;9400;40800;19200;29300;7600;400;500;15700;900;1002000;5065400;808700;0;0;0;0;2580;1275;286668;135961;187579;161;128;50;64;0;12646;12646;5315;135558;270628;0;0;0;0;0;0;0;0;0;0
36;1;323;7269300;8700;35800;21300;30700;9400;400;900;18500;1300;988400;5209400;935600;0;0;0;0;2580;1273;287916;136270;188323;174;130;52;41;0;10995;10995;4709;135873;270628;0;0;0;0;0;0;0;0;0;0
37;1;326;7081800;10200;36800;21300;28900;8800;400;600;16000;1100;966800;5210700;771400;0;0;0;0;2580;1277;286092;134795;187209;184;138;50;32;0;10587;10587;4569;134391;269092;0;0;0;0;0;0;0;0;0;0
38;1;330;7183100;9000;36400;21300;29500;7100;400;600;15900;1000;1066500;5189400;798300;0;0;0;0;2580;1275;286668;135942;187579;207;182;149;293;0;20929;20929;8010;135111;271300;0;0;0;0;0;0;0;0;0;0
39;1;333;7547500;8600;35400;21300;28800;7100;300;1100;15500;900;1175500;5466000;778400;0;0;0;0;2580;1272;288204;136677;188508;201;161;126;319;0;28121;28121;10161;135870;271876;0;0;0;0;0;0;0;0;0;0
40;1;336;7015700;9100;34700;21200;29400;7600;400;600;16400;900;991700;5111800;784000;0;0;0;0;2580;1278;285132;134697;186650;183;132;50;32;0;10580;10580;4563;134300;269380;0;0;0;0;0;0;0;0;0;0
41;1;340;7319400;8900;42000;21300;31800;6200;300;1000;14600;900;1010800;5336200;837000;0;0;0;0;2580;1275;286668;136121;187579;171;132;50;32;0;10568;10568;4563;135736;271876;0;0;0;0;0;0;0;0;0;0
42;1;343;7086600;8400;36400;23200;26000;8200;300;600;14000;1000;1020400;5125900;813400;0;0;0;0;2580;1277;285420;135677;186835;183;136;50;32;0;10584;10584;4567;135276;270340;0;0;0;0;0;0;0;0;0;0
43;1;346;7548600;8100;35700;21400;30200;6800;400;600;13600;900;1077300;5432000;913700;0;0;0;0;2580;1278;285804;135496;187024;204;162;122;357;0;31951;31951;11668;134651;269764;0;0;0;0;0;0;0;0;0;0
44;1;350;7365600;13300;36500;21300;28800;7700;400;600;16500;1100;903500;5430300;895700;0;0;0;0;2580;1273;287916;136550;188323;213;176;149;310;0;24776;24776;9172;135702;272548;0;0;0;0;0;0;0;0;0;0
45;1;353;6949400;10600;36500;22000;25300;6900;400;500;14100;800;974700;5076100;771700;0;0;0;0;2580;1277;285420;135435;186835;173;134;50;32;0;10572;10572;4565;135046;270628;0;0;0;0;0;0;0;0;0;0
46;1;356;7365800;9800;36700;21200;29100;5900;300;500;15200;1600;1012400;5431700;791400;0;0;0;0;2580;1276;286380;135581;187394;190;140;50;32;0;10595;10595;4571;135169;270340;0;0;0;0;0;0;0;0;0;0
47;1;360;7128900;9100;36300;21400;27400;7600;400;400;13900;1000;987600;5197900;817000;0;0;0;0;2580;1278;285132;135433;186650;170;136;50;32;0;10571;10571;4567;135045;270340;0;0;0;0;0;0;0;0;0;0
48;1;363;7461800;9400;36700;24000;25600;6500;300;600;15200;1000;1048900;5335000;950300;0;0;0;0;2580;1275;286668;136010;187579;177;131;50;32;0;10573;10573;4562;135620;271588;0;0;0;0;0;0;0;0;0;0
49;1;366;7589400;12000;41000;22100;30500;8800;400;600;18100;900;1120400;5481700;842800;0;0;0;0;2580;1277;285420;135551;186835;183;163;146;322;0;26426;26426;9783;134737;270628;0;0;0;0;0;0;0;0;0;0
50;1;370;8100000;9400;36000;21400;30000;6700;400;500;14800;1000;1080600;5290000;1598900;0;0;0;0;2580;1279;284844;135054;186465;187;136;50;32;0;10588;10588;4567;134649;271012;0;0;0;0;0;0;0;0;0;0
51;1;373;7418600;11800;39400;21300;29800;8800;500;600;17800;1100;1194500;5245200;838000;0;0;0;0;2580;1274;286956;135708;187764;166;132;50;32;0;10563;10563;4563;135328;271204;0;0;0;0;0;0;0;0;0;0
52;1;376;7530700;9400;36500;21200;25900;6600;300;500;13900;800;1123300;5363400;919700;0;0;0;0;2580;1276;285036;134798;186646;181;133;50;32;0;10579;10579;4564;134402;269092;0;0;0;0;0;0;0;0;0;0
53;1;380;7033600;11200;38000;21300;36100;7400;400;600;16700;1000;859600;5210600;822000;0;0;0;0;2580;1276;285708;135740;187020;176;131;50;32;0;10572;10572;4562;135351;270340;0;0;0;0;0;0;0;0;0;0
54;1;383;7219300;10500;35500;21300;31100;6500;400;800;14500;1000;1069500;5208700;811600;0;0;0;0;2580;1276;285708;135124;187020;193;149;103;387;0;42240;42240;15216;134292;268132;0;0;0;0;0;0;0;0;0;0
55;1;386;7795300;9600;36400;21300;44500;7400;400;500;16400;1300;1103700;5773300;770900;0;0;0;0;2580;1275;286668;135576;187579;203;152;72;236;0;29904;29904;10780;134913;271300;0;0;0;0;0;0;0;0;0;0
56;1;390;6997700;8400;36800;21200;29000;7000;400;600;17100;1100;1034400;5033700;801000;0;0;0;0;2580;1278;285132;135356;186650;173;135;50;32;0;10573;10573;4566;134966;270340;0;0;0;0;0;0;0;0;0;0
57;1;393;7227800;9600;36400;21300;28700;6400;400;500;16100;900;1024300;5311000;764700;0;0;0;0;2580;1276;286380;135898;187394;181;138;50;32;0;10584;10584;4569;135497;272260;0;0;0;0;0;0;0;0;0;0
58;1;396;6950000;8100;35600;28300;25700;8000;400;500;15700;800;1038800;4992500;788600;0;0;0;0;2580;1277;280396;134256;184129;176;134;50;32;0;10575;10575;4565;133864;268708;0;0;0;0;0;0;0;0;0;0
59;1;400;7412800;7900;35900;21100;29500;6600;300;700;14100;800;1096900;5405900;782900;0;0;0;0;2580;1277;286092;135145;187209;186;126;50;32;0;10577;10577;4557;134751;271012;0;0;0;0;0;0;0;0;0;0
60;0;403;7318100;9600;36100;21300;27300;7200;300;500;14500;1400;938600;5405500;847300;0;0;0;0;2580;1278;284460;135161;186276;173;139;113;374;0;41083;41083;14446;134362;270052;0;0;0;0;0;0;0;0;0;0
61;0;406;7235600;9900;36600;21700;30000;8000;300;400;14400;1000;1026300;5115300;963100;0;0;0;0;2580;1278;283788;134479;185902;152;122;50;32;0;10539;10539;4553;134123;269092;0;0;0;0;0;0;0;0;0;0
62;0;410;7004800;10600;36500;21300;29000;7800;400;400;15900;1000;941300;5115700;817300;0;0;0;0;2580;1276;286380;135864;187394;141;122;50;32;0;10528;10528;4553;135519;272260;0;0;0;0;0;0;0;0;0;0
63;0;413;7564000;9300;35500;20800;25800;6900;400;600;14000;900;1066600;5145500;1227200;0;0;0;0;2580;1278;284460;134915;186276;159;130;50;32;0;10554;10554;4561;134544;270052;0;0;0;0;0;0;0;0;0;0
64;0;416;7086500;10100;37400;21400;29700;6500;400;1200;16700;1100;977600;5196900;778300;0;0;0;0;2580;1277;281740;135849;184877;165;133;50;32;0;10563;10563;4564;135469;271300;0;0;0;0;0;0;0;0;0;0
65;0;420;7123100;9000;36900;21900;29900;6600;400;600;15800;900;953900;5249400;789400;0;0;0;0;2580;1280;280204;134911;183948;158;137;85;409;0;67963;67963;23474;134122;269380;0;0;0;0;0;0;0;0;0;0
66;0;423;7107500;8500;36300;21800;29600;8200;400;500;15400;1000;1027200;5187600;762600;0;0;0;0;2580;1277;282412;135893;185251;152;127;50;32;0;10544;10544;4558;135532;272260;0;0;0;0;0;0;0;0;0;0
67;0;426;6922000;9000;36400;21300;27200;6600;400;400;15300;900;994600;5012500;788600;0;0;0;0;2580;1279;283500;134756;185717;152;125;50;32;0;10542;10542;4556;134397;268708;0;0;0;0;0;0;0;0;0;0
68;0;430;7382400;8200;36400;21400;28500;5600;400;600;15800;1000;1091400;5201700;963100;0;0;0;0;2580;1280;284556;134581;186280;148;127;50;32;0;10540;10540;4558;134224;269764;0;0;0;0;0;0;0;0;0;0
69;0;433;7048800;9300;36900;21400;29300;6600;400;700;16800;1000;1047600;5086700;784700;0;0;0;0;2580;1276;285036;135078;186646;151;126;50;32;0;10542;10542;4557;134719;270628;0;0;0;0;0;0;0;0;0;0
70;0;436;7035400;9400;36400;21400;27200;6200;400;400;14400;1000;1067800;5057700;785300;0;0;0;0;2580;1278;280108;134640;183944;156;128;50;32;0;10549;10549;4559;134274;268708;0;0;0;0;0;0;0;0;0;0
71;0;440;7211200;9000;35900;21500;28700;5800;400;500;14500;900;1062700;5259900;763700;0;0;0;0;2580;1277;283084;136095;185625;168;135;54;83;0;20090;20090;6903;135655;271684;0;0;0;0;0;0;0;0;0;0
72;0;443;7139400;8700;35900;20000;25700;7900;400;500;14100;800;976000;5202100;839300;0;0;0;0;2580;1278;280108;134614;183944;152;128;50;32;0;10545;10545;4559;134252;269956;0;0;0;0;0;0;0;0;0;0
73;0;446;7118500;9700;37500;21800;31600;8600;400;800;16800;1100;992900;5185800;802100;0;0;0;0;2580;1278;282796;135758;185440;158;124;50;32;0;10547;10547;4555;135394;271972;0;0;0;0;0;0;0;0;0;0
74;0;450;6982500;10000;35800;21500;28500;7400;300;600;14400;1100;967800;5010700;875600;0;0;0;0;2580;1281;279244;134359;183389;171;129;50;32;0;10565;10565;4560;133977;269092;0;0;0;0;0;0;0;0;0;0
75;0;453;7000400;8800;36200;21400;27900;7900;300;600;14200;1000;1021500;4980400;872600;0;0;0;0;2580;1277;281740;134985;184877;150;131;50;32;0;10546;10546;4562;134622;270340;0;0;0;0;0;0;0;0;0;0
76;0;456;7659200;8900;36600;21300;29600;7000;400;500;15400;1100;1021000;5729200;779300;0;0;0;0;2580;1276;283372;135814;185810;164;137;57;378;0;161599;161599;53668;135078;271012;0;0;0;0;0;0;0;0;0;0
77;0;460;7495300;9700;36300;21800;29400;8100;300;600;15700;1200;1018500;5545200;800100;0;0;0;0;2580;1280;279532;134653;183574;159;130;50;32;0;10554;10554;4561;134282;269668;0;0;0;0;0;0;0;0;0;0
78;0;463;7060300;8800;36600;21300;27200;7100;300;500;14500;800;989600;5181000;764800;0;0;0;0;2580;1280;281548;134709;184696;160;130;50;32;0;10555;10555;4561;134337;269764;0;0;0;0;0;0;0;0;0;0
79;0;466;7341200;8800;35900;21300;29100;6000;400;600;17700;700;992600;5417500;801800;0;0;0;0;2580;1276;282028;135162;185062;156;135;50;32;0;10556;10556;4566;134789;270916;0;0;0;0;0;0;0;0;0;0
80;0;470;7033400;8600;35300;21800;29700;6700;400;500;16000;1000;918800;5229300;755800;0;0;0;0;2580;1281;279244;134200;183389;153;127;50;32;0;10545;10545;4558;133838;269092;0;0;0;0;0;0;0;0;0;0
81;0;473;7069700;9200;36300;21300;27300;6000;400;600;13900;900;1006100;5130500;808300;0;0;0;0;2580;1281;279244;134446;183389;169;131;50;32;0;10565;10565;4562;134064;269092;0;0;0;0;0;0;0;0;0;0
82;0;476;7207100;8300;36200;21300;29600;6200;400;1100;21300;4900;1044100;5089400;936800;0;0;0;0;2580;1276;282700;135854;185436;144;127;50;32;0;10536;10536;4558;135501;271300;0;0;0;0;0;0;0;0;0;0
83;0;480;7038700;9700;38700;21300;28400;6100;300;900;14300;1000;1012100;5069200;828500;0;0;0;0;2580;1281;279916;134548;183763;154;130;50;32;0;10549;10549;4561;134182;270052;0;0;0;0;0;0;0;0;0;0
84;0;483;7026100;8700;35800;21300;28800;7200;400;600;14000;900;1091300;4994900;814500;0;0;0;0;2580;1281;279244;134294;183389;160;128;50;32;0;10553;10553;4559;133924;269380;0;0;0;0;0;0;0;0;0;0
85;0;486;7244500;9200;35100;21200;29300;6600;300;600;19000;1100;1072400;5235700;805900;0;0;0;0;2580;1278;281452;134674;184692;144;123;50;32;0;10532;10532;4554;134325;269380;0;0;0;0;0;0;0;0;0;0
86;0;490;6951000;8800;36500;21900;25800;6700;300;500;13700;800;1047800;4972500;807800;0;0;0;0;2580;1278;280780;135001;184318;158;127;50;32;0;10550;10550;4558;134634;270628;0;0;0;0;0;0;0;0;0;0
87;0;493;7258700;8800;36800;21300;30900;5800;300;500;14400;800;1028800;5155400;946900;0;0;0;0;2580;1279;280492;134767;184133;163;133;50;32;0;10561;10561;4564;134389;269092;0;0;0;0;0;0;0;0;0;0
88;0;496;7045200;10300;36500;21300;29800;8000;400;600;16100;1000;981200;5049800;881900;0;0;0;0;2580;1276;282700;136173;185436;162;132;50;32;0;10559;10559;4563;135797;272548;0;0;0;0;0;0;0;0;0;0
89;0;500;7043700;8900;41400;21400;29000;7500;400;500;16800;800;987400;5015700;904800;0;0;0;0;2580;1282;278956;134376;183204;169;134;50;32;0;10568;10568;4565;133991;269092;0;0;0;0;0;0;0;0;0;0
90;0;503;7248000;9600;36000;21400;30000;7800;400;900;16000;1100;1092800;5205800;816600;0;0;0;0;2580;1280;280876;134828;184322;182;136;50;32;0;10583;10583;4567;134428;270052;0;0;0;0;0;0;0;0;0;0
91;0;506;7041000;9200;36500;23600;26300;6700;400;400;13700;900;1111300;4998300;805100;0;0;0;0;2580;1278;280780;134679;184318;176;139;50;32;0;10580;10580;4570;134282;269668;0;0;0;0;0;0;0;0;0;0
92;0;510;7253900;27800;36300;21300;28800;7000;400;500;15500;900;1018700;5277200;805400;0;0;0;0;2580;1282;278284;133684;182830;161;132;50;32;0;10558;10558;4563;133309;267844;0;0;0;0;0;0;0;0;0;0
93;0;513;7386300;10100;33400;21400;29900;7500;400;700;15800;1000;960200;5473400;824000;0;0;0;0;2580;1277;282412;135932;185251;155;129;50;32;0;10549;10549;4560;135566;272260;0;0;0;0;0;0;0;0;0;0
94;0;516;7385000;8900;36200;21500;26000;7200;300;500;14100;1100;1036000;5431900;791700;0;0;0;0;2580;1280;279532;135287;183574;156;127;50;32;0;10548;10548;4558;134922;270340;0;0;0;0;0;0;0;0;0;0
95;0;520;6926600;9000;36100;21100;25500;7200;400;500;14300;1200;952200;5039200;811600;0;0;0;0;2580;1278;282124;135713;185066;176;132;50;32;0;10573;10573;4563;135323;271300;0;0;0;0;0;0;0;0;0;0
96;0;523;7417000;8100;35700;24300;25400;7000;300;500;14000;1000;1065400;5181900;1044400;0;0;0;0;2580;1281;279916;135011;183763;171;132;50;32;0;10568;10568;4563;134626;269092;0;0;0;0;0;0;0;0;0;0
97;0;526;6959600;17200;43800;19400;31300;14000;400;700;15300;1900;1011600;4990700;801100;0;0;0;0;2580;1278;280780;135202;184318;155;129;50;32;0;10549;10549;4560;134836;269668;0;0;0;0;0;0;0;0;0;0
98;0;530;7361800;9100;35100;21200;25500;7100;400;500;14500;900;997200;5184000;1056900;0;0;0;0;2580;1277;282412;134765;185251;156;125;50;32;0;10546;10546;4556;134402;270052;0;0;0;0;0;0;0;0;0;0
99;0;533;7072300;9100;37400;21700;30000;8100;400;400;16200;1100;1004200;5116200;818000;0;0;0;0;2580;1283;277996;133722;182645;150;126;50;32;0;10541;10541;4557;133364;267844;0;0;0;0;0;0;0;0;0;0
100;0;536;7185600;9600;36900;21000;26100;7200;300;800;14700;800;1107900;5043900;906800;0;0;0;0;2580;1276;281356;134689;184688;172;135;50;32;0;10572;10572;4566;134300;270916;0;0;0;0;0;0;0;0;0;0
101;0;540;7148000;8900;37000;21300;30500;6900;500;500;14900;1100;1024600;5204800;787800;0;0;0;0;2580;1281;279916;134809;183763;151;129;50;32;0;10545;10545;4560;134447;269764;0;0;0;0;0;0;0;0;0;0
102;0;543;7100100;8800;36100;24300;25500;6300;300;600;14700;1000;999600;4957900;1017400;0;0;0;0;2580;1281;279244;134789;183389;162;121;50;32;0;10548;10548;4552;134424;269092;0;0;0;0;0;0;0;0;0;0
103;0;546;7647000;12300;38300;21800;30600;11000;400;500;16200;1500;1102200;5044600;1357100;0;0;0;0;2580;1280;278860;134670;183200;144;128;50;32;0;10537;10537;4559;134316;269668;0;0;0;0;0;0;0;0;0;0
104;0;550;6885900;9200;37900;18800;25900;6700;400;600;13900;1000;986800;4974400;802000;0;0;0;0;2580;1281;279916;134509;183763;151;126;50;32;0;10542;10542;4557;134150;269764;0;0;0;0;0;0;0;0;0;0
105;0;553;7144600;7800;35400;21300;30900;7300;300;500;13900;1000;1008100;5198500;811100;0;0;0;0;2580;1278;280780;135401;184318;165;126;50;32;0;10556;10556;4557;135028;271300;0;0;0;0;0;0;0;0;0;0
106;0;556;7103800;9100;37000;21100;30300;6600;400;500;14500;1100;1057000;5134500;782900;0;0;0;0;2580;1281;278572;134329;183015;161;131;50;32;0;10557;10557;4562;133955;269092;0;0;0;0;0;0;0;0;0;0
107;0;560;7073500;10300;36900;21200;29500;6800;400;600;16400;1000;1086100;5054200;802800;0;0;0;0;2580;1281;279916;135240;183763;168;131;50;32;0;10564;10564;4562;134859;270052;0;0;0;0;0;0;0;0;0;0
108;0;563;7027200;7900;36100;21200;30200;7100;300;700;14400;1000;1057200;5082300;761600;0;0;0;0;2580;1282;278284;134419;182830;171;125;50;32;0;10561;10561;4556;134041;269380;0;0;0;0;0;0;0;0;0;0
109;0;566;7061300;8700;36200;21400;29400;6200;400;600;14900;1400;1014800;5114600;804600;0;0;0;0;2580;1283;277324;133942;182271;172;124;50;32;0;10561;10561;4555;133564;268420;0;0;0;0;0;0;0;0;0;0
110;0;570;7549800;8400;37000;21800;31300;6700;300;700;15100;1100;1010800;5103900;1303800;0;0;0;0;2580;1277;282412;136201;185251;170;124;50;32;0;10559;10559;4555;135825;271300;0;0;0;0;0;0;0;0;0;0
111;0;573;7011200;9200;38800;25400;29000;5600;400;700;16800;1100;1031200;5027400;816900;0;0;0;0;2580;1283;277324;134076;182271;181;128;50;32;0;10574;10574;4559;133685;268132;0;0;0;0;0;0;0;0;0;0
112;0;576;6927200;9600;36000;24000;26300;6000;300;600;15200;1200;1046900;4962100;792700;0;0;0;0;2580;1280;279532;134789;183574;169;131;50;32;0;10565;10565;4562;134407;270628;0;0;0;0;0;0;0;0;0;0
113;0;580;7221100;9800;36000;22600;26000;6400;300;600;13600;1000;969500;5222300;904200;0;0;0;0;2580;1280;280204;134927;183948;164;122;50;32;0;10551;10551;4553;134559;270052;0;0;0;0;0;0;0;0;0;0
114;0;583;6922100;10000;35600;21400;29300;7500;400;600;17100;1000;1034600;4957700;798300;0;0;0;0;2580;1282;278956;134190;183204;165;124;50;32;0;10554;10554;4555;133819;268132;0;0;0;0;0;0;0;0;0;0
115;0;586;7134000;9400;35800;21600;31200;6600;500;600;13900;1100;1090100;5145400;770000;0;0;0;0;2580;1282;278956;134778;183204;180;128;50;32;0;10573;10573;4559;134388;269764;0;0;0;0;0;0;0;0;0;0
116;0;590;6984800;9200;35300;21400;30100;6800;300;1100;14200;1000;929000;5122900;806200;0;0;0;0;2580;1280;278860;134469;183200;172;127;50;32;0;10564;10564;4558;134088;269092;0;0;0;0;0;0;0;0;0;0
117;0;593;7221000;8300;35500;21200;31400;6900;300;600;14500;1100;1049900;5047700;995500;0;0;0;0;2580;1279;278156;136255;182923;205;138;50;32;0;10608;10608;4569;135830;271972;0;0;0;0;0;0;0;0;0;0
118;0;596;7334700;14900;38400;19100;28100;11100;300;300;15700;2300;1011900;5337200;844900;0;0;0;0;2580;1282;277612;133945;182456;174;130;50;32;0;10569;10569;4561;133559;268132;0;0;0;0;0;0;0;0;0;0
119;0;600;6952500;9200;36700;21400;28600;6300;300;600;14100;1500;1041900;4979000;805400;0;0;0;0;2580;1279;280492;135043;184133;169;128;50;32;0;10562;10562;4559;134664;270340;0;0;0;0;0;0;0;0;0;0
120;0;603;7879300;8900;35900;24000;25600;6300;300;500;14100;900;1019000;5801000;932500;0;0;0;0;2580;1282;278956;134114;183204;179;126;50;32;0;10570;10570;4557;133727;268804;0;0;0;0;0;0;0;0;0;0
121;0;606;6820400;10400;36500;21800;29300;10600;400;500;16600;1000;960700;4949500;773700;0;0;0;0;2580;1281;278572;133790;183015;166;129;50;32;0;10560;10560;4560;133413;268420;0;0;0;0;0;0;0;0;0;0
122;0;610;7339500;10000;35800;21200;27700;7500;400;800;14900;1000;948400;5500600;761800;0;0;0;0;2580;1281;279916;134772;183763;177;133;50;32;0;10575;10575;4564;134380;270052;0;0;0;0;0;0;0;0;0;0
123;0;613;7067900;9200;35900;22100;26300;7300;400;900;14300;1000;1022600;5108600;809900;0;0;0;0;2580;1280;278860;134399;183200;198;143;50;32;0;10606;10606;4574;133976;269092;0;0;0;0;0;0;0;0;0;0
124;0;616;7891000;10400;36000;22300;26400;8200;300;600;15400;1100;1011600;5208300;1517800;0;0;0;0;2580;1279;277484;135115;182549;192;142;50;32;0;10599;10599;4573;134699;269764;0;0;0;0;0;0;0;0;0;0
125;0;620;7086000;9800;36200;21200;29100;8600;400;500;16200;1900;1021600;5053300;878200;0;0;0;0;2580;1285;276748;133822;181901;174;133;50;32;0;10572;10572;4564;133433;267844;0;0;0;0;0;0;0;0;0;0
126;0;623;7875300;8800;36500;21400;29400;7900;400;600;15900;1100;1094900;5638500;999500;0;0;0;0;2580;1279;281164;135706;184507;172;127;50;32;0;10564;10564;4558;135325;272260;0;0;0;0;0;0;0;0;0;0
127;0;626;7152000;10000;36000;21900;29100;9500;400;700;16500;1300;1192200;5038400;786000;0;0;0;0;2580;1281;279244;134215;183389;182;127;50;32;0;10574;10574;4558;133824;268804;0;0;0;0;0;0;0;0;0;0
128;0;630;6921800;9100;35200;21300;29200;7000;400;900;13900;1000;1088600;4928700;774200;0;0;0;0;2580;1283;274988;134687;181061;191;128;50;32;0;10584;10584;4559;134286;268132;0;0;0;0;0;0;0;0;0;0
129;0;633;7050700;10600;36800;21200;29700;8100;500;500;16600;1100;981400;5154700;780300;0;0;0;0;2580;1281;279244;134692;183389;196;138;50;32;0;10599;10599;4569;134276;270052;0;0;0;0;0;0;0;0;0;0
130;0;636;6994100;9800;36200;21700;30300;6600;400;600;14100;1100;1060200;4994700;810500;0;0;0;0;2580;1283;277324;134073;182271;180;134;50;32;0;10579;10579;4565;133677;268132;0;0;0;0;0;0;0;0;0;0
131;0;640;7148900;8700;36600;22600;25700;6900;400;400;14300;900;1104300;5151900;766900;0;0;0;0;2580;1283;274316;134128;180687;204;137;50;32;0;10606;10606;4568;133705;269092;0;0;0;0;0;0;0;0;0;0
132;0;643;6880300;8200;41500;24300;25900;6900;400;700;15300;700;1027800;4920500;799500;0;0;0;0;2580;1283;274988;134788;181061;187;139;50;32;0;10591;10591;4570;134380;269764;0;0;0;0;0;0;0;0;0;0
133;0;646;7270000;9100;36000;21200;29800;6400;300;500;14100;900;1119200;5178700;844400;0;0;0;0;2580;1281;279244;134637;183389;172;133;50;32;0;10570;10570;4564;134250;270340;0;0;0;0;0;0;0;0;0;0
134;0;650;6987900;9000;37200;21600;29500;6500;500;600;15400;1000;921700;5116600;819900;0;0;0;0;2580;1283;277324;134076;182271;196;146;50;32;0;10607;10607;4577;133652;267844;0;0;0;0;0;0;0;0;0;0
135;0;653;7178700;9400;36400;21400;30100;6800;300;500;14800;1000;1090700;5058200;900200;0;0;0;0;2580;1280;276524;135247;181990;178;141;50;32;0;10584;10584;4572;134846;271300;0;0;0;0;0;0;0;0;0;0
136;0;656;7050500;10600;39400;23200;28900;8100;500;500;16300;1100;957800;5180100;776400;0;0;0;0;2580;1280;279532;134887;183574;178;144;50;32;0;10587;10587;4575;134483;269092;0;0;0;0;0;0;0;0;0;0
137;0;660;7098300;9500;35900;21300;30500;7700;300;500;14400;1300;1054900;5018200;895500;0;0;0;0;2580;1283;278668;134524;183019;169;136;50;32;0;10570;10570;4567;134137;268804;0;0;0;0;0;0;0;0;0;0
138;0;663;7136800;9800;35700;18600;25500;7300;300;500;13800;1100;923600;5098600;986400;0;0;0;0;2580;1283;274988;134319;181061;161;134;50;32;0;10560;10560;4565;133942;268804;0;0;0;0;0;0;0;0;0;0
139;0;666;6923800;10300;37700;21400;27800;7500;400;400;15600;900;1064000;4943300;786200;0;0;0;0;2580;1284;274028;134368;180502;162;133;50;32;0;10560;10560;4564;133991;269092;0;0;0;0;0;0;0;0;0;0
140;0;670;7022100;8500;35100;21200;29200;6900;300;500;15900;1200;1018300;5079500;794800;0;0;0;0;2580;1283;277996;134192;182645;166;132;50;32;0;10563;10563;4563;133812;268132;0;0;0;0;0;0;0;0;0;0
141;0;673;6996400;10100;37800;21200;30100;8200;400;600;17600;1100;974700;5119500;764900;0;0;0;0;2580;1278;280108;134278;183944;162;133;50;32;0;10560;10560;4564;133901;269092;0;0;0;0;0;0;0;0;0;0
142;0;676;7138200;7900;36100;21100;29100;7400;500;700;15900;700;1011400;5204400;794200;0;0;0;0;2580;1280;277196;134765;182364;172;132;50;32;0;10569;10569;4563;134379;270052;0;0;0;0;0;0;0;0;0;0
143;0;680;6986000;9700;34600;18700;25900;7100;300;600;13600;900;1022100;5097100;746500;0;0;0;0;2580;1285;273740;134282;180317;168;131;50;32;0;10564;10564;4562;133901;268804;0;0;0;0;0;0;0;0;0;0
144;0;683;6954200;8400;38900;18600;25500;5900;400;1000;13800;800;983900;5071000;777900;0;0;0;0;2580;1281;279244;134526;183389;199;147;50;32;0;10611;10611;4578;134098;269380;0;0;0;0;0;0;0;0;0;0
145;0;686;7350100;8600;36600;22500;26000;5600;300;500;14300;1000;889200;5022200;1314900;0;0;0;0;2580;1284;274028;134272;180502;173;136;50;32;0;10574;10574;4567;133881;268804;0;0;0;0;0;0;0;0;0;0
146;0;690;7028000;8500;36300;21300;29100;8300;400;600;16800;1400;959100;5107600;828700;0;0;0;0;2580;1284;274028;134051;180502;183;135;50;32;0;10583;10583;4566;133651;268804;0;0;0;0;0;0;0;0;0;0
147;0;693;6904700;8300;36800;24700;26000;6700;300;600;20900;1000;947600;5006100;817100;0;0;0;0;2580;1281;277900;133993;182641;158;127;50;32;0;10550;10550;4558;133626;268132;0;0;0;0;0;0;0;0;0;0
148;0;696;6999200;8400;36900;21200;25500;6800;400;500;14200;1000;972800;5127000;775800;0;0;0;0;2580;1281;276236;135039;181805;163;130;50;32;0;10558;10558;4561;134664;269764;0;0;0;0;0;0;0;0;0;0
149;0;700;7266300;9400;36000;21400;29500;6600;300;600;17600;1000;1096500;5214200;823100;0;0;0;0;2580;1281;275564;134710;181431;166;130;50;32;0;10561;10561;4561;134332;269380;0;0;0;0;0;0;0;0;0;0
150;0;703;7085400;9200;35900;22300;25700;7000;400;1000;14500;1000;1116700;5072300;771500;0;0;0;0;2580;1285;273740;133975;180317;153;126;50;32;0;10544;10544;4557;133614;268804;0;0;0;0;0;0;0;0;0;0
151;0;706;6946100;8700;35000;24000;25500;7000;300;800;14000;1600;933400;5077000;809500;0;0;0;0;2580;1283;274988;134556;181061;171;136;50;32;0;10572;10572;4567;134167;268804;0;0;0;0;0;0;0;0;0;0
152;0;710;7183100;9800;36300;21300;28300;6700;400;500;13500;900;1102400;4952300;1003000;0;0;0;0;2580;1282;273932;133974;180498;159;134;50;32;0;10558;10558;4565;133599;268132;0;0;0;0;0;0;0;0;0;0
153;0;713;7032600;19500;46300;19400;28600;17000;400;600;15700;1700;963400;5075600;830900;0;0;0;0;2580;1283;274988;134744;181061;162;129;50;32;0;10556;10556;4560;134371;268804;0;0;0;0;0;0;0;0;0;0
154;0;716;6999100;8700;35700;23800;25800;6600;300;500;14800;900;1146800;4931100;796700;0;0;0;0;2580;1281;275564;134764;181431;158;124;50;32;0;10547;10547;4555;134400;269092;0;0;0;0;0;0;0;0;0;0
155;0;720;7495700;8100;36300;21200;29400;6100;400;600;13900;900;1079900;5463800;825900;0;0;0;0;2580;1281;276236;134874;181805;148;124;50;32;0;10537;10537;4555;134520;270052;0;0;0;0;0;0;0;0;0;0
156;0;723;6894600;9800;36200;21500;29400;6600;300;500;17300;1000;1061700;4911000;790400;0;0;0;0;2580;1284;274028;134259;180502;138;121;50;32;0;10524;10524;4552;133918;269092;0;0;0;0;0;0;0;0;0;0
157;0;726;6954500;9400;39300;18800;26000;5500;300;600;13800;1200;892000;5184800;754800;0;0;0;0;2580;1282;275948;134750;181620;148;127;50;32;0;10540;10540;4558;134393;269092;0;0;0;0;0;0;0;0;0;0
158;0;730;6827000;9000;40500;18700;25300;6200;400;500;14600;900;981800;4919700;788000;0;0;0;0;2580;1281;275564;134685;181431;160;130;50;32;0;10555;10555;4561;134313;268804;0;0;0;0;0;0;0;0;0;0
159;0;733;7012200;9100;37400;21300;30400;5600;300;600;14100;1000;1042500;4942000;900500;0;0;0;0;2580;1283;274316;133988;180687;162;134;50;32;0;10561;10561;4565;133610;268132;0;0;0;0;0;0;0;0;0;0
160;0;736;7546900;10400;37000;21200;28900;7100;500;900;16700;900;1284300;5340000;790800;0;0;0;0;2580;1283;274988;134084;181061;162;130;50;32;0;10557;10557;4561;133710;268804;0;0;0;0;0;0;0;0;0;0
161;0;740;6855800;9800;36300;21300;32800;6400;300;600;13600;800;986700;4924200;814100;0;0;0;0;2580;1283;274316;134236;180687;155;131;50;32;0;10551;10551;4562;133868;269092;0;0;0;0;0;0;0;0;0;0
162;0;743;7132000;9200;36400;23000;26000;5600;300;500;13800;900;1050600;5189100;767900;0;0;0;0;2580;1284;274028;134308;180502;161;129;50;32;0;10555;10555;4560;133936;269092;0;0;0;0;0;0;0;0;0;0
163;0;746;7016700;8500;36300;21300;29200;6300;400;4600;14400;1000;1002400;4873900;1009100;0;0;0;0;2580;1284;274028;133636;180502;147;126;50;32;0;10538;10538;4557;133281;268132;0;0;0;0;0;0;0;0;0;0
164;0;750;7220700;10300;37700;21200;31500;6800;300;400;14400;900;1071900;5218600;797800;0;0;0;0;2580;1283;274988;134680;181061;144;123;50;32;0;10532;10532;4554;134331;269764;0;0;0;0;0;0;0;0;0;0
165;0;753;6892800;9400;35900;22300;25800;6400;300;500;13700;1100;998400;4979700;791700;0;0;0;0;2580;1281;275564;134184;181431;146;129;50;32;0;10540;10540;4560;133827;268804;0;0;0;0;0;0;0;0;0;0
166;0;756;7004300;8300;35900;21300;30000;6100;400;500;13500;900;975900;5031600;871700;0;0;0;0;2580;1283;274316;134389;180687;161;129;50;32;0;10555;10555;4560;134017;269092;0;0;0;0;0;0;0;0;0;0
167;0;760;6939700;11900;35200;21300;28900;6800;400;600;16100;900;932400;5078900;797300;0;0;0;0;2580;1282;275276;134655;181246;174;136;50;32;0;10575;10575;4567;134263;269764;0;0;0;0;0;0;0;0;0;0
168;0;763;7061600;9000;35800;21200;30400;6700;300;600;14100;1100;1047600;4993400;892500;0;0;0;0;2580;1284;274028;134111;180502;171;133;50;32;0;10569;10569;4564;133725;268132;0;0;0;0;0;0;0;0;0;0
169;0;766;7042900;8600;37500;21100;30700;6400;400;600;15100;1000;1070800;5070600;772100;0;0;0;0;2580;1284;274028;133766;180502;160;129;50;32;0;10554;10554;4560;133395;267844;0;0;0;0;0;0;0;0;0;0
170;0;770;6869800;8800;36600;21400;29100;6200;300;500;14600;1100;1051900;4903500;788200;0;0;0;0;2580;1282;274604;134300;180872;145;128;50;32;0;10538;10538;4559;133945;269092;0;0;0;0;0;0;0;0;0;0
171;0;773;7515500;8200;36400;21200;30400;5700;400;600;14600;900;1023500;5244500;1115200;0;0;0;0;2580;1285;273068;133709;179943;158;130;50;32;0;10553;10553;4561;133339;267844;0;0;0;0;0;0;0;0;0;0
172;0;776;6815700;9800;35000;21300;28500;7000;400;500;14400;900;985600;4898600;805900;0;0;0;0;2580;1283;274988;134457;181061;166;136;50;32;0;10567;10567;4567;134073;269764;0;0;0;0;0;0;0;0;0;0
173;0;780;7039300;9200;36000;21500;30200;6000;400;600;14100;800;1104100;4997400;810800;0;0;0;0;2580;1282;275276;134762;181246;163;135;50;32;0;10563;10563;4566;134382;269092;0;0;0;0;0;0;0;0;0;0
174;0;783;7056100;8200;36100;21300;30900;6400;300;300;14000;1000;1034100;5110000;785200;0;0;0;0;2580;1284;274700;134148;180876;154;129;50;32;0;10548;10548;4560;133783;268804;0;0;0;0;0;0;0;0;0;0
175;0;786;7262600;8400;36000;21400;29800;6800;400;700;16700;800;1123200;5136400;873400;0;0;0;0;2580;1283;274316;134445;180687;151;131;50;32;0;10547;10547;4562;134081;269380;0;0;0;0;0;0;0;0;0;0
176;0;790;6896400;9600;35300;18700;26000;6500;400;600;15400;1000;885200;5126100;762500;0;0;0;0;2580;1283;274988;134146;181061;163;131;50;32;0;10559;10559;4562;133770;268804;0;0;0;0;0;0;0;0;0;0
177;0;793;7385500;8200;36200;21400;29100;8000;400;600;14500;800;1048000;4927900;1281300;0;0;0;0;2580;1282;275276;134104;181246;158;131;50;32;0;10554;10554;4562;133733;269092;0;0;0;0;0;0;0;0;0;0
178;0;796;7528100;10100;37000;21500;29600;7200;400;400;15800;900;918100;5068300;1409200;0;0;0;0;2580;1286;272780;133666;179758;157;135;50;32;0;10557;10557;4566;133292;267844;0;0;0;0;0;0;0;0;0;0
179;0;800;7043500;9100;36400;21100;25900;6700;400;500;14200;1200;1049900;4943300;926700;0;0;0;0;2580;1282;275948;134619;181620;155;133;50;32;0;10553;10553;4564;134249;268804;0;0;0;0;0;0;0;0;0;0
180;0;803;7007400;8300;36800;21300;29200;6800;400;500;16000;1000;1153900;4911800;813300;0;0;0;0;2580;1282;274604;134446;180872;152;131;50;32;0;10548;10548;4562;134081;269380;0;0;0;0;0;0;0;0;0;0
181;0;806;7435400;12300;38300;21400;29400;7300;300;500;18000;1200;1018400;5471100;808100;0;0;0;0;2580;1283;275660;134175;181435;166;129;50;32;0;10560;10560;4560;133798;267844;0;0;0;0;0;0;0;0;0;0
182;0;810;6969900;9600;36500;21400;29000;7300;500;400;16500;4200;1018900;4990100;826100;0;0;0;0;2580;1284;273356;133980;180128;159;132;50;32;0;10556;10556;4563;133607;268132;0;0;0;0;0;0;0;0;0;0
183;0;813;7020800;8700;36200;21200;31700;7400;400;900;14900;1500;1024900;5092300;771800;0;0;0;0;2580;1282;274604;134012;180872;177;136;50;32;0;10578;10578;4567;133617;268804;0;0;0;0;0;0;0;0;0;0
184;0;816;7030500;8800;35700;21300;30500;7000;500;600;14700;1000;1003300;5040900;857400;0;0;0;0;2580;1283;274988;134808;181061;165;131;50;32;0;10561;10561;4562;134430;270052;0;0;0;0;0;0;0;0;0;0
185;0;820;7390200;10200;36800;22100;26000;7400;300;600;14800;1100;906100;5088000;1267100;0;0;0;0;2580;1285;273068;133300;179943;157;131;50;32;0;10553;10553;4562;132930;267844;0;0;0;0;0;0;0;0;0;0
186;0;823;6953900;9200;37100;21800;25700;6700;300;500;14900;1400;966700;5040900;820100;0;0;0;0;2580;1283;275660;135218;181435;163;135;50;32;0;10563;10563;4566;134838;270724;0;0;0;0;0;0;0;0;0;0
187;0;826;6856600;9300;36700;21200;30100;6000;300;500;14400;1000;1034400;4886000;808700;0;0;0;0;2580;1285;273068;133606;179943;165;138;50;32;0;10568;10568;4569;133221;268132;0;0;0;0;0;0;0;0;0;0
188;0;830;7489800;8300;36500;21200;30600;7000;400;400;14200;1000;1054600;5142200;1165200;0;0;0;0;2580;1283;274988;134222;181061;170;136;50;32;0;10571;10571;4567;133834;267844;0;0;0;0;0;0;0;0;0;0
189;0;833;6941700;11300;41600;18700;25600;6700;400;600;14400;1000;999500;4917800;896000;0;0;0;0;2580;1283;274316;134046;180687;159;134;50;32;0;10558;10558;4565;133671;269092;0;0;0;0;0;0;0;0;0;0
190;0;836;7431700;8500;35300;21300;30100;6000;300;700;15200;900;1103700;5099000;1089700;0;0;0;0;2580;1286;272780;133640;179758;163;131;50;32;0;10559;10559;4562;133264;267844;0;0;0;0;0;0;0;0;0;0
191;0;840;7204600;11900;37200;21500;31400;8800;400;600;16700;800;1118600;5090400;854900;0;0;0;0;2580;1282;274604;134152;180872;164;137;50;32;0;10566;10566;4568;133769;269092;0;0;0;0;0;0;0;0;0;0
192;0;843;7532100;9800;36000;23300;26200;7100;400;400;14400;1200;1039700;5333900;1020900;0;0;0;0;2580;1285;273740;133972;180317;162;136;50;32;0;10563;10563;4567;133592;268804;0;0;0;0;0;0;0;0;0;0
193;0;846;7003200;9400;35800;21200;29300;7300;400;500;17000;900;1112900;4950500;809300;0;0;0;0;2580;1283;274988;134289;181061;170;133;50;32;0;10568;10568;4564;133904;268132;0;0;0;0;0;0;0;0;0;0
194;0;850;7085200;9400;36500;26500;29900;6400;400;500;16200;1000;1225300;4903500;821100;0;0;0;0;2580;1284;273356;133498;180128;165;133;50;32;0;10563;10563;4564;133118;268132;0;0;0;0;0;0;0;0;0;0
195;0;853;7066900;10300;37000;21500;30300;7000;500;900;16000;900;994500;5137500;802300;0;0;0;0;2580;1282;275948;134711;181620;167;137;50;32;0;10569;10569;4568;134325;269764;0;0;0;0;0;0;0;0;0;0
196;0;856;6957500;8400;35300;21300;29900;8000;300;700;14900;800;1110200;4911000;807900;0;0;0;0;2580;1283;274988;134263;181061;172;139;50;32;0;10576;10576;4570;133870;268132;0;0;0;0;0;0;0;0;0;0
197;0;860;7155000;8800;37000;21100;31700;7500;300;700;15100;900;1126300;5126900;770400;0;0;0;0;2580;1285;273740;134167;180317;157;132;50;32;0;10554;10554;4563;133796;268804;0;0;0;0;0;0;0;0;0;0
198;0;863;6947200;8400;36200;21300;29400;6500;400;600;14100;800;1019300;4997800;804200;0;0;0;0;2580;1282;275276;134821;181246;175;134;50;32;0;10574;10574;4565;134430;269092;0;0;0;0;0;0;0;0;0;0
199;0;866;7591800;8700;36300;21300;30500;7300;400;700;15000;1000;1029800;5091800;1334600;0;0;0;0;2580;1285;273740;133957;180317;189;137;50;32;0;10591;10591;4568;133549;267844;0;0;0;0;0;0;0;0;0;0
200;0;870;6822600;8900;36100;21400;29400;7200;400;500;16800;1100;989900;4909100;793500;0;0;0;0;2580;1286;272780;133698;179758;180;127;50;32;0;10572;10572;4558;133309;267844;0;0;0;0;0;0;0;0;0;0
201;0;873;6921600;8600;41600;21400;30700;6000;300;900;13600;1900;1084600;4925300;779400;0;0;0;0;2580;1283;273644;133681;180313;156;127;50;32;0;10548;10548;4558;133316;268132;0;0;0;0;0;0;0;0;0;0
202;0;876;8169300;8200;35800;21300;30000;5400;400;800;14100;900;1067100;6167200;809700;0;0;0;0;2580;1284;274700;133887;180876;164;132;50;32;0;10561;10561;4563;133509;268804;0;0;0;0;0;0;0;0;0;0
203;0;880;6963700;9600;36500;21400;28900;7000;400;500;16200;1100;1114200;4912400;807000;0;0;0;0;2580;1284;274028;134228;180502;170;132;50;32;0;10567;10567;4563;133844;269092;0;0;0;0;0;0;0;0;0;0
204;0;883;7223800;8100;35800;21400;30400;6100;300;500;13700;800;1071800;5268200;758100;0;0;0;0;2580;1284;274700;134071;180876;165;127;50;32;0;10557;10557;4558;133697;268804;0;0;0;0;0;0;0;0;0;0
205;0;886;6851900;8600;43300;18600;25900;6700;400;500;14700;900;978100;4957400;788600;0;0;0;0;2580;1282;275276;134900;181246;175;130;50;32;0;10570;10570;4561;134513;270052;0;0;0;0;0;0;0;0;0;0
206;0;890;7294100;8700;36300;21200;28800;6800;400;900;16000;1000;999600;5213700;948100;0;0;0;0;2580;1284;274028;134159;180502;166;134;50;32;0;10565;10565;4565;133777;268804;0;0;0;0;0;0;0;0;0;0
207;0;893;6813200;8900;36800;21200;25600;7300;300;500;14300;1000;968900;4932400;788100;0;0;0;0;2580;1286;272780;133590;179758;176;136;50;32;0;10577;10577;4567;133196;267844;0;0;0;0;0;0;0;0;0;0
208;0;896;7098500;8000;36100;21300;29300;6800;500;400;17300;700;1023000;4929700;1017600;0;0;0;0;2580;1282;275948;134187;181620;164;131;50;32;0;10560;10560;4562;133810;269092;0;0;0;0;0;0;0;0;0;0
209;0;900;7085000;13000;45700;22200;31000;12700;400;600;17200;1200;1005100;5135500;790300;0;0;0;0;2580;1287;271820;133568;179199;171;128;50;32;0;10564;10564;4559;133187;267844;0;0;0;0;0;0;0;0;0;0
210;0;903;6956800;8500;36300;21100;29500;6800;300;600;18500;1000;1058100;4977500;791100;0;0;0;0;2580;1284;274028;134258;180502;154;130;50;32;0;10549;10549;4561;133892;269092;0;0;0;0;0;0;0;0;0;0
211;0;906;6990900;8400;35400;21400;29900;6200;400;600;14000;1000;978300;5113300;773400;0;0;0;0;2580;1283;274988;134287;181061;164;128;50;32;0;10557;10557;4559;133913;268804;0;0;0;0;0;0;0;0;0;0
212;0;910;6843400;9000;35900;21400;30300;6400;300;600;14200;800;1045500;4888100;782500;0;0;0;0;2580;1285;273068;133721;179943;173;132;50;32;0;10570;10570;4563;133334;268132;0;0;0;0;0;0;0;0;0;0
213;0;913;7661600;8600;35200;21300;29800;6300;300;500;14000;800;1055000;5118900;1363000;0;0;0;0;2580;1286;272780;133533;179758;180;137;50;32;0;10582;10582;4568;133134;267844;0;0;0;0;0;0;0;0;0;0
214;0;916;6840800;8500;35300;21200;30000;7000;300;600;14400;800;977200;4929800;807900;0;0;0;0;2580;1284;274028;133962;180502;204;138;50;32;0;10607;10607;4569;133538;268804;0;0;0;0;0;0;0;0;0;0
215;0;920;7163000;8000;35700;21400;30300;5700;300;500;13600;800;1231800;5012700;793700;0;0;0;0;2580;1283;274988;134651;181061;177;140;50;32;0;10582;10582;4571;134252;270052;0;0;0;0;0;0;0;0;0;0
216;0;923;7394400;8400;36200;21100;29300;6300;300;500;13700;900;1045700;5434400;788500;0;0;0;0;2580;1286;272108;133617;179384;187;136;50;32;0;10588;10588;4567;133212;267844;0;0;0;0;0;0;0;0;0;0
217;0;926;7338400;9900;35400;21300;29200;9900;300;600;15900;900;1111900;5034300;1059000;0;0;0;0;2580;1282;275948;135216;181620;157;132;50;32;0;10554;10554;4563;134845;270052;0;0;0;0;0;0;0;0;0;0
218;0;930;7250700;11300;38200;21400;30100;8100;500;600;16400;1100;1054500;5283300;775100;0;0;0;0;2580;1284;274700;133490;180876;167;133;50;32;0;10565;10565;4564;133108;267844;0;0;0;0;0;0;0;0;0;0
219;0;933;6968100;9500;35700;21400;29600;12200;300;500;14000;1100;1011600;5014400;808700;0;0;0;0;2580;1283;273644;133526;180313;175;135;50;32;0;10575;10575;4566;133134;268132;0;0;0;0;0;0;0;0;0;0
220;0;936;7278100;9000;36400;21300;28600;7100;400;600;16300;1800;1076400;5089000;974100;0;0;0;0;2580;1284;274028;133551;180502;185;137;50;32;0;10587;10587;4568;133147;267844;0;0;0;0;0;0;0;0;0;0
221;0;940;6893000;9800;36300;21400;25400;7800;400;700;14000;1100;1055600;4925400;787400;0;0;0;0;2580;1285;273740;133958;180317;178;130;50;32;0;10573;10573;4561;133568;268804;0;0;0;0;0;0;0;0;0;0
222;0;943;7089800;9300;35000;21300;30300;6800;300;600;14400;900;1092900;5078000;792400;0;0;0;0;2580;1284;274028;134183;180502;170;133;50;32;0;10568;10568;4564;133798;269092;0;0;0;0;0;0;0;0;0;0
223;0;946;6982900;8900;37100;21300;30000;8100;300;700;17000;1100;982100;5070700;795700;0;0;0;0;2580;1286;272780;133592;179758;181;136;50;32;0;10582;10582;4567;133193;267844;0;0;0;0;0;0;0;0;0;0
224;0;950;7084100;9100;35800;21400;29200;6400;400;700;16400;1100;1093400;5055500;805900;0;0;0;0;2580;1282;275276;134776;181246;182;138;50;32;0;10585;10585;4569;134374;269092;0;0;0;0;0;0;0;0;0;0
225;0;953;7051800;8600;35400;23300;26300;6600;400;1000;13800;1000;1041600;5109700;775500;0;0;0;0;2580;1285;273068;133728;179943;184;135;50;32;0;10584;10584;4566;133327;267844;0;0;0;0;0;0;0;0;0;0
226;0;956;7020600;9100;36500;24100;25500;6500;300;600;13800;1000;1058400;5017000;819200;0;0;0;0;2580;1283;274316;134142;180687;183;134;50;32;0;10582;10582;4565;133743;269092;0;0;0;0;0;0;0;0;0;0
227;0;960;7462300;8900;38900;18600;25600;6600;300;600;13800;1000;917500;5115300;1305900;0;0;0;0;2580;1283;275660;134637;181435;183;131;50;32;0;10579;10579;4562;134241;269764;0;0;0;0;0;0;0;0;0;0
228;0;963;7047200;9700;38000;18600;25600;6600;300;600;13800;900;1054300;4984000;886700;0;0;0;0;2580;1285;273740;133503;180317;169;128;50;32;0;10562;10562;4559;133124;267844;0;0;0;0;0;0;0;0;0;0
229;0;966;6880300;6900;35100;21500;30200;6900;400;500;13900;900;1044200;4940900;770900;0;0;0;0;2580;1283;274316;134287;180687;163;128;50;32;0;10556;10556;4559;133914;269092;0;0;0;0;0;0;0;0;0;0
230;0;970;6946700;8900;35000;21300;30400;6400;400;500;14400;900;960900;5083300;777200;0;0;0;0;2580;1284;274700;133939;180876;165;129;50;32;0;10559;10559;4560;133563;268804;0;0;0;0;0;0;0;0;0;0
231;0;973;7242400;8500;37100;21200;29100;6200;400;500;16200;1000;1060400;5144300;909800;0;0;0;0;2580;1284;273356;133738;180128;166;130;50;32;0;10561;10561;4561;133360;268132;0;0;0;0;0;0;0;0;0;0
232;0;976;6990000;9000;35800;24400;25200;8400;400;600;14100;1000;1014900;5080200;767000;0;0;0;0;2580;1284;274028;134031;180502;182;135;50;32;0;10582;10582;4566;133632;267844;0;0;0;0;0;0;0;0;0;0
233;0;980;6938100;8200;36300;21100;30700;6600;400;400;13700;900;1007500;4999300;805000;0;0;0;0;2580;1283;274988;134737;181061;174;134;50;32;0;10573;10573;4565;134347;270052;0;0;0;0;0;0;0;0;0;0
234;0;983;7103900;8100;36200;21100;30000;6200;400;600;14400;1000;1029800;4986400;960300;0;0;0;0;2580;1284;274700;134565;180876;177;136;50;32;0;10578;10578;4567;134170;269764;0;0;0;0;0;0;0;0;0;0
235;0;986;7010200;23500;37200;22400;28100;12100;300;400;17000;1200;1021800;5015800;819000;0;0;0;0;2580;1284;274700;134822;180876;166;137;50;32;0;10568;10568;4568;134437;269764;0;0;0;0;0;0;0;0;0;0
236;0;990;6981600;9100;37000;21400;29800;5600;400;800;15700;1000;1066900;4996800;789000;0;0;0;0;2580;1282;275948;134647;181620;174;138;50;32;0;10577;10577;4569;134253;270052;0;0;0;0;0;0;0;0;0;0
237;0;993;7258000;8800;36500;22700;25500;6600;300;500;13800;800;1025600;5150600;957600;0;0;0;0;2580;1282;275276;134543;181246;163;132;50;32;0;10560;10560;4563;134166;268804;0;0;0;0;0;0;0;0;0;0
238;0;996;6884800;9300;36200;21800;30100;7700;300;300;14100;1100;1058000;4890800;806400;0;0;0;0;2580;1284;273356;134182;180128;166;129;50;32;0;10560;10560;4560;133805;269092;0;0;0;0;0;0;0;0;0;0
239;0;1000;7066900;8500;36800;21300;29700;8100;300;400;15300;1000;1042800;5105100;788800;0;0;0;0;2580;1283;275660;134600;181435;166;126;50;32;0;10557;10557;4557;134226;268804;0;0;0;0;0;0;0;0;0;0
240;0;1003;7053200;8800;36600;21500;30000;6800;300;600;14900;1100;944900;5161600;817900;0;0;0;0;2580;1283;274988;134461;181061;180;135;50;32;0;10580;10580;4566;134064;269092;0;0;0;0;0;0;0;0;0;0
241;0;1006;7006200;9100;36600;21400;28700;7100;400;400;14000;1100;1073300;4907000;898500;0;0;0;0;2580;1284;274700;134582;180876;166;130;50;32;0;10561;10561;4561;134204;269764;0;0;0;0;0;0;0;0;0;0
242;0;1010;6980100;11300;36200;21000;29400;8100;300;700;16500;1200;988300;5063300;794500;0;0;0;0;2580;1284;274028;133896;180502;178;138;50;32;0;10581;10581;4569;133498;268804;0;0;0;0;0;0;0;0;0;0
243;0;1013;6967000;8900;35700;24100;26000;8000;400;500;14900;1100;1111400;4919900;807600;0;0;0;0;2580;1282;275276;134920;181246;179;138;50;32;0;10582;10582;4569;134521;270052;0;0;0;0;0;0;0;0;0;0
244;0;1016;7349500;9000;35800;21300;30300;7000;300;600;15200;1200;1077800;5346800;795700;0;0;0;0;2580;1283;274988;134045;181061;189;145;50;32;0;10599;10599;4576;133629;268804;0;0;0;0;0;0;0;0;0;0
245;0;1020;6833600;9100;35400;21300;32800;7200;300;700;14300;1100;1007600;4892700;803600;0;0;0;0;2580;1285;273068;134146;179943;194;149;50;32;0;10608;10608;4580;133721;269092;0;0;0;0;0;0;0;0;0;0
246;0;1023;7321700;8300;36500;21100;30700;6100;300;600;13900;1100;1070000;5277800;846000;0;0;0;0;2580;1283;275660;135624;181435;188;147;50;32;0;10600;10600;4578;135207;271684;0;0;0;0;0;0;0;0;0;0
247;0;1026;6938200;9100;36800;21200;30700;6500;400;700;15300;1000;1054700;4949700;803200;0;0;0;0;2580;1283;274316;134139;180687;169;136;50;32;0;10570;10570;4567;133752;268804;0;0;0;0;0;0;0;0;0;0
248;0;1030;7000100;8600;36000;21400;29100;6400;400;700;15700;900;1061300;4917500;893900;0;0;0;0;2580;1284;274700;134253;180876;184;135;50;32;0;10584;10584;4566;133852;268804;0;0;0;0;0;0;0;0;0;0
249;0;1033;7207500;10200;37400;21900;29600;7500;400;500;16500;1000;1002500;5303400;768000;0;0;0;0;2580;1283;274988;134457;181061;179;133;50;32;0;10577;10577;4564;134063;269764;0;0;0;0;0;0;0;0;0;0
250;0;1036;6910700;9300;35500;21600;29000;7600;400;700;15300;1000;1063500;4931800;785400;0;0;0;0;2580;1284;274028;134163;180502;180;139;50;32;0;10584;10584;4570;133762;269092;0;0;0;0;0;0;0;0;0;0
251;0;1040;7118900;8600;36800;21300;29400;6400;400;900;15500;1000;1052600;5154000;784400;0;0;0;0;2580;1284;274700;134067;180876;168;140;50;32;0;10573;10573;4571;133677;268804;0;0;0;0;0;0;0;0;0;0
252;0;1043;6888200;9500;36100;22400;25700;7200;300;600;14200;1000;1058000;4925100;779500;0;0;0;0;2580;1284;274028;134836;180502;167;134;50;32;0;10566;10566;4565;134453;270052;0;0;0;0;0;0;0;0;0;0
253;0;1046;7668100;8700;35500;21500;30700;7000;400;500;14300;900;1118500;5162800;1251700;0;0;0;0;2580;1285;273740;134535;180317;147;130;50;32;0;10542;10542;4561;134176;269764;0;0;0;0;0;0;0;0;0;0
254;0;1050;6830000;8700;36800;21500;25700;8000;300;500;15300;1300;994000;4910300;799600;0;0;0;0;2580;1284;274028;133996;180502;157;128;50;32;0;10550;10550;4559;133629;268804;0;0;0;0;0;0;0;0;0;0
255;0;1053;7060700;8900;35700;21400;30200;5600;300;500;14600;900;1092000;5054100;787300;0;0;0;0;2580;1282;275948;134817;181620;164;133;50;32;0;10562;10562;4564;134438;269764;0;0;0;0;0;0;0;0;0;0
256;0;1056;7092400;9400;36900;21300;43500;7500;400;600;16300;1100;1083800;5100900;761300;0;0;0;0;2580;1285;273740;134036;180317;173;139;50;32;0;10577;10577;4570;133642;268804;0;0;0;0;0;0;0;0;0;0
257;0;1060;7355900;8900;36200;21400;28900;7100;400;700;15700;1100;1135800;5010300;1080900;0;0;0;0;2580;1283;274988;134427;181061;168;141;50;32;0;10574;10574;4572;134036;269092;0;0;0;0;0;0;0;0;0;0
258;0;1063;7096100;11500;36900;21400;29800;7800;400;700;21500;1000;1043200;5117300;795200;0;0;0;0;2580;1283;275660;134976;181435;167;131;50;32;0;10563;10563;4562;134596;269764;0;0;0;0;0;0;0;0;0;0
259;0;1066;6921800;10000;35500;23500;25400;7000;300;500;14100;1100;1049500;4944100;801500;0;0;0;0;2580;1284;274028;134575;180502;165;130;50;32;0;10560;10560;4561;134198;269092;0;0;0;0;0;0;0;0;0;0
260;0;1070;7694500;8700;35200;21300;31200;6900;400;600;14100;900;962400;5229300;1374500;0;0;0;0;2580;1284;274028;134253;180502;168;130;50;32;0;10563;10563;4561;133873;268804;0;0;0;0;0;0;0;0;0;0
261;0;1073;6899900;9100;36600;21400;30600;7000;300;500;14800;900;989000;4975300;805800;0;0;0;0;2580;1285;273068;134152;179943;162;128;50;32;0;10555;10555;4559;133780;268804;0;0;0;0;0;0;0;0;0;0
262;0;1076;6991400;8900;36900;21400;28900;6000;400;900;13400;1100;1027200;5048600;789600;0;0;0;0;2580;1284;274700;134433;180876;160;128;50;32;0;10553;10553;4559;134063;268804;0;0;0;0;0;0;0;0;0;0
263;0;1080;6973600;9400;38500;21500;29100;7900;400;500;16400;1100;1017800;5053100;769400;0;0;0;0;2580;1285;273740;134051;180317;147;127;50;32;0;10539;10539;4558;133695;268804;0;0;0;0;0;0;0;0;0;0
264;0;1083;6953500;8400;36000;21800;29700;7300;400;500;15400;1000;1011500;5023600;789900;0;0;0;0;2580;1284;274028;134089;180502;189;133;50;32;0;10587;10587;4564;133685;269092;0;0;0;0;0;0;0;0;0;0
265;0;1086;7189500;8900;36300;21300;30300;6800;400;400;13900;900;1067600;5192300;801200;0;0;0;0;2580;1283;275660;135128;181435;162;129;50;32;0;10556;10556;4560;134755;270724;0;0;0;0;0;0;0;0;0;0
266;0;1090;7194200;9400;35100;20700;25800;6000;400;400;15200;1300;1047700;5207200;814200;0;0;0;0;2580;1284;274028;134604;180502;164;128;50;32;0;10557;10557;4559;134230;269092;0;0;0;0;0;0;0;0;0;0
267;0;1093;7571600;8500;37100;21400;25500;6900;300;800;14600;900;946900;5194400;1302100;0;0;0;0;2580;1285;273068;134201;179943;153;127;50;32;0;10545;10545;4558;133839;268804;0;0;0;0;0;0;0;0;0;0
268;0;1096;6873700;9000;35800;21100;26400;7200;400;500;14200;1000;959000;5002200;788100;0;0;0;0;2580;1285;273740;134608;180317;159;125;50;32;0;10549;10549;4556;134242;269764;0;0;0;0;0;0;0;0;0;0
269;0;1100;6983700;8400;36800;21600;26100;6300;400;400;15000;1500;1072000;4884100;902700;0;0;0;0;2580;1285;273740;134206;180317;155;123;50;32;0;10543;10543;4554;133846;268804;0;0;0;0;0;0;0;0;0;0
270;0;1103;7299100;11000;37300;20100;26200;6900;300;400;14900;900;1016800;4996600;1158900;0;0;0;0;2580;1284;274700;134568;180876;155;125;50;32;0;10545;10545;4556;134206;268804;0;0;0;0;0;0;0;0;0;0
271;0;1106;7094700;12800;52900;28000;39300;9600;600;700;19700;1200;1177900;4935500;805500;0;0;0;0;2580;1283;274988;134757;181061;178;135;50;32;0;10578;10578;4566;134362;270052;0;0;0;0;0;0;0;0;0;0
272;0;1110;7033100;9800;35600;21400;30300;6900;400;500;14100;900;1057200;5069700;777800;0;0;0;0;2580;1284;274700;134419;180876;176;138;50;32;0;10579;10579;4569;134023;268804;0;0;0;0;0;0;0;0;0;0
273;0;1113;6921700;9100;36600;21800;26300;5900;400;400;14300;1100;929000;5078100;788700;0;0;0;0;2580;1284;273356;134441;180128;158;133;50;32;0;10556;10556;4564;134068;269092;0;0;0;0;0;0;0;0;0;0
274;0;1116;7642700;8700;37300;21100;26900;6600;300;500;14300;900;1038700;5130500;1348400;0;0;0;0;2580;1285;273740;134574;180317;165;133;50;32;0;10563;10563;4564;134194;269764;0;0;0;0;0;0;0;0;0;0
275;0;1120;7053700;8700;36100;21400;29600;6600;300;500;14600;900;1005400;5110000;810100;0;0;0;0;2580;1285;273740;133944;180317;152;124;50;32;0;10541;10541;4555;133586;268804;0;0;0;0;0;0;0;0;0;0
276;0;1123;6930300;9200;36700;24000;26400;7300;400;400;14100;1000;1091400;4907600;803400;0;0;0;0;2580;1286;272780;133864;179758;150;125;50;32;0;10540;10540;4556;133507;268804;0;0;0;0;0;0;0;0;0;0
277;0;1126;7119200;8900;35500;21300;29300;6900;300;600;14100;1000;988700;5213100;790800;0;0;0;0;2580;1282;276620;135169;181994;164;128;50;32;0;10557;10557;4559;134795;270724;0;0;0;0;0;0;0;0;0;0
278;0;1130;6923200;9400;35200;21300;29100;8900;400;600;16000;1000;1026400;4960400;805900;0;0;0;0;2580;1284;274028;134035;180502;172;129;50;32;0;10566;10566;4560;133652;269092;0;0;0;0;0;0;0;0;0;0
279;0;1133;7117900;8900;36000;23900;25900;7400;400;700;14400;800;1043200;5183800;764100;0;0;0;0;2580;1284;274028;134050;180502;164;128;50;32;0;10557;10557;4559;133676;268804;0;0;0;0;0;0;0;0;0;0
280;0;1136;6742300;10000;34000;19200;25900;7000;300;400;14700;800;934100;4917400;770400;0;0;0;0;2580;1284;274028;134139;180502;170;130;50;32;0;10565;10565;4561;133757;269092;0;0;0;0;0;0;0;0;0;0
281;0;1140;7373900;8300;35700;21300;29200;6400;300;700;16000;900;998300;4972700;1275100;0;0;0;0;2580;1285;273740;134208;180317;167;127;50;32;0;10559;10559;4558;133832;268804;0;0;0;0;0;0;0;0;0;0
282;0;1143;6968200;15200;38600;22100;36700;9300;400;1100;17000;1000;918700;5080700;815900;0;0;0;0;2580;1285;273740;134357;180317;181;134;50;32;0;10580;10580;4565;133960;268804;0;0;0;0;0;0;0;0;0;0
283;0;1146;6897400;9300;35900;22900;25400;7100;300;500;14700;900;1020400;4940600;810300;0;0;0;0;2580;1286;272780;134304;179758;207;136;50;32;0;10608;10608;4567;133879;268804;0;0;0;0;0;0;0;0;0;0
284;0;1150;7277000;9200;35500;21300;29100;6400;400;500;14400;800;981900;5407500;761600;0;0;0;0;2580;1283;275660;134687;181435;178;139;50;32;0;10582;10582;4570;134288;269764;0;0;0;0;0;0;0;0;0;0
285;0;1153;6837800;9000;42400;22300;25500;7100;300;600;14300;1000;962100;4970100;774700;0;0;0;0;2580;1283;274316;134086;180687;195;144;50;32;0;10604;10604;4575;133665;269092;0;0;0;0;0;0;0;0;0;0
286;0;1156;7327800;8500;35600;21100;29500;6000;400;600;15000;900;1101900;5330300;768900;0;0;0;0;2580;1284;274700;134000;180876;173;137;50;32;0;10575;10575;4568;133608;268804;0;0;0;0;0;0;0;0;0;0
287;0;1160;6902800;9600;35800;21300;29800;6800;300;600;14200;900;1039500;4945500;788900;0;0;0;0;2580;1284;274028;134669;180502;174;131;50;32;0;10570;10570;4562;134282;270052;0;0;0;0;0;0;0;0;0;0
288;0;1163;7158800;9100;51800;21100;31500;7200;300;400;13800;1000;1027100;5112700;874000;0;0;0;0;2580;1286;272780;134221;179758;168;128;50;32;0;10561;10561;4559;133843;268804;0;0;0;0;0;0;0;0;0;0
289;0;1166;6958000;9100;37400;21900;29700;8000;400;700;16500;900;1019900;4985900;819100;0;0;0;0;2580;1285;273740;134362;180317;153;124;50;32;0;10542;10542;4555;134003;269764;0;0;0;0;0;0;0;0;0;0
290;0;1170;7294400;9500;36400;21100;30000;7200;300;600;14600;800;1143900;4942100;1079300;0;0;0;0;2580;1285;273740;134609;180317;158;125;50;32;0;10548;10548;4556;134244;269764;0;0;0;0;0;0;0;0;0;0
291;0;1173;7062200;9700;37000;21400;29600;7100;400;700;17100;1300;1026300;5112700;789300;0;0;0;0;2580;1286;272780;133927;179758;151;126;50;32;0;10542;10542;4557;133568;268804;0;0;0;0;0;0;0;0;0;0
292;0;1176;6823900;9100;36600;21600;30000;6400;400;500;14700;900;1007400;4905100;782700;0;0;0;0;2580;1284;274028;134127;180502;163;130;50;32;0;10558;10558;4561;133752;269092;0;0;0;0;0;0;0;0;0;0
293;0;1180;7197300;7900;35600;21500;29800;5500;500;500;13700;900;1004700;5265800;800700;0;0;0;0;2580;1285;273740;134744;180317;167;124;50;32;0;10556;10556;4555;134371;269764;0;0;0;0;0;0;0;0;0;0
294;0;1183;6791600;9000;36100;24300;25600;7300;300;500;14100;1000;954600;4917100;793500;0;0;0;0;2580;1284;274028;134238;180502;164;129;50;32;0;10558;10558;4560;133863;269092;0;0;0;0;0;0;0;0;0;0
295;0;1186;6914100;8100;35200;21200;29600;6000;300;600;14100;1100;971900;5010400;808300;0;0;0;0;2580;1286;272780;134233;179758;184;130;50;32;0;10579;10579;4561;133837;268804;0;0;0;0;0;0;0;0;0;0
296;0;1190;7055400;9500;39100;21400;30000;7300;500;500;17000;1300;1095100;5031600;792900;0;0;0;0;2580;1284;274700;135103;180876;172;135;50;32;0;10572;10572;4566;134714;269764;0;0;0;0;0;0;0;0;0;0
297;0;1193;7071500;9000;36700;21200;29200;7600;400;600;17000;1200;1079500;5059300;800100;0;0;0;0;2580;1286;272780;133900;179758;177;134;50;32;0;10576;10576;4565;133507;268804;0;0;0;0;0;0;0;0;0;0
298;0;1196;7000300;7600;35900;21200;28400;7500;300;600;14400;1000;1021000;5094300;759500;0;0;0;0;2580;1286;272780;133912;179758;186;140;50;32;0;10591;10591;4571;133504;268804;0;0;0;0;0;0;0;0;0;0
299;0;1200;7040000;8000;36100;21300;30800;6700;300;600;13800;1100;1054300;4992600;865300;0;0;0;0;2580;1284;274028;134474;180502;183;140;50;32;0;10588;10588;4571;134069;269092;0;0;0;0;0;0;0;0;0;0
