# scene=solar_system_v1compat_belt.json;config=RelWithAsserts;cpu=12th Gen Intel(R) Core(TM) i7-1265U;affinity=4;ablation=none;rasterstats=1;lodstats=0;asserts_lib=1;res=1536x900;views=4;mesurees=240;chauffe=60;overhead_ns=30;resolution_ns=100
zone;median_ns;p95_ns;max_ns;pourmille_de_la_frame
FRAME;7055400;7564000;8169300;1000
Input;9100;11500;27800;1
Animation;36300;39400;52900;5
LocalXform1;21400;24000;28000;3
WorldXform1;29300;31300;43500;4
Cameras;6900;8900;17000;0
LocalXform2;400;500;600;0
WorldXform2;600;900;4600;0
Trigger;14700;17200;21500;2
BuildViews;1000;1500;4900;0
Clear;1027100;1118600;1284300;145
Render;5072300;5407500;6167200;718
Present;805900;1275100;1517800;114
RESTE;8600;12600;32600;1
Entities;0;0;0;0
XformNodes;0;0;0;0
TriggerPairs;0;0;0;0
TriggerHits;0;0;0;0
MeshesTested;2580;2580;2580;0
MeshesCulled;1283;1286;1287;0
FacesSubmitted;274988;282412;286380;0
TrisRasterized;134389;135706;136255;0
VertsTransformed;181061;185251;187394;0
TrisCov0;166;189;207;0
TrisCov1;131;140;149;0
TrisCov2to4;50;50;113;0
TrisCov5plus;32;32;409;0
TrisTightEmpty;0;0;0;0
PixelsTested;10562;10604;161599;0
PixelsTight;10562;10604;161599;0
PixelsCovered;4562;4573;53668;0
TrisEarlyRejected;134003;135207;135830;0
FacesInside;269092;271300;272548;0
InstPx0to1;0;0;0;0
InstPx1to4;0;0;0;0
InstPx4to16;0;0;0;0
InstPx16plus;0;0;0;0
FacesPx0to1;0;0;0;0
FacesPx1to4;0;0;0;0
FacesPx4to16;0;0;0;0
FacesPx16plus;0;0;0;0
VertsInside;0;0;0;0
TrisEmittedInside;0;0;0;0
