# scene=solar_system_v1compat.json;config=RelWithAsserts;cpu=12th Gen Intel(R) Core(TM) i7-1265U;affinity=fff;ablation=none;rasterstats=1;lodstats=0;asserts_lib=1;res=1536x900;views=2;mesurees=240;chauffe=60;overhead_ns=36;resolution_ns=100
zone;median_ns;p95_ns;max_ns;pourmille_de_la_frame
FRAME;3280000;4563700;6721200;1000
Input;15700;33300;120000;4
Animation;8400;13900;27400;2
LocalXform1;3100;4600;9900;0
WorldXform1;8400;12700;22600;2
Cameras;9100;14000;74200;2
LocalXform2;300;400;900;0
WorldXform2;500;800;47500;0
Trigger;26300;45900;137000;8
BuildViews;1200;2000;6400;0
Clear;1243400;1501200;1909600;379
Render;618300;903600;3372700;188
Present;1300000;2258700;2896200;396
RESTE;13300;25700;71800;4
Entities;0;0;0;0
XformNodes;0;0;0;0
TriggerPairs;0;0;0;0
TriggerHits;0;0;0;0
MeshesTested;86;86;86;0
MeshesCulled;83;83;83;0
FacesSubmitted;4272;5232;5232;0
TrisRasterized;151;631;632;0
VertsTransformed;2523;3082;3082;0
TrisCov0;4;6;165;0
TrisCov1;8;15;92;0
TrisCov2to4;32;32;48;0
TrisCov5plus;106;106;525;0
TrisTightEmpty;0;0;0;0
PixelsTested;81797;81982;685337;0
PixelsTight;81797;81982;685337;0
PixelsCovered;36336;36402;232745;0
TrisEarlyRejected;1;238;481;0
FacesInside;296;296;1256;0
InstPx0to1;0;0;0;0
InstPx1to4;0;0;0;0
InstPx4to16;0;0;0;0
InstPx16plus;0;0;0;0
FacesPx0to1;0;0;0;0
FacesPx1to4;0;0;0;0
FacesPx4to16;0;0;0;0
FacesPx16plus;0;0;0;0
VertsInside;0;0;0;0
TrisEmittedInside;0;0;0;0
