# scene=solar_system_v1compat.json;config=RelWithAsserts;cpu=12th Gen Intel(R) Core(TM) i7-1265U;affinity=fff;ablation=none;rasterstats=1;lodstats=0;asserts_lib=1;res=1536x900;views=2;frames=300;warmup=60;overhead_ns=36;resolution_ns=100
frame;warmup;sim_millidays;frame_ns;Input_ns;Animation_ns;LocalXform1_ns;WorldXform1_ns;Cameras_ns;LocalXform2_ns;WorldXform2_ns;Trigger_ns;BuildViews_ns;Clear_ns;Render_ns;Present_ns;Entities;XformNodes;TriggerPairs;TriggerHits;MeshesTested;MeshesCulled;FacesSubmitted;TrisRasterized;VertsTransformed;TrisCov0;TrisCov1;TrisCov2to4;TrisCov5plus;TrisTightEmpty;PixelsTested;PixelsTight;PixelsCovered;TrisEarlyRejected;FacesInside;InstPx0to1;InstPx1to4;InstPx4to16;InstPx16plus;FacesPx0to1;FacesPx1to4;FacesPx4to16;FacesPx16plus;VertsInside;TrisEmittedInside
0;1;203;19806800;595700;11400;9200;9300;17900;500;500;37500;1100;2277600;823500;13363400;0;0;0;0;86;81;6192;1061;3641;27;47;141;835;0;104045;104045;33840;11;1256;0;0;0;0;0;0;0;0;0;0
1;1;206;8122300;2061700;8600;3300;8700;7000;300;500;33800;900;1176500;1580400;3225500;0;0;0;0;86;81;6192;1055;3641;18;34;144;844;0;183859;183859;70164;15;1256;0;0;0;0;0;0;0;0;0;0
2;1;210;7054600;301000;10700;4300;9900;11800;300;400;38000;1800;1732600;1417700;3494900;0;0;0;0;86;81;6192;1055;3641;4;10;40;538;0;171047;171047;65793;463;296;0;0;0;0;0;0;0;0;0;0
3;1;213;3980500;16500;7000;2600;6200;6600;200;300;18900;1000;1441400;1200100;1266800;0;0;0;0;86;82;5232;597;3082;4;13;41;538;0;174816;174816;66885;1;296;0;0;0;0;0;0;0;0;0;0
4;1;216;3811200;12800;10000;3000;9700;11800;300;500;31200;1200;1117300;1457400;1144200;0;0;0;0;86;82;5232;591;3082;4;8;38;540;0;177034;177034;68044;1;296;0;0;0;0;0;0;0;0;0;0
5;1;220;8168400;15700;10200;2300;8400;9100;200;500;30200;1800;1232900;1401200;5435200;0;0;0;0;86;81;6192;1055;3641;18;23;121;889;0;201060;201060;75897;4;1256;0;0;0;0;0;0;0;0;0;0
6;1;223;4198300;12300;5900;2400;6500;5500;200;700;18100;800;1069000;1325800;1739000;0;0;0;0;86;81;6192;1063;3641;28;44;139;841;0;200953;200953;75536;11;1256;0;0;0;0;0;0;0;0;0;0
7;1;226;4374100;25300;9300;3200;10700;10900;300;500;36400;1400;1242800;1752700;1267600;0;0;0;0;86;81;6192;1057;3641;10;14;53;637;0;200819;200819;74552;343;296;0;0;0;0;0;0;0;0;0;0
8;1;230;5280100;13200;8500;3400;12200;18000;300;1000;35800;1600;1121600;1364400;2671300;0;0;0;0;86;82;5232;597;3082;6;8;39;543;0;194682;194682;73370;1;296;0;0;0;0;0;0;0;0;0;0
9;1;233;6169600;21800;7000;3700;12100;8900;300;400;23300;1000;959700;1128600;3988500;0;0;0;0;86;82;5232;595;3082;6;14;35;539;0;199669;199669;74905;1;296;0;0;0;0;0;0;0;0;0;0
10;1;236;3784300;14700;7200;2500;7200;6600;200;300;19400;800;1140800;1407900;1165700;0;0;0;0;86;81;6192;1049;3641;5;17;46;601;0;207151;207151;78323;380;296;0;0;0;0;0;0;0;0;0;0
11;1;240;5693400;28200;8900;3200;9200;8400;300;600;34000;1300;1288700;1964200;2320500;0;0;0;0;86;81;6192;1051;3641;26;32;134;830;0;222146;222146;83258;29;1256;0;0;0;0;0;0;0;0;0;0
12;1;243;3639900;28500;8700;2700;12800;10600;300;400;29700;2200;1052400;1512900;959100;0;0;0;0;86;81;6192;1047;3641;19;23;104;863;0;234147;234147;86905;38;1256;0;0;0;0;0;0;0;0;0;0
13;1;246;3778900;12200;6000;2500;5800;6300;200;200;17900;700;938100;1357900;1416100;0;0;0;0;86;82;5232;589;3082;6;9;36;505;0;208818;208818;78888;33;296;0;0;0;0;0;0;0;0;0;0
14;1;250;5788100;14900;11600;3000;8700;7200;200;400;33400;900;1505600;1546700;2643900;0;0;0;0;86;82;5232;593;3082;10;8;34;498;0;210471;210471;79159;43;296;0;0;0;0;0;0;0;0;0;0
15;1;253;4361600;31300;7200;3000;6100;8700;300;300;39400;1400;1065100;1457100;1721600;0;0;0;0;86;82;5232;591;3082;4;8;37;491;0;210979;210979;79229;51;296;0;0;0;0;0;0;0;0;0;0
16;1;256;3685400;12900;6600;2600;9100;9100;300;300;22100;900;1067600;1394800;1147300;0;0;0;0;86;81;6192;1055;3641;27;29;108;827;0;236127;236127;87132;64;1256;0;0;0;0;0;0;0;0;0;0
17;1;260;4049100;12200;6300;2300;6600;9700;200;400;19800;1000;1205500;1365400;1401200;0;0;0;0;86;81;6192;1049;3641;21;29;121;792;0;231120;231120;85894;86;1256;0;0;0;0;0;0;0;0;0;0
18;1;263;4292400;14300;6900;2500;6700;8000;200;300;20000;900;1184100;1208700;1828000;0;0;0;0;86;82;5232;583;3082;4;8;34;453;0;208772;208772;78268;84;296;0;0;0;0;0;0;0;0;0;0
19;1;266;4940500;20300;12400;3300;9900;14100;300;400;37100;3000;1966800;1322900;1514700;0;0;0;0;86;82;5232;581;3082;5;9;35;438;0;208486;208486;77568;94;296;0;0;0;0;0;0;0;0;0;0
20;1;270;3345600;15200;7100;2600;8400;12000;200;300;21500;900;952000;1113700;1201300;0;0;0;0;86;82;5232;579;3082;6;9;38;431;0;208219;208219;76660;95;296;0;0;0;0;0;0;0;0;0;0
21;1;273;3679200;15100;6000;2900;6500;6100;200;300;19300;700;1085500;1210200;1315700;0;0;0;0;86;81;6192;1031;3641;7;11;42;449;0;208658;208658;76233;522;296;0;0;0;0;0;0;0;0;0;0
22;1;276;4507500;13700;7700;2100;6900;7200;100;400;19800;1000;1214800;1881200;1339900;0;0;0;0;86;81;6192;1041;3641;16;28;113;743;0;227959;227959;81639;141;1256;0;0;0;0;0;0;0;0;0;0
23;1;280;3434400;14000;7100;2300;8500;13900;200;300;23100;1100;805700;1178000;1366300;0;0;0;0;86;81;6192;1043;3641;8;10;38;399;0;204569;204569;72694;588;296;0;0;0;0;0;0;0;0;0;0
24;1;283;3497700;12200;6700;2400;9300;6700;200;300;20400;1400;978100;1050700;1400000;0;0;0;0;86;82;5232;585;3082;4;12;39;383;0;202642;202642;70983;147;296;0;0;0;0;0;0;0;0;0;0
25;1;286;3536400;14500;6500;2100;6000;5600;300;300;18500;700;1006900;991100;1472700;0;0;0;0;86;82;5232;583;3082;8;9;36;376;0;200480;200480;69016;154;296;0;0;0;0;0;0;0;0;0;0
26;1;290;4182600;26200;8900;2900;12600;9400;300;500;30500;1300;1272500;1527600;1277000;0;0;0;0;86;82;5232;583;3082;5;10;35;360;0;195822;195822;66865;173;296;0;0;0;0;0;0;0;0;0;0
27;1;293;5221700;15400;8500;3500;7500;7300;200;300;20300;900;1171500;1708400;2245700;0;0;0;0;86;81;6192;1045;3641;23;25;92;715;0;222094;222094;74644;190;1256;0;0;0;0;0;0;0;0;0;0
28;1;296;3850000;18000;13200;2500;7200;7800;200;400;21800;800;1132000;1258400;1373500;0;0;0;0;86;81;6192;1033;3641;15;18;90;702;0;217858;217858;73424;208;1256;0;0;0;0;0;0;0;0;0;0
29;1;300;3536600;13900;11300;4800;13500;11000;300;300;20300;800;1105600;932400;1411500;0;0;0;0;86;82;5232;577;3082;6;8;32;312;0;172369;172369;58975;219;296;0;0;0;0;0;0;0;0;0;0
30;1;303;3790900;15000;7900;3700;10100;9700;300;500;33600;1200;1298800;1162900;1236400;0;0;0;0;86;82;5232;579;3082;5;8;33;295;0;160857;160857;55941;238;296;0;0;0;0;0;0;0;0;0;0
31;1;306;4124600;17000;8500;2700;8500;9900;300;400;28300;1100;1125500;872600;2034800;0;0;0;0;86;82;5232;577;3082;4;11;37;262;0;145889;145889;52713;263;296;0;0;0;0;0;0;0;0;0;0
32;1;310;2720300;10700;6300;2600;6600;7200;200;300;19500;900;928100;714800;1016500;0;0;0;0;86;81;6192;1031;3641;7;9;37;300;0;135450;135450;51349;678;296;0;0;0;0;0;0;0;0;0;0
33;1;313;3077900;23200;7800;2500;9300;9000;200;400;18600;700;1000100;863400;1132100;0;0;0;0;86;81;6192;1017;3641;13;24;97;562;0;146871;146871;56698;321;1256;0;0;0;0;0;0;0;0;0;0
34;1;316;3332400;11000;6400;2800;6900;8100;200;500;21000;1900;1117200;574700;1566400;0;0;0;0;86;82;5232;567;3082;7;12;32;170;0;100990;100990;42516;346;296;0;0;0;0;0;0;0;0;0;0
35;1;320;2972700;15500;7800;2300;6300;10300;200;300;19500;1400;1208600;512100;1172800;0;0;0;0;86;82;5232;567;3082;7;8;35;142;0;90399;90399;39389;375;296;0;0;0;0;0;0;0;0;0;0
36;1;323;4203400;14800;6400;2500;7200;6700;200;400;19600;800;1189400;547900;2394400;0;0;0;0;86;82;5232;571;3082;4;9;34;117;0;83471;83471;36924;407;296;0;0;0;0;0;0;0;0;0;0
37;1;326;2554800;17700;6600;2300;7600;7200;200;300;26200;800;896400;494100;1087900;0;0;0;0;86;82;5232;565;3082;4;8;32;106;0;81797;81797;36336;415;296;0;0;0;0;0;0;0;0;0;0
38;1;330;3052200;16400;6100;3000;7000;6200;200;300;20000;800;1014200;790000;1176800;0;0;0;0;86;81;6192;1013;3641;17;16;71;490;0;123428;123428;50107;419;1256;0;0;0;0;0;0;0;0;0;0
39;1;333;3709300;21100;8300;3500;7300;10500;200;500;22600;1100;1212100;487200;1924300;0;0;0;0;86;81;6192;1019;3641;4;8;32;106;0;81797;81797;36336;869;296;0;0;0;0;0;0;0;0;0;0
40;1;336;3066400;14700;7200;2600;7000;6400;200;300;31100;1000;1207600;483800;1283900;0;0;0;0;86;82;5232;563;3082;4;8;32;106;0;81797;81797;36336;413;296;0;0;0;0;0;0;0;0;0;0
41;1;340;4039400;17200;8100;3300;7300;7300;200;300;20400;900;1146600;671900;2127800;0;0;0;0;86;82;5232;555;3082;4;8;32;106;0;81797;81797;36336;405;296;0;0;0;0;0;0;0;0;0;0
42;1;343;2564200;11600;6500;2500;6700;6600;200;400;22000;800;910100;482900;1105900;0;0;0;0;86;82;5232;557;3082;4;8;32;106;0;81797;81797;36336;407;296;0;0;0;0;0;0;0;0;0;0
43;1;346;2894100;10700;13400;3000;6200;8000;200;300;19300;900;1031900;657500;1130800;0;0;0;0;86;81;6192;1007;3641;5;13;41;256;0;108152;108152;45918;692;296;0;0;0;0;0;0;0;0;0;0
44;1;350;3464300;14000;7100;2200;10500;6800;200;300;20700;800;1179700;898900;1306500;0;0;0;0;86;81;6192;1005;3641;10;15;59;506;0;138857;138857;54739;415;1256;0;0;0;0;0;0;0;0;0;0
45;1;353;2924600;14200;7200;2200;7400;9400;200;400;19800;1200;1182100;495200;1172600;0;0;0;0;86;82;5232;553;3082;4;8;32;106;0;81797;81797;36336;403;296;0;0;0;0;0;0;0;0;0;0
46;1;356;3771600;11700;6000;2400;7300;9400;200;400;20600;1000;1155700;436400;2108000;0;0;0;0;86;82;5232;551;3082;4;8;32;106;0;81797;81797;36336;401;296;0;0;0;0;0;0;0;0;0;0
47;1;360;2525200;44200;6400;2100;7000;7300;200;400;21200;900;861600;455400;1110100;0;0;0;0;86;82;5232;545;3082;4;8;32;106;0;81797;81797;36336;395;296;0;0;0;0;0;0;0;0;0;0
48;1;363;2844800;14800;6200;2200;6300;7000;200;200;20400;800;1055500;473900;1246500;0;0;0;0;86;82;5232;539;3082;4;8;32;106;0;81797;81797;36336;389;296;0;0;0;0;0;0;0;0;0;0
49;1;366;3802100;13300;5900;2300;6300;6100;200;300;18300;1100;1155100;1061400;1515700;0;0;0;0;86;81;6192;987;3641;11;14;53;510;0;145348;145348;57205;399;1256;0;0;0;0;0;0;0;0;0;0
50;1;370;3006300;22000;11600;2800;10700;13300;200;300;23300;1700;1182600;457100;1265700;0;0;0;0;86;83;4272;151;2523;4;8;32;106;0;81797;81797;36336;1;296;0;0;0;0;0;0;0;0;0;0
51;1;373;3798100;15300;10300;4100;9100;8700;300;500;34900;1200;1232200;709300;1759100;0;0;0;0;86;83;4272;151;2523;4;8;32;106;0;81797;81797;36336;1;296;0;0;0;0;0;0;0;0;0;0
52;1;376;3179100;26900;17600;3600;15200;16000;300;400;39000;4300;1387100;564200;1082100;0;0;0;0;86;83;4272;151;2523;4;8;32;106;0;81797;81797;36336;1;296;0;0;0;0;0;0;0;0;0;0
53;1;380;2905400;20300;15900;5300;11100;8000;200;500;21900;1100;1207800;419900;1177300;0;0;0;0;86;83;4272;151;2523;4;8;32;106;0;81797;81797;36336;1;296;0;0;0;0;0;0;0;0;0;0
54;1;383;3231200;14900;6200;2200;6600;10000;200;300;19600;900;1159400;994200;1005800;0;0;0;0;86;82;5232;585;3082;11;12;49;439;0;173011;173011;69514;74;296;0;0;0;0;0;0;0;0;0;0
55;1;386;3121700;15100;5600;2500;6600;7300;200;400;25100;1300;1243700;546200;1254200;0;0;0;0;86;82;5232;595;3082;4;8;32;106;0;81797;81797;36336;445;296;0;0;0;0;0;0;0;0;0;0
56;1;390;3690500;13200;6500;2700;7000;8000;200;400;19900;800;1204800;492700;1921300;0;0;0;0;86;83;4272;151;2523;4;8;32;106;0;81797;81797;36336;1;296;0;0;0;0;0;0;0;0;0;0
57;1;393;3205300;27500;15700;3700;11800;13000;300;1100;37000;2300;1276700;631500;1168000;0;0;0;0;86;83;4272;151;2523;4;8;32;106;0;81797;81797;36336;1;296;0;0;0;0;0;0;0;0;0;0
58;1;396;2937000;13900;7300;2400;7300;8000;200;300;22200;1000;1197900;427900;1238300;0;0;0;0;86;83;4272;151;2523;4;8;32;106;0;81797;81797;36336;1;296;0;0;0;0;0;0;0;0;0;0
59;1;400;2849500;27700;6800;2300;7300;9200;200;400;19300;800;1153400;408500;1204000;0;0;0;0;86;83;4272;151;2523;4;8;32;106;0;81797;81797;36336;1;296;0;0;0;0;0;0;0;0;0;0
60;0;403;3445400;11300;6200;2200;9100;8000;200;1200;21600;2200;1049500;1299600;1024100;0;0;0;0;86;82;5232;583;3082;6;15;48;512;0;203579;203579;75904;2;1256;0;0;0;0;0;0;0;0;0;0
61;0;406;3282100;14300;5600;2300;6500;7100;200;300;18300;1000;1101400;442300;1672900;0;0;0;0;86;83;4272;151;2523;4;8;32;106;0;81797;81797;36336;1;296;0;0;0;0;0;0;0;0;0;0
62;0;410;2727300;29100;12800;3900;12200;20300;200;500;27300;1600;1065400;493700;1047700;0;0;0;0;86;83;4272;151;2523;4;8;32;106;0;81797;81797;36336;1;296;0;0;0;0;0;0;0;0;0;0
63;0;413;2714500;9800;6400;2200;6300;8400;200;400;19100;800;1022000;480500;1148200;0;0;0;0;86;83;4272;151;2523;4;8;32;106;0;81797;81797;36336;1;296;0;0;0;0;0;0;0;0;0;0
64;0;416;2846000;9600;6200;2200;6200;7700;200;400;18800;1000;1141700;406800;1234100;0;0;0;0;86;83;4272;151;2523;4;8;32;106;0;81797;81797;36336;1;296;0;0;0;0;0;0;0;0;0;0
65;0;420;3907200;18600;7800;2000;6700;7800;200;500;21100;900;1180800;1465700;1182600;0;0;0;0;86;82;5232;575;3082;4;10;35;525;0;311903;311903;112019;1;296;0;0;0;0;0;0;0;0;0;0
66;0;423;2887500;15400;7000;2500;6800;8400;200;400;19500;800;1149100;422900;1242900;0;0;0;0;86;83;4272;151;2523;4;8;32;106;0;81797;81797;36336;1;296;0;0;0;0;0;0;0;0;0;0
67;0;426;3934200;15400;8100;2900;8100;10700;300;400;23100;800;1230100;605800;1995500;0;0;0;0;86;83;4272;151;2523;4;8;32;106;0;81797;81797;36336;1;296;0;0;0;0;0;0;0;0;0;0
68;0;430;2710900;10400;5300;2700;5900;5900;200;300;17900;800;1072100;459700;1121900;0;0;0;0;86;83;4272;151;2523;4;8;32;106;0;81797;81797;36336;1;296;0;0;0;0;0;0;0;0;0;0
69;0;433;3035900;16500;7600;2700;7000;8500;200;300;24700;1300;1154600;438700;1359600;0;0;0;0;86;83;4272;151;2523;4;8;32;106;0;81797;81797;36336;1;296;0;0;0;0;0;0;0;0;0;0
70;0;436;2983600;17700;6700;2600;9500;5600;100;200;19400;700;1169200;451300;1289400;0;0;0;0;86;83;4272;151;2523;4;8;32;106;0;81797;81797;36336;1;296;0;0;0;0;0;0;0;0;0;0
71;0;440;3211600;18400;14200;4400;14300;14000;300;700;25100;1400;1348100;721600;1037200;0;0;0;0;86;82;5232;561;3082;4;8;32;106;0;81797;81797;36336;411;296;0;0;0;0;0;0;0;0;0;0
72;0;443;3398700;13500;6300;2400;7600;6400;200;200;20000;800;1169000;452700;1707400;0;0;0;0;86;83;4272;151;2523;4;8;32;106;0;81797;81797;36336;1;296;0;0;0;0;0;0;0;0;0;0
73;0;446;2817400;43400;11500;4400;12300;14500;300;400;35700;6400;1103300;485100;1078200;0;0;0;0;86;83;4272;151;2523;4;8;32;106;0;81797;81797;36336;1;296;0;0;0;0;0;0;0;0;0;0
74;0;450;2971600;10300;6800;2500;6900;9000;200;400;21100;800;1120300;454700;1327700;0;0;0;0;86;83;4272;151;2523;4;8;32;106;0;81797;81797;36336;1;296;0;0;0;0;0;0;0;0;0;0
75;0;453;2953800;17400;8300;2900;8300;8500;200;300;20400;800;1225000;423700;1225400;0;0;0;0;86;83;4272;151;2523;4;8;32;106;0;81797;81797;36336;1;296;0;0;0;0;0;0;0;0;0;0
76;0;456;6721200;16800;8100;2600;8500;8400;300;400;26900;900;1289600;3372700;1972700;0;0;0;0;86;82;5232;531;3082;4;8;32;461;0;685337;685337;232745;26;296;0;0;0;0;0;0;0;0;0;0
77;0;460;3420600;15200;7100;2700;6800;6600;200;300;22200;1500;1246200;907000;1193900;0;0;0;0;86;83;4272;151;2523;4;8;32;106;0;81797;81797;36336;1;296;0;0;0;0;0;0;0;0;0;0
78;0;463;3130500;11300;6600;2400;8200;7900;200;300;21100;1100;1218400;719000;1123100;0;0;0;0;86;83;4272;151;2523;4;8;32;106;0;81797;81797;36336;1;296;0;0;0;0;0;0;0;0;0;0
79;0;466;2938000;13600;7400;3800;6800;7500;200;300;22000;800;1129400;683600;1040500;0;0;0;0;86;83;4272;151;2523;4;8;32;106;0;81797;81797;36336;1;296;0;0;0;0;0;0;0;0;0;0
80;0;470;3236700;14200;12100;2700;9500;12900;300;500;33800;1300;1160700;647800;1316900;0;0;0;0;86;83;4272;151;2523;4;8;32;106;0;81797;81797;36336;1;296;0;0;0;0;0;0;0;0;0;0
81;0;473;3155900;13400;9500;2400;8500;10800;300;400;32300;2200;1259700;650100;1154300;0;0;0;0;86;83;4272;151;2523;4;8;32;106;0;81797;81797;36336;1;296;0;0;0;0;0;0;0;0;0;0
82;0;476;4042800;15800;8100;2900;8600;9800;300;400;28000;1400;1263800;594400;2095800;0;0;0;0;86;83;4272;151;2523;4;8;32;106;0;81797;81797;36336;1;296;0;0;0;0;0;0;0;0;0;0
83;0;480;3531400;12100;6600;2700;6600;6700;300;300;20800;800;1271100;673800;1512400;0;0;0;0;86;83;4272;151;2523;4;8;32;106;0;81797;81797;36336;1;296;0;0;0;0;0;0;0;0;0;0
84;0;483;2785100;16100;7300;3000;6500;7600;300;300;20300;800;1239800;418000;1044000;0;0;0;0;86;83;4272;151;2523;4;8;32;106;0;81797;81797;36336;1;296;0;0;0;0;0;0;0;0;0;0
85;0;486;3177800;23200;7300;2900;11900;8000;300;400;34700;1300;1133900;652800;1279800;0;0;0;0;86;83;4272;151;2523;4;8;32;106;0;81797;81797;36336;1;296;0;0;0;0;0;0;0;0;0;0
86;0;490;3031500;14100;5800;2400;7400;7000;200;400;20400;900;1161900;475400;1324200;0;0;0;0;86;83;4272;151;2523;4;8;32;106;0;81797;81797;36336;1;296;0;0;0;0;0;0;0;0;0;0
87;0;493;3943300;120000;7300;3100;6200;5800;200;300;18600;900;1151100;681300;1930300;0;0;0;0;86;83;4272;151;2523;4;8;32;106;0;81797;81797;36336;1;296;0;0;0;0;0;0;0;0;0;0
88;0;496;3051900;13000;8100;3300;8600;8900;300;500;40100;1400;1312900;438000;1205200;0;0;0;0;86;83;4272;151;2523;4;8;32;106;0;81797;81797;36336;1;296;0;0;0;0;0;0;0;0;0;0
89;0;500;2981700;31400;13600;4600;11300;11100;400;700;42300;1400;1122400;421900;1308800;0;0;0;0;86;83;4272;151;2523;4;8;32;106;0;81797;81797;36336;1;296;0;0;0;0;0;0;0;0;0;0
90;0;503;2950900;15400;6900;2400;10700;7000;200;300;20500;800;1074000;454700;1345700;0;0;0;0;86;83;4272;151;2523;4;8;32;106;0;81797;81797;36336;1;296;0;0;0;0;0;0;0;0;0;0
91;0;506;3335500;14100;8800;2600;9500;9700;300;600;35300;1600;1289900;676500;1272900;0;0;0;0;86;83;4272;151;2523;4;8;32;106;0;81797;81797;36336;1;296;0;0;0;0;0;0;0;0;0;0
92;0;510;3847900;52500;18100;3600;10500;10500;300;400;39100;2000;1909200;518200;1267000;0;0;0;0;86;83;4272;151;2523;4;8;32;106;0;81797;81797;36336;1;296;0;0;0;0;0;0;0;0;0;0
93;0;513;3181400;26400;8800;3100;10100;10000;300;400;38800;1400;1232500;669600;1160200;0;0;0;0;86;83;4272;151;2523;4;8;32;106;0;81797;81797;36336;1;296;0;0;0;0;0;0;0;0;0;0
94;0;516;2795600;12100;8700;3200;8600;10300;300;500;33100;1300;1154600;611500;940600;0;0;0;0;86;83;4272;151;2523;4;8;32;106;0;81797;81797;36336;1;296;0;0;0;0;0;0;0;0;0;0
95;0;520;3143100;19500;8700;3600;11300;12300;300;500;37900;1100;1132300;624200;1278800;0;0;0;0;86;83;4272;151;2523;4;8;32;106;0;81797;81797;36336;1;296;0;0;0;0;0;0;0;0;0;0
96;0;523;3104600;18000;8700;3600;9200;10200;400;500;38100;1400;1304400;586300;1111000;0;0;0;0;86;83;4272;151;2523;4;8;32;106;0;81797;81797;36336;1;296;0;0;0;0;0;0;0;0;0;0
97;0;526;4448500;29500;9300;6700;10000;8900;200;400;31300;1300;1329000;738600;2258700;0;0;0;0;86;83;4272;151;2523;4;8;32;106;0;81797;81797;36336;1;296;0;0;0;0;0;0;0;0;0;0
98;0;530;3093700;15500;8700;3400;8500;9300;300;400;21900;1200;1300400;450800;1260100;0;0;0;0;86;83;4272;151;2523;4;8;32;106;0;81797;81797;36336;1;296;0;0;0;0;0;0;0;0;0;0
99;0;533;2763000;14100;7500;3200;9800;8300;300;500;36200;1300;1158500;540100;969300;0;0;0;0;86;83;4272;151;2523;4;8;32;106;0;81797;81797;36336;1;296;0;0;0;0;0;0;0;0;0;0
100;0;536;3217900;12300;12700;3300;9700;14600;300;500;37000;1200;1183900;677200;1245100;0;0;0;0;86;83;4272;151;2523;4;8;32;106;0;81797;81797;36336;1;296;0;0;0;0;0;0;0;0;0;0
101;0;540;3267100;14100;8600;3100;8100;9600;200;400;28100;1100;1277800;731500;1174200;0;0;0;0;86;83;4272;151;2523;4;8;32;106;0;81797;81797;36336;1;296;0;0;0;0;0;0;0;0;0;0
102;0;543;4338200;18000;9700;3900;9600;11300;200;400;33900;1300;1496300;742300;1998000;0;0;0;0;86;83;4272;151;2523;4;8;32;106;0;81797;81797;36336;1;296;0;0;0;0;0;0;0;0;0;0
103;0;546;2859100;12800;6300;2600;6600;6500;200;300;21400;900;1128200;467500;1195100;0;0;0;0;86;83;4272;151;2523;4;8;32;106;0;81797;81797;36336;1;296;0;0;0;0;0;0;0;0;0;0
104;0;550;2751200;12200;5900;2600;6200;6200;300;300;19600;900;1122900;516000;1047200;0;0;0;0;86;83;4272;151;2523;4;8;32;106;0;81797;81797;36336;1;296;0;0;0;0;0;0;0;0;0;0
105;0;553;2761900;11200;6000;2300;7500;6200;200;300;19700;1400;1121000;437800;1140300;0;0;0;0;86;83;4272;151;2523;4;8;32;106;0;81797;81797;36336;1;296;0;0;0;0;0;0;0;0;0;0
106;0;556;3356300;15700;9300;3000;8700;7900;200;300;18900;1100;1450500;650200;1179600;0;0;0;0;86;83;4272;151;2523;4;8;32;106;0;81797;81797;36336;1;296;0;0;0;0;0;0;0;0;0;0
107;0;560;4373400;14600;8300;3500;9200;9200;300;400;33900;1500;1308800;618300;2351800;0;0;0;0;86;83;4272;151;2523;4;8;32;106;0;81797;81797;36336;1;296;0;0;0;0;0;0;0;0;0;0
108;0;563;3236300;13900;8900;3900;9900;8400;400;600;40300;1900;1208000;768700;1158400;0;0;0;0;86;83;4272;151;2523;4;8;32;106;0;81797;81797;36336;1;296;0;0;0;0;0;0;0;0;0;0
109;0;566;2690700;13600;5700;2400;6400;6200;300;400;19900;800;1088300;458700;1079000;0;0;0;0;86;83;4272;151;2523;4;8;32;106;0;81797;81797;36336;1;296;0;0;0;0;0;0;0;0;0;0
110;0;570;2819700;13000;6500;4300;6600;6300;300;400;20800;800;1142500;483800;1125100;0;0;0;0;86;83;4272;151;2523;4;8;32;106;0;81797;81797;36336;1;296;0;0;0;0;0;0;0;0;0;0
111;0;573;4050900;11000;19700;2600;9600;11300;200;500;32800;1600;1396700;693000;1860600;0;0;0;0;86;83;4272;151;2523;4;8;32;106;0;81797;81797;36336;1;296;0;0;0;0;0;0;0;0;0;0
112;0;576;4176900;14000;8300;2700;9500;10400;300;500;36400;1300;1375200;742000;1954800;0;0;0;0;86;83;4272;151;2523;4;8;32;106;0;81797;81797;36336;1;296;0;0;0;0;0;0;0;0;0;0
113;0;580;3072100;12500;10100;3100;10200;9700;200;500;34900;1600;1124000;736600;1117200;0;0;0;0;86;83;4272;151;2523;4;8;32;106;0;81797;81797;36336;1;296;0;0;0;0;0;0;0;0;0;0
114;0;583;2755900;12100;7800;3400;7500;10500;200;500;19400;1600;1071400;433300;1179900;0;0;0;0;86;83;4272;151;2523;4;8;32;106;0;81797;81797;36336;1;296;0;0;0;0;0;0;0;0;0;0
115;0;586;2982300;15600;8700;3000;12900;8900;300;600;35900;1700;1143100;658700;1079400;0;0;0;0;86;83;4272;151;2523;4;8;32;106;0;81797;81797;36336;1;296;0;0;0;0;0;0;0;0;0;0
116;0;590;3565400;16900;11500;5400;10500;14000;300;500;26000;1400;1364800;695100;1405900;0;0;0;0;86;83;4272;151;2523;4;8;32;106;0;81797;81797;36336;1;296;0;0;0;0;0;0;0;0;0;0
117;0;593;4648100;16000;8200;3500;9700;10700;200;500;35600;2100;1441000;832600;2269200;0;0;0;0;86;83;4272;151;2523;4;8;32;106;0;81797;81797;36336;1;296;0;0;0;0;0;0;0;0;0;0
118;0;596;2789200;13200;7900;2900;8400;10200;300;500;23200;800;1047900;469100;1194800;0;0;0;0;86;83;4272;151;2523;4;8;32;106;0;81797;81797;36336;1;296;0;0;0;0;0;0;0;0;0;0
119;0;600;3081800;12300;6000;4800;7000;6500;200;800;22700;900;1104800;456700;1448800;0;0;0;0;86;83;4272;151;2523;4;8;32;106;0;81797;81797;36336;1;296;0;0;0;0;0;0;0;0;0;0
120;0;603;2693800;14900;6600;2900;6900;6700;200;300;21200;800;1056100;477200;1079800;0;0;0;0;86;83;4272;151;2523;4;8;32;106;0;81797;81797;36336;1;296;0;0;0;0;0;0;0;0;0;0
121;0;606;3280000;17100;10500;3800;10500;11500;400;500;37500;2000;1335100;649900;1190000;0;0;0;0;86;83;4272;151;2523;4;8;32;106;0;81797;81797;36336;1;296;0;0;0;0;0;0;0;0;0;0
122;0;610;4006500;13900;7400;2700;6600;9100;100;800;19300;1000;1194800;567000;2159200;0;0;0;0;86;83;4272;151;2523;4;8;32;106;0;81797;81797;36336;1;296;0;0;0;0;0;0;0;0;0;0
123;0;613;2939400;13300;6800;2700;6700;8000;200;400;21800;1000;1142400;428200;1297500;0;0;0;0;86;83;4272;151;2523;4;8;32;106;0;81797;81797;36336;1;296;0;0;0;0;0;0;0;0;0;0
124;0;616;3047600;15100;8100;3300;8800;9000;300;400;36400;1600;1283500;639200;1030400;0;0;0;0;86;83;4272;151;2523;4;8;32;106;0;81797;81797;36336;1;296;0;0;0;0;0;0;0;0;0;0
125;0;620;2970200;12600;6300;2200;6600;6400;200;300;19400;800;1074700;524400;1305400;0;0;0;0;86;83;4272;151;2523;4;8;32;106;0;81797;81797;36336;1;296;0;0;0;0;0;0;0;0;0;0
126;0;623;3452200;14200;6500;3100;6400;7900;300;300;19500;1400;1470500;582900;1323400;0;0;0;0;86;83;4272;151;2523;4;8;32;106;0;81797;81797;36336;1;296;0;0;0;0;0;0;0;0;0;0
127;0;626;3833200;22200;6000;2300;6600;13300;300;400;19100;900;1383700;515400;1841200;0;0;0;0;86;83;4272;151;2523;4;8;32;106;0;81797;81797;36336;1;296;0;0;0;0;0;0;0;0;0;0
128;0;630;2750600;13000;6500;2500;6700;6700;300;300;22500;800;1111400;427000;1140800;0;0;0;0;86;83;4272;151;2523;4;8;32;106;0;81797;81797;36336;1;296;0;0;0;0;0;0;0;0;0;0
129;0;633;2741500;14100;7800;3400;7000;6700;200;300;22200;900;1179300;442900;1047100;0;0;0;0;86;83;4272;151;2523;4;8;32;106;0;81797;81797;36336;1;296;0;0;0;0;0;0;0;0;0;0
130;0;636;2623800;11700;6400;2700;6800;6100;300;300;21300;800;1118200;409500;1030400;0;0;0;0;86;83;4272;151;2523;4;8;32;106;0;81797;81797;36336;1;296;0;0;0;0;0;0;0;0;0;0
131;0;640;3588100;12400;8300;2700;6400;9200;200;500;19500;1100;1347200;696300;1471900;0;0;0;0;86;83;4272;151;2523;4;8;32;106;0;81797;81797;36336;1;296;0;0;0;0;0;0;0;0;0;0
132;0;643;3748900;16600;9800;3700;10100;9700;300;600;46300;1400;1390400;726500;1518900;0;0;0;0;86;83;4272;151;2523;4;8;32;106;0;81797;81797;36336;1;296;0;0;0;0;0;0;0;0;0;0
133;0;646;4107300;18000;9900;3700;11100;11500;300;400;37600;1300;1351900;726500;1913700;0;0;0;0;86;83;4272;151;2523;4;8;32;106;0;81797;81797;36336;1;296;0;0;0;0;0;0;0;0;0;0
134;0;650;2951600;12500;7000;2900;6800;7400;200;300;21700;800;1148200;468700;1265400;0;0;0;0;86;83;4272;151;2523;4;8;32;106;0;81797;81797;36336;1;296;0;0;0;0;0;0;0;0;0;0
135;0;653;3925900;16700;9300;3000;9200;7800;300;400;34800;1600;1445800;788200;1596000;0;0;0;0;86;83;4272;151;2523;4;8;32;106;0;81797;81797;36336;1;296;0;0;0;0;0;0;0;0;0;0
136;0;656;3368800;17300;9500;3300;8800;12000;300;1000;25200;1800;1290400;570100;1408400;0;0;0;0;86;83;4272;151;2523;4;8;32;106;0;81797;81797;36336;1;296;0;0;0;0;0;0;0;0;0;0
137;0;660;4340900;15200;9300;5000;10900;11600;400;600;35500;1600;1377700;929200;1904900;0;0;0;0;86;83;4272;151;2523;4;8;32;106;0;81797;81797;36336;1;296;0;0;0;0;0;0;0;0;0;0
138;0;663;3410800;15900;10200;3700;11300;11900;400;700;42000;1500;1304000;830000;1165900;0;0;0;0;86;83;4272;151;2523;4;8;32;106;0;81797;81797;36336;1;296;0;0;0;0;0;0;0;0;0;0
139;0;666;3296800;15300;8900;3000;11500;12400;400;1000;40700;1700;1213200;770400;1205800;0;0;0;0;86;83;4272;151;2523;4;8;32;106;0;81797;81797;36336;1;296;0;0;0;0;0;0;0;0;0;0
140;0;670;3760700;14100;9500;4000;11900;10100;400;700;46400;1400;1308800;967900;1373200;0;0;0;0;86;83;4272;151;2523;4;8;32;106;0;81797;81797;36336;1;296;0;0;0;0;0;0;0;0;0;0
141;0;673;3968500;14400;8000;3100;7800;9600;300;300;28300;1000;1289100;740100;1853100;0;0;0;0;86;83;4272;151;2523;4;8;32;106;0;81797;81797;36336;1;296;0;0;0;0;0;0;0;0;0;0
142;0;676;4069000;24900;13900;4200;11800;13600;300;1100;43400;2600;1514800;994200;1423300;0;0;0;0;86;83;4272;151;2523;4;8;32;106;0;81797;81797;36336;1;296;0;0;0;0;0;0;0;0;0;0
143;0;680;3305700;37800;7900;3300;7700;9000;300;300;23900;900;1390000;524100;1289400;0;0;0;0;86;83;4272;151;2523;4;8;32;106;0;81797;81797;36336;1;296;0;0;0;0;0;0;0;0;0;0
144;0;683;3432400;20100;10100;4300;11400;11200;300;500;42600;1600;1345500;839500;1131500;0;0;0;0;86;83;4272;151;2523;4;8;32;106;0;81797;81797;36336;1;296;0;0;0;0;0;0;0;0;0;0
145;0;686;3446500;10900;6600;2700;7400;70800;200;600;22300;1100;1446800;579600;1286200;0;0;0;0;86;83;4272;151;2523;4;8;32;106;0;81797;81797;36336;1;296;0;0;0;0;0;0;0;0;0;0
146;0;690;4047700;15100;7500;2500;8400;8000;200;300;24300;900;1202300;581500;2184200;0;0;0;0;86;83;4272;151;2523;4;8;32;106;0;81797;81797;36336;1;296;0;0;0;0;0;0;0;0;0;0
147;0;693;2967800;14500;7200;3700;8100;7700;300;400;25800;1200;1129900;546000;1210400;0;0;0;0;86;83;4272;151;2523;4;8;32;106;0;81797;81797;36336;1;296;0;0;0;0;0;0;0;0;0;0
148;0;696;2939500;13000;7400;2700;8100;7100;300;400;27600;1700;1178600;596000;1072800;0;0;0;0;86;83;4272;151;2523;4;8;32;106;0;81797;81797;36336;1;296;0;0;0;0;0;0;0;0;0;0
149;0;700;2821600;13300;7500;2800;8100;7900;300;500;24300;900;1143900;470200;1133000;0;0;0;0;86;83;4272;151;2523;4;8;32;106;0;81797;81797;36336;1;296;0;0;0;0;0;0;0;0;0;0
150;0;703;3236100;12700;8100;2700;7000;10800;200;500;23000;1000;1317100;733600;1108300;0;0;0;0;86;83;4272;151;2523;4;8;32;106;0;81797;81797;36336;1;296;0;0;0;0;0;0;0;0;0;0
151;0;706;4166700;37900;7700;2800;7500;8800;200;400;24900;800;1211800;639100;2204100;0;0;0;0;86;83;4272;151;2523;4;8;32;106;0;81797;81797;36336;1;296;0;0;0;0;0;0;0;0;0;0
152;0;710;3045400;16100;9600;3700;11400;9200;300;700;34800;1600;1152600;569900;1223400;0;0;0;0;86;83;4272;151;2523;4;8;32;106;0;81797;81797;36336;1;296;0;0;0;0;0;0;0;0;0;0
153;0;713;3237800;14600;7100;3000;8000;7600;200;400;25700;900;1302700;556200;1298900;0;0;0;0;86;83;4272;151;2523;4;8;32;106;0;81797;81797;36336;1;296;0;0;0;0;0;0;0;0;0;0
154;0;716;2768000;16200;7600;2800;7900;6900;200;300;24000;800;1050900;499700;1137600;0;0;0;0;86;83;4272;151;2523;4;8;32;106;0;81797;81797;36336;1;296;0;0;0;0;0;0;0;0;0;0
155;0;720;3163000;12700;7200;2600;7600;10500;200;500;21600;800;1300000;721800;1067600;0;0;0;0;86;83;4272;151;2523;4;8;32;106;0;81797;81797;36336;1;296;0;0;0;0;0;0;0;0;0;0
156;0;723;3779700;15000;6800;2500;7600;8700;200;500;22800;1200;1174400;630900;1883400;0;0;0;0;86;83;4272;151;2523;4;8;32;106;0;81797;81797;36336;1;296;0;0;0;0;0;0;0;0;0;0
157;0;726;3211900;33300;14800;5200;12400;12900;300;500;31900;1100;1237200;537900;1312500;0;0;0;0;86;83;4272;151;2523;4;8;32;106;0;81797;81797;36336;1;296;0;0;0;0;0;0;0;0;0;0
158;0;730;3201200;16200;7100;3000;7600;7100;300;400;23900;1100;1315500;559900;1244200;0;0;0;0;86;83;4272;151;2523;4;8;32;106;0;81797;81797;36336;1;296;0;0;0;0;0;0;0;0;0;0
159;0;733;2980400;14700;7500;2700;8400;8300;300;300;25000;1000;1204600;636400;1054900;0;0;0;0;86;83;4272;151;2523;4;8;32;106;0;81797;81797;36336;1;296;0;0;0;0;0;0;0;0;0;0
160;0;736;3234000;13800;6900;3100;7700;8900;300;400;23600;900;1221300;792600;1137600;0;0;0;0;86;83;4272;151;2523;4;8;32;106;0;81797;81797;36336;1;296;0;0;0;0;0;0;0;0;0;0
161;0;740;4010400;14100;8100;2800;7400;8400;300;500;24400;1000;1209600;564900;2152800;0;0;0;0;86;83;4272;151;2523;4;8;32;106;0;81797;81797;36336;1;296;0;0;0;0;0;0;0;0;0;0
162;0;743;3116200;32000;7900;3000;9300;7400;300;400;26400;900;1228900;570400;1218100;0;0;0;0;86;83;4272;151;2523;4;8;32;106;0;81797;81797;36336;1;296;0;0;0;0;0;0;0;0;0;0
163;0;746;3414400;15000;7800;4200;8300;7700;300;400;26700;1000;1419700;650900;1261100;0;0;0;0;86;83;4272;151;2523;4;8;32;106;0;81797;81797;36336;1;296;0;0;0;0;0;0;0;0;0;0
164;0;750;2710300;15100;7000;2500;8400;6800;300;400;24200;900;1073700;546500;1010900;0;0;0;0;86;83;4272;151;2523;4;8;32;106;0;81797;81797;36336;1;296;0;0;0;0;0;0;0;0;0;0
165;0;753;3070700;12700;6900;2800;8200;6700;300;400;24000;1000;1089400;569200;1290400;0;0;0;0;86;83;4272;151;2523;4;8;32;106;0;81797;81797;36336;1;296;0;0;0;0;0;0;0;0;0;0
166;0;756;3298300;40100;7400;2600;7900;8800;200;400;22900;900;1177500;566800;1448300;0;0;0;0;86;83;4272;151;2523;4;8;32;106;0;81797;81797;36336;1;296;0;0;0;0;0;0;0;0;0;0
167;0;760;2991300;33500;8700;3300;8100;16000;200;700;29800;1100;1027300;526800;1325200;0;0;0;0;86;83;4272;151;2523;4;8;32;106;0;81797;81797;36336;1;296;0;0;0;0;0;0;0;0;0;0
168;0;763;3780700;11900;11100;2800;7900;7400;200;400;125500;1600;1532600;561100;1503800;0;0;0;0;86;83;4272;151;2523;4;8;32;106;0;81797;81797;36336;1;296;0;0;0;0;0;0;0;0;0;0
169;0;766;3057800;25100;8400;2800;8100;8100;300;400;24300;900;1208400;594800;1163600;0;0;0;0;86;83;4272;151;2523;4;8;32;106;0;81797;81797;36336;1;296;0;0;0;0;0;0;0;0;0;0
170;0;770;3416700;12500;7500;2600;7700;9500;200;500;22900;900;1222000;692000;1425100;0;0;0;0;86;83;4272;151;2523;4;8;32;106;0;81797;81797;36336;1;296;0;0;0;0;0;0;0;0;0;0
171;0;773;4086200;17000;10400;3900;12800;11500;400;700;48900;1600;1266000;692200;2008900;0;0;0;0;86;83;4272;151;2523;4;8;32;106;0;81797;81797;36336;1;296;0;0;0;0;0;0;0;0;0;0
172;0;776;3604200;17300;7400;2800;8000;7900;300;400;35700;1400;1254400;691600;1555900;0;0;0;0;86;83;4272;151;2523;4;8;32;106;0;81797;81797;36336;1;296;0;0;0;0;0;0;0;0;0;0
173;0;780;3100100;15900;12000;4300;12300;11800;900;700;41900;1700;1260200;607600;1114000;0;0;0;0;86;83;4272;151;2523;4;8;32;106;0;81797;81797;36336;1;296;0;0;0;0;0;0;0;0;0;0
174;0;783;3091100;16900;6800;2800;8100;7800;300;400;24600;900;1277200;487000;1235300;0;0;0;0;86;83;4272;151;2523;4;8;32;106;0;81797;81797;36336;1;296;0;0;0;0;0;0;0;0;0;0
175;0;786;3360100;15800;10200;4000;11000;9800;400;600;37100;1500;1392500;733400;1132600;0;0;0;0;86;83;4272;151;2523;4;8;32;106;0;81797;81797;36336;1;296;0;0;0;0;0;0;0;0;0;0
176;0;790;5018300;13000;7900;2800;6800;9500;300;500;22400;1200;1287600;766500;2889200;0;0;0;0;86;83;4272;151;2523;4;8;32;106;0;81797;81797;36336;1;296;0;0;0;0;0;0;0;0;0;0
177;0;793;3169100;15300;12400;4500;13000;11300;500;600;48100;1600;1278300;665700;1105000;0;0;0;0;86;83;4272;151;2523;4;8;32;106;0;81797;81797;36336;1;296;0;0;0;0;0;0;0;0;0;0
178;0;796;3016200;16500;7300;2700;8600;9300;300;300;23800;900;1121000;518300;1294700;0;0;0;0;86;83;4272;151;2523;4;8;32;106;0;81797;81797;36336;1;296;0;0;0;0;0;0;0;0;0;0
179;0;800;2878000;15200;8600;3300;8200;6800;200;400;24300;1000;1158800;572000;1067800;0;0;0;0;86;83;4272;151;2523;4;8;32;106;0;81797;81797;36336;1;296;0;0;0;0;0;0;0;0;0;0
180;0;803;3494300;12900;8400;2400;6600;6200;200;300;21400;900;1626800;643900;1152600;0;0;0;0;86;83;4272;151;2523;4;8;32;106;0;81797;81797;36336;1;296;0;0;0;0;0;0;0;0;0;0
181;0;806;4362900;22500;13700;4800;11400;11000;400;500;43800;1500;1289200;875900;2067900;0;0;0;0;86;83;4272;151;2523;4;8;32;106;0;81797;81797;36336;1;296;0;0;0;0;0;0;0;0;0;0
182;0;810;2993400;15700;8600;3000;8500;7700;300;400;26300;1000;1183400;541800;1183900;0;0;0;0;86;83;4272;151;2523;4;8;32;106;0;81797;81797;36336;1;296;0;0;0;0;0;0;0;0;0;0
183;0;813;2862800;13400;8100;2900;8500;7600;200;400;26100;1500;1147200;534500;1100700;0;0;0;0;86;83;4272;151;2523;4;8;32;106;0;81797;81797;36336;1;296;0;0;0;0;0;0;0;0;0;0
184;0;816;2748800;13700;7300;2500;7100;6900;300;400;22100;1200;1088400;487100;1102100;0;0;0;0;86;83;4272;151;2523;4;8;32;106;0;81797;81797;36336;1;296;0;0;0;0;0;0;0;0;0;0
185;0;820;3268700;11900;8500;3100;7300;9000;300;600;27300;1300;1352100;535400;1299000;0;0;0;0;86;83;4272;151;2523;4;8;32;106;0;81797;81797;36336;1;296;0;0;0;0;0;0;0;0;0;0
186;0;823;4804700;20900;11400;3600;11500;10400;500;700;41100;1600;1372200;799000;2514100;0;0;0;0;86;83;4272;151;2523;4;8;32;106;0;81797;81797;36336;1;296;0;0;0;0;0;0;0;0;0;0
187;0;826;2841600;43200;8500;3100;9100;7100;400;600;28300;1100;1060500;550300;1109800;0;0;0;0;86;83;4272;151;2523;4;8;32;106;0;81797;81797;36336;1;296;0;0;0;0;0;0;0;0;0;0
188;0;830;2810500;13600;9400;2800;7200;7100;300;400;24200;1000;1084700;493000;1157500;0;0;0;0;86;83;4272;151;2523;4;8;32;106;0;81797;81797;36336;1;296;0;0;0;0;0;0;0;0;0;0
189;0;833;2759000;11600;6700;3300;7100;10200;200;500;25400;900;1083500;477700;1123000;0;0;0;0;86;83;4272;151;2523;4;8;32;106;0;81797;81797;36336;1;296;0;0;0;0;0;0;0;0;0;0
190;0;836;3201700;11000;7400;2100;7300;8800;100;400;23700;800;1265600;747100;1115500;0;0;0;0;86;83;4272;151;2523;4;8;32;106;0;81797;81797;36336;1;296;0;0;0;0;0;0;0;0;0;0
191;0;840;5165500;17300;9900;3900;12700;10600;400;700;43600;1600;1550200;902600;2577700;0;0;0;0;86;83;4272;151;2523;4;8;32;106;0;81797;81797;36336;1;296;0;0;0;0;0;0;0;0;0;0
192;0;843;3190600;17600;9700;4200;12600;10500;400;400;26000;1100;1225700;841600;1026200;0;0;0;0;86;83;4272;151;2523;4;8;32;106;0;81797;81797;36336;1;296;0;0;0;0;0;0;0;0;0;0
193;0;846;3016800;12300;8600;3000;7600;6900;200;300;25700;1000;1162100;646900;1119800;0;0;0;0;86;83;4272;151;2523;4;8;32;106;0;81797;81797;36336;1;296;0;0;0;0;0;0;0;0;0;0
194;0;850;3267900;14900;6200;2800;7500;6800;200;800;24400;1100;1140800;513300;1539400;0;0;0;0;86;83;4272;151;2523;4;8;32;106;0;81797;81797;36336;1;296;0;0;0;0;0;0;0;0;0;0
195;0;853;4056300;21500;14800;4900;15800;12100;400;700;137000;1600;1690300;747300;1393800;0;0;0;0;86;83;4272;151;2523;4;8;32;106;0;81797;81797;36336;1;296;0;0;0;0;0;0;0;0;0;0
196;0;856;2852100;20000;19900;3100;8100;11000;200;400;25800;1000;917800;590700;1243300;0;0;0;0;86;83;4272;151;2523;4;8;32;106;0;81797;81797;36336;1;296;0;0;0;0;0;0;0;0;0;0
197;0;860;3149600;11600;7000;2500;7000;8500;200;400;29500;1400;1190800;524600;1353200;0;0;0;0;86;83;4272;151;2523;4;8;32;106;0;81797;81797;36336;1;296;0;0;0;0;0;0;0;0;0;0
198;0;863;2931800;13500;8900;3400;8600;9100;200;600;24500;800;1191300;541400;1117200;0;0;0;0;86;83;4272;151;2523;4;8;32;106;0;81797;81797;36336;1;296;0;0;0;0;0;0;0;0;0;0
199;0;866;3107700;11100;8100;2800;7200;9100;200;400;22000;900;1107900;547400;1379500;0;0;0;0;86;83;4272;151;2523;4;8;32;106;0;81797;81797;36336;1;296;0;0;0;0;0;0;0;0;0;0
200;0;870;3577200;16700;11700;3000;11200;13700;300;400;28100;1000;1324400;618200;1534800;0;0;0;0;86;83;4272;151;2523;4;8;32;106;0;81797;81797;36336;1;296;0;0;0;0;0;0;0;0;0;0
201;0;873;3994200;16600;11400;3400;11100;10600;300;500;40300;1900;1340400;651000;1893600;0;0;0;0;86;83;4272;151;2523;4;8;32;106;0;81797;81797;36336;1;296;0;0;0;0;0;0;0;0;0;0
202;0;876;3146000;14400;11900;4200;9700;8200;200;400;25400;1300;1173100;589400;1295500;0;0;0;0;86;83;4272;151;2523;4;8;32;106;0;81797;81797;36336;1;296;0;0;0;0;0;0;0;0;0;0
203;0;880;3300300;15600;9500;3200;12600;10800;300;600;41600;1600;1249900;867500;1075400;0;0;0;0;86;83;4272;151;2523;4;8;32;106;0;81797;81797;36336;1;296;0;0;0;0;0;0;0;0;0;0
204;0;883;3071100;14100;6300;2500;7700;8000;300;400;85500;900;1131400;503300;1300000;0;0;0;0;86;83;4272;151;2523;4;8;32;106;0;81797;81797;36336;1;296;0;0;0;0;0;0;0;0;0;0
205;0;886;3817200;14000;9800;4200;10700;11800;400;600;42800;1800;1471800;837900;1398700;0;0;0;0;86;83;4272;151;2523;4;8;32;106;0;81797;81797;36336;1;296;0;0;0;0;0;0;0;0;0;0
206;0;890;4002400;19500;15400;3300;11100;10100;400;500;39400;1200;1233000;598200;2052300;0;0;0;0;86;83;4272;151;2523;4;8;32;106;0;81797;81797;36336;1;296;0;0;0;0;0;0;0;0;0;0
207;0;893;2964700;14700;7700;2800;9100;10300;300;400;26200;1800;1193600;522100;1163800;0;0;0;0;86;83;4272;151;2523;4;8;32;106;0;81797;81797;36336;1;296;0;0;0;0;0;0;0;0;0;0
208;0;896;2810100;12300;7700;3000;7900;8500;200;500;24400;1200;1160200;518100;1056200;0;0;0;0;86;83;4272;151;2523;4;8;32;106;0;81797;81797;36336;1;296;0;0;0;0;0;0;0;0;0;0
209;0;900;2982800;10700;7800;2300;7500;8100;200;400;25400;1100;1112900;480500;1317200;0;0;0;0;86;83;4272;151;2523;4;8;32;106;0;81797;81797;36336;1;296;0;0;0;0;0;0;0;0;0;0
210;0;903;3788600;18100;9100;3100;10300;11000;300;500;40100;1600;1462700;802000;1415500;0;0;0;0;86;83;4272;151;2523;4;8;32;106;0;81797;81797;36336;1;296;0;0;0;0;0;0;0;0;0;0
211;0;906;3883500;15600;7500;3600;7900;8400;300;500;24800;1000;1200800;633100;1960300;0;0;0;0;86;83;4272;151;2523;4;8;32;106;0;81797;81797;36336;1;296;0;0;0;0;0;0;0;0;0;0
212;0;910;3251200;16100;7600;3100;8000;11400;300;500;25400;1300;1200400;569500;1395700;0;0;0;0;86;83;4272;151;2523;4;8;32;106;0;81797;81797;36336;1;296;0;0;0;0;0;0;0;0;0;0
213;0;913;2779900;14900;8200;2300;8700;10600;200;600;25400;1200;1134600;542200;1020200;0;0;0;0;86;83;4272;151;2523;4;8;32;106;0;81797;81797;36336;1;296;0;0;0;0;0;0;0;0;0;0
214;0;916;3434300;14900;6500;2500;7400;6300;200;400;25300;900;1156600;587800;1605400;0;0;0;0;86;83;4272;151;2523;4;8;32;106;0;81797;81797;36336;1;296;0;0;0;0;0;0;0;0;0;0
215;0;920;4174000;16700;11700;3500;10200;10400;400;700;44500;1200;1666800;831700;1563500;0;0;0;0;86;83;4272;151;2523;4;8;32;106;0;81797;81797;36336;1;296;0;0;0;0;0;0;0;0;0;0
216;0;923;2630400;21200;7200;3600;8200;7700;300;400;27100;1600;860100;605000;1078500;0;0;0;0;86;83;4272;151;2523;4;8;32;106;0;81797;81797;36336;1;296;0;0;0;0;0;0;0;0;0;0
217;0;926;2886000;13000;6700;2900;7700;6500;300;400;24600;800;1157400;571300;1081600;0;0;0;0;86;83;4272;151;2523;4;8;32;106;0;81797;81797;36336;1;296;0;0;0;0;0;0;0;0;0;0
218;0;930;2918200;20000;8400;3200;8300;7600;300;600;25700;1500;1182600;557500;1087700;0;0;0;0;86;83;4272;151;2523;4;8;32;106;0;81797;81797;36336;1;296;0;0;0;0;0;0;0;0;0;0
219;0;933;3098900;11800;7900;2500;7700;8600;200;500;23500;1200;1103200;478100;1443200;0;0;0;0;86;83;4272;151;2523;4;8;32;106;0;81797;81797;36336;1;296;0;0;0;0;0;0;0;0;0;0
220;0;936;3337500;33900;15600;3800;10200;14200;300;400;38000;2700;1454300;578400;1171900;0;0;0;0;86;83;4272;151;2523;4;8;32;106;0;81797;81797;36336;1;296;0;0;0;0;0;0;0;0;0;0
221;0;940;4047100;16000;7500;2500;7900;9400;300;300;22700;1000;1261400;606200;2095200;0;0;0;0;86;83;4272;151;2523;4;8;32;106;0;81797;81797;36336;1;296;0;0;0;0;0;0;0;0;0;0
222;0;943;3025400;16400;7900;2900;9400;10000;300;500;27500;1200;1184100;556500;1197300;0;0;0;0;86;83;4272;151;2523;4;8;32;106;0;81797;81797;36336;1;296;0;0;0;0;0;0;0;0;0;0
223;0;946;2913800;11600;9700;2800;7200;9100;200;600;23800;1100;1177600;525700;1130600;0;0;0;0;86;83;4272;151;2523;4;8;32;106;0;81797;81797;36336;1;296;0;0;0;0;0;0;0;0;0;0
224;0;950;3119800;13600;6600;2700;8000;7000;300;400;25800;1100;1135300;538300;1366800;0;0;0;0;86;83;4272;151;2523;4;8;32;106;0;81797;81797;36336;1;296;0;0;0;0;0;0;0;0;0;0
225;0;953;3105200;14500;8500;3300;8100;8300;300;400;25000;900;1301300;576500;1144600;0;0;0;0;86;83;4272;151;2523;4;8;32;106;0;81797;81797;36336;1;296;0;0;0;0;0;0;0;0;0;0
226;0;956;3941900;16600;7200;2900;7400;8300;200;300;22600;1000;1472200;585600;1802100;0;0;0;0;86;83;4272;151;2523;4;8;32;106;0;81797;81797;36336;1;296;0;0;0;0;0;0;0;0;0;0
227;0;960;2967600;17800;7800;3000;8000;10000;300;400;26300;1000;1155000;543800;1182300;0;0;0;0;86;83;4272;151;2523;4;8;32;106;0;81797;81797;36336;1;296;0;0;0;0;0;0;0;0;0;0
228;0;963;3184500;13900;7900;2900;7700;8900;300;500;25600;900;1269700;523700;1297500;0;0;0;0;86;83;4272;151;2523;4;8;32;106;0;81797;81797;36336;1;296;0;0;0;0;0;0;0;0;0;0
229;0;966;3087400;16500;7800;2600;7500;8400;300;400;23100;800;1101300;732600;1174200;0;0;0;0;86;83;4272;151;2523;4;8;32;106;0;81797;81797;36336;1;296;0;0;0;0;0;0;0;0;0;0
230;0;970;3119900;12900;7800;3300;8200;8500;300;500;25600;1000;1243400;550600;1236700;0;0;0;0;86;83;4272;151;2523;4;8;32;106;0;81797;81797;36336;1;296;0;0;0;0;0;0;0;0;0;0
231;0;973;3855300;15800;7300;2900;7200;7000;300;400;22300;800;1199200;733200;1847700;0;0;0;0;86;83;4272;151;2523;4;8;32;106;0;81797;81797;36336;1;296;0;0;0;0;0;0;0;0;0;0
232;0;976;3056700;13000;6700;3300;8200;7700;300;400;26200;900;1136700;531200;1309500;0;0;0;0;86;83;4272;151;2523;4;8;32;106;0;81797;81797;36336;1;296;0;0;0;0;0;0;0;0;0;0
233;0;980;2905800;15700;8700;2300;7400;9900;300;500;24700;1200;1207000;546000;1068100;0;0;0;0;86;83;4272;151;2523;4;8;32;106;0;81797;81797;36336;1;296;0;0;0;0;0;0;0;0;0;0
234;0;983;3362300;13400;6600;2600;7400;7200;300;500;25000;800;1284600;772100;1230600;0;0;0;0;86;83;4272;151;2523;4;8;32;106;0;81797;81797;36336;1;296;0;0;0;0;0;0;0;0;0;0
235;0;986;3489600;14000;10100;2900;10500;10100;300;500;41500;1400;1285200;784100;1315800;0;0;0;0;86;83;4272;151;2523;4;8;32;106;0;81797;81797;36336;1;296;0;0;0;0;0;0;0;0;0;0
236;0;990;4784700;18100;9700;4200;12500;9800;500;800;44100;1700;1480400;1034200;2143300;0;0;0;0;86;83;4272;151;2523;4;8;32;106;0;81797;81797;36336;1;296;0;0;0;0;0;0;0;0;0;0
237;0;993;2798000;13700;9500;2900;7800;9700;200;300;25400;1400;1061700;536400;1108800;0;0;0;0;86;83;4272;151;2523;4;8;32;106;0;81797;81797;36336;1;296;0;0;0;0;0;0;0;0;0;0
238;0;996;3272100;15500;7800;2900;7800;8500;300;400;25500;1000;1106400;649900;1417800;0;0;0;0;86;83;4272;151;2523;4;8;32;106;0;81797;81797;36336;1;296;0;0;0;0;0;0;0;0;0;0
239;0;1000;2920400;15600;9000;4200;11200;10000;300;600;42100;1500;1146300;719900;948100;0;0;0;0;86;83;4272;151;2523;4;8;32;106;0;81797;81797;36336;1;296;0;0;0;0;0;0;0;0;0;0
240;0;1003;3194100;12200;8400;2700;8000;8000;300;400;26900;1000;1349800;549500;1201200;0;0;0;0;86;83;4272;151;2523;4;8;32;106;0;81797;81797;36336;1;296;0;0;0;0;0;0;0;0;0;0
241;0;1006;4284700;20100;10800;4300;9900;10600;500;800;39600;1600;1320200;787800;2064900;0;0;0;0;86;83;4272;151;2523;4;8;32;106;0;81797;81797;36336;1;296;0;0;0;0;0;0;0;0;0;0
242;0;1010;3056800;15900;8500;2700;7700;7200;300;400;26400;900;1123100;540400;1312300;0;0;0;0;86;83;4272;151;2523;4;8;32;106;0;81797;81797;36336;1;296;0;0;0;0;0;0;0;0;0;0
243;0;1013;3175300;14200;8400;2600;7800;9600;300;900;24100;1200;1360000;605500;1129800;0;0;0;0;86;83;4272;151;2523;4;8;32;106;0;81797;81797;36336;1;296;0;0;0;0;0;0;0;0;0;0
244;0;1016;3120700;20300;9600;3500;10300;11000;300;600;47000;1700;1158600;778800;1068300;0;0;0;0;86;83;4272;151;2523;4;8;32;106;0;81797;81797;36336;1;296;0;0;0;0;0;0;0;0;0;0
245;0;1020;3488300;14400;8100;3100;8300;74200;500;600;29900;1200;1438600;656400;1239900;0;0;0;0;86;83;4272;151;2523;4;8;32;106;0;81797;81797;36336;1;296;0;0;0;0;0;0;0;0;0;0
246;0;1023;3917300;19800;9600;4000;11300;10800;300;500;34800;1300;1261000;736200;1808700;0;0;0;0;86;83;4272;151;2523;4;8;32;106;0;81797;81797;36336;1;296;0;0;0;0;0;0;0;0;0;0
247;0;1026;3104600;15000;8600;2900;9700;8900;300;500;28400;1100;1283700;565500;1162800;0;0;0;0;86;83;4272;151;2523;4;8;32;106;0;81797;81797;36336;1;296;0;0;0;0;0;0;0;0;0;0
248;0;1030;3351400;16900;11600;4500;13400;11400;400;500;37900;1700;1483300;646500;1109900;0;0;0;0;86;83;4272;151;2523;4;8;32;106;0;81797;81797;36336;1;296;0;0;0;0;0;0;0;0;0;0
249;0;1033;2743400;15000;6700;3000;7500;7700;300;400;24600;900;1076400;515800;1072300;0;0;0;0;86;83;4272;151;2523;4;8;32;106;0;81797;81797;36336;1;296;0;0;0;0;0;0;0;0;0;0
250;0;1036;3170500;13400;7000;3300;7800;7100;200;400;26200;1000;1328200;560500;1203100;0;0;0;0;86;83;4272;151;2523;4;8;32;106;0;81797;81797;36336;1;296;0;0;0;0;0;0;0;0;0;0
251;0;1040;4530600;19300;9700;4600;12100;11000;400;700;45900;1700;1296900;785900;2323200;0;0;0;0;86;83;4272;151;2523;4;8;32;106;0;81797;81797;36336;1;296;0;0;0;0;0;0;0;0;0;0
252;0;1043;3315900;16300;9300;3300;9500;8200;300;400;30300;1200;1168000;614400;1440300;0;0;0;0;86;83;4272;151;2523;4;8;32;106;0;81797;81797;36336;1;296;0;0;0;0;0;0;0;0;0;0
253;0;1046;3871400;20500;10400;4400;10500;11700;300;500;35700;2000;1435500;873300;1452800;0;0;0;0;86;83;4272;151;2523;4;8;32;106;0;81797;81797;36336;1;296;0;0;0;0;0;0;0;0;0;0
254;0;1050;3884900;15700;9500;3200;10100;9400;200;400;33400;1200;1441700;860700;1484400;0;0;0;0;86;83;4272;151;2523;4;8;32;106;0;81797;81797;36336;1;296;0;0;0;0;0;0;0;0;0;0
255;0;1053;4902700;18000;9600;4000;10100;9400;400;500;34300;1400;1503000;777500;2518900;0;0;0;0;86;83;4272;151;2523;4;8;32;106;0;81797;81797;36336;1;296;0;0;0;0;0;0;0;0;0;0
256;0;1056;3883600;16000;9700;3200;9100;8900;300;400;28100;1000;1359200;875900;1553400;0;0;0;0;86;83;4272;151;2523;4;8;32;106;0;81797;81797;36336;1;296;0;0;0;0;0;0;0;0;0;0
257;0;1060;3522200;18700;11300;3400;11900;10700;400;700;43500;1400;1350300;630800;1425200;0;0;0;0;86;83;4272;151;2523;4;8;32;106;0;81797;81797;36336;1;296;0;0;0;0;0;0;0;0;0;0
258;0;1063;3733700;18300;10400;3900;14300;11400;300;500;35300;1500;1290500;713400;1622000;0;0;0;0;86;83;4272;151;2523;4;8;32;106;0;81797;81797;36336;1;296;0;0;0;0;0;0;0;0;0;0
259;0;1066;3797400;19800;11600;3400;11700;12100;300;600;37100;2100;1358600;754300;1570300;0;0;0;0;86;83;4272;151;2523;4;8;32;106;0;81797;81797;36336;1;296;0;0;0;0;0;0;0;0;0;0
260;0;1070;4563700;15900;9500;3400;9800;11500;500;600;33700;1500;1215800;786200;2432800;0;0;0;0;86;83;4272;151;2523;4;8;32;106;0;81797;81797;36336;1;296;0;0;0;0;0;0;0;0;0;0
261;0;1073;4170200;28800;14800;4300;12000;14000;400;1100;42200;1800;1596100;828600;1606000;0;0;0;0;86;83;4272;151;2523;4;8;32;106;0;81797;81797;36336;1;296;0;0;0;0;0;0;0;0;0;0
262;0;1076;4028300;18900;11800;3500;13600;14200;400;600;52400;1900;1460500;636100;1799700;0;0;0;0;86;83;4272;151;2523;4;8;32;106;0;81797;81797;36336;1;296;0;0;0;0;0;0;0;0;0;0
263;0;1080;3617300;27400;15400;5400;12300;13300;400;500;39200;2700;1347400;615800;1520800;0;0;0;0;86;83;4272;151;2523;4;8;32;106;0;81797;81797;36336;1;296;0;0;0;0;0;0;0;0;0;0
264;0;1083;4960100;18800;10800;2900;12300;13400;400;600;34500;1400;1416500;903200;2504800;0;0;0;0;86;83;4272;151;2523;4;8;32;106;0;81797;81797;36336;1;296;0;0;0;0;0;0;0;0;0;0
265;0;1086;3588000;27800;11800;2800;11400;13100;300;800;38700;1900;1501200;743200;1220100;0;0;0;0;86;83;4272;151;2523;4;8;32;106;0;81797;81797;36336;1;296;0;0;0;0;0;0;0;0;0;0
266;0;1090;3709100;25200;13800;9900;16400;14700;700;1000;81900;2400;1391000;721400;1412600;0;0;0;0;86;83;4272;151;2523;4;8;32;106;0;81797;81797;36336;1;296;0;0;0;0;0;0;0;0;0;0
267;0;1093;3962600;24900;9800;3500;10800;12700;300;500;35800;2000;1525500;756900;1565000;0;0;0;0;86;83;4272;151;2523;4;8;32;106;0;81797;81797;36336;1;296;0;0;0;0;0;0;0;0;0;0
268;0;1096;4770100;20400;9700;3700;13900;11200;300;600;45900;1900;1461800;904200;2264600;0;0;0;0;86;83;4272;151;2523;4;8;32;106;0;81797;81797;36336;1;296;0;0;0;0;0;0;0;0;0;0
269;0;1100;3402200;20700;8300;3300;8400;9700;300;700;26200;2000;1343100;626100;1335800;0;0;0;0;86;83;4272;151;2523;4;8;32;106;0;81797;81797;36336;1;296;0;0;0;0;0;0;0;0;0;0
270;0;1103;3472200;19100;9800;3900;10500;11600;300;600;35000;2000;1286200;737700;1343300;0;0;0;0;86;83;4272;151;2523;4;8;32;106;0;81797;81797;36336;1;296;0;0;0;0;0;0;0;0;0;0
271;0;1106;3732000;16900;8400;4100;8300;9000;300;500;27800;5000;1353100;665300;1617600;0;0;0;0;86;83;4272;151;2523;4;8;32;106;0;81797;81797;36336;1;296;0;0;0;0;0;0;0;0;0;0
272;0;1110;4292500;15400;8300;3200;7800;7600;300;400;24600;900;1276900;779200;2147000;0;0;0;0;86;83;4272;151;2523;4;8;32;106;0;81797;81797;36336;1;296;0;0;0;0;0;0;0;0;0;0
273;0;1113;3630500;41200;27400;6700;22600;19600;400;600;44300;3700;1291300;645400;1504200;0;0;0;0;86;83;4272;151;2523;4;8;32;106;0;81797;81797;36336;1;296;0;0;0;0;0;0;0;0;0;0
274;0;1116;3280900;22900;9300;4000;8500;8500;300;300;27200;1000;1247000;564200;1365000;0;0;0;0;86;83;4272;151;2523;4;8;32;106;0;81797;81797;36336;1;296;0;0;0;0;0;0;0;0;0;0
275;0;1120;3312500;17100;8400;2200;8100;10900;200;500;24300;1200;1224300;601200;1400900;0;0;0;0;86;83;4272;151;2523;4;8;32;106;0;81797;81797;36336;1;296;0;0;0;0;0;0;0;0;0;0
276;0;1123;3818900;17300;8100;3300;7600;7900;300;500;24200;900;1251700;605600;1877500;0;0;0;0;86;83;4272;151;2523;4;8;32;106;0;81797;81797;36336;1;296;0;0;0;0;0;0;0;0;0;0
277;0;1126;4584800;22100;9800;3300;10000;9700;700;700;51700;1200;1397700;860700;2191700;0;0;0;0;86;83;4272;151;2523;4;8;32;106;0;81797;81797;36336;1;296;0;0;0;0;0;0;0;0;0;0
278;0;1130;3557500;16500;9400;3600;8600;7800;300;500;27600;1200;1409500;586200;1414500;0;0;0;0;86;83;4272;151;2523;4;8;32;106;0;81797;81797;36336;1;296;0;0;0;0;0;0;0;0;0;0
279;0;1133;3547400;19200;11200;3400;9900;12700;400;500;35100;1600;1348500;747700;1340000;0;0;0;0;86;83;4272;151;2523;4;8;32;106;0;81797;81797;36336;1;296;0;0;0;0;0;0;0;0;0;0
280;0;1136;4179800;81700;9600;3200;9000;10600;300;500;30200;1100;1541300;787900;1688200;0;0;0;0;86;83;4272;151;2523;4;8;32;106;0;81797;81797;36336;1;296;0;0;0;0;0;0;0;0;0;0
281;0;1140;4001700;18100;10200;3900;10800;10700;400;500;33900;1300;1352400;670900;1871100;0;0;0;0;86;83;4272;151;2523;4;8;32;106;0;81797;81797;36336;1;296;0;0;0;0;0;0;0;0;0;0
282;0;1143;3402200;16500;9100;3200;8000;8600;300;47500;25700;1000;1315600;604900;1348300;0;0;0;0;86;83;4272;151;2523;4;8;32;106;0;81797;81797;36336;1;296;0;0;0;0;0;0;0;0;0;0
283;0;1146;3370800;15300;9700;3900;12100;13500;300;600;47800;1700;1436500;656700;1159800;0;0;0;0;86;83;4272;151;2523;4;8;32;106;0;81797;81797;36336;1;296;0;0;0;0;0;0;0;0;0;0
284;0;1150;3329400;38500;7000;2800;7900;9200;300;500;24000;1200;1195300;679900;1349200;0;0;0;0;86;83;4272;151;2523;4;8;32;106;0;81797;81797;36336;1;296;0;0;0;0;0;0;0;0;0;0
285;0;1153;4033000;15900;10700;3500;11600;11200;400;600;42700;1600;1372400;1054400;1492300;0;0;0;0;86;83;4272;151;2523;4;8;32;106;0;81797;81797;36336;1;296;0;0;0;0;0;0;0;0;0;0
286;0;1156;4606300;17900;8700;2700;7600;9600;400;500;36600;1500;1469100;736300;2277600;0;0;0;0;86;83;4272;151;2523;4;8;32;106;0;81797;81797;36336;1;296;0;0;0;0;0;0;0;0;0;0
287;0;1160;3571500;23300;8700;2900;9000;8500;300;400;26300;1000;1310800;655000;1504000;0;0;0;0;86;82;5232;631;3082;4;8;32;106;0;81797;81797;36336;481;296;0;0;0;0;0;0;0;0;0;0
288;0;1163;3706100;18400;10900;3700;11300;13300;300;600;37400;1500;1378700;820600;1394300;0;0;0;0;86;82;5232;631;3082;31;22;32;106;0;81838;81838;36350;440;296;0;0;0;0;0;0;0;0;0;0
289;0;1166;3979600;17000;11900;3700;11600;11700;400;600;37900;2000;1336400;903600;1622400;0;0;0;0;86;82;5232;631;3082;87;48;32;106;0;81920;81920;36376;358;296;0;0;0;0;0;0;0;0;0;0
290;0;1170;4296100;18000;9200;3800;10400;10500;300;500;36400;1500;1441700;951400;1771800;0;0;0;0;86;82;5232;631;3082;123;74;32;106;0;81982;81982;36402;296;296;0;0;0;0;0;0;0;0;0;0
291;0;1173;3198700;27500;8700;2900;7700;9500;200;300;25000;1000;1229900;582800;1290500;0;0;0;0;86;82;5232;631;3082;160;90;32;106;0;82035;82035;36418;243;296;0;0;0;0;0;0;0;0;0;0
292;0;1176;3045600;17800;9500;3000;8200;8700;300;400;25900;1000;1266000;636200;1055800;0;0;0;0;86;82;5232;632;3082;148;90;32;106;0;82023;82023;36418;256;1256;0;0;0;0;0;0;0;0;0;0
293;0;1180;3771200;15900;6700;2500;7500;7100;300;400;24100;1400;1221700;706900;1757000;0;0;0;0;86;82;5232;631;3082;159;90;32;106;0;82034;82034;36418;244;1256;0;0;0;0;0;0;0;0;0;0
294;0;1183;5864800;16500;11000;3700;11000;9000;300;500;40200;1100;1909600;944800;2896200;0;0;0;0;86;82;5232;631;3082;163;92;32;106;0;82040;82040;36420;238;1256;0;0;0;0;0;0;0;0;0;0
295;0;1186;3694100;25400;14400;3400;10100;11000;400;600;38300;6100;1322700;781700;1467500;0;0;0;0;86;82;5232;631;3082;165;90;32;106;0;82040;82040;36418;238;1256;0;0;0;0;0;0;0;0;0;0
296;0;1190;3048300;22200;7600;2800;8100;8100;300;400;26800;1000;1259400;650400;1050200;0;0;0;0;86;82;5232;631;3082;161;90;32;106;0;82036;82036;36418;242;1256;0;0;0;0;0;0;0;0;0;0
297;0;1193;3744300;15000;7300;3000;7300;6300;300;300;21900;800;1132500;725300;1793600;0;0;0;0;86;82;5232;631;3082;149;92;32;106;0;82026;82026;36420;252;1256;0;0;0;0;0;0;0;0;0;0
298;0;1196;3550800;14200;7900;3000;7700;7200;200;400;23900;1000;1186600;639800;1643000;0;0;0;0;86;82;5232;631;3082;151;90;32;106;0;82026;82026;36418;252;1256;0;0;0;0;0;0;0;0;0;0
299;0;1200;2983400;27000;12900;5500;13800;12100;300;500;26600;2000;1006100;534100;1327500;0;0;0;0;86;82;5232;631;3082;159;90;32;106;0;82034;82034;36418;244;1256;0;0;0;0;0;0;0;0;0;0
