# scene=solar_system_v1compat.json;config=RelWithAsserts;cpu=12th Gen Intel(R) Core(TM) i7-1265U;affinity=fff;ablation=none;rasterstats=1;lodstats=0;asserts_lib=1;res=1536x900;views=2;mesurees=240;chauffe=60;overhead_ns=52;resolution_ns=100
zone;median_ns;p95_ns;max_ns;pourmille_de_la_frame
FRAME;3136400;4258700;5664600;1000
Input;15200;28900;43600;4
Animation;7800;15400;26400;2
LocalXform1;3100;5400;23800;0
WorldXform1;8000;13200;31600;2
Cameras;8200;14300;31300;2
LocalXform2;300;400;1100;0
WorldXform2;400;1000;1800;0
Trigger;24700;40500;121800;7
BuildViews;1000;2200;5300;0
Clear;1219300;1463800;1845100;388
Render;558500;879200;3293800;178
Present;1250500;2104600;2988400;398
RESTE;13100;25300;109100;4
Entities;0;0;0;0
XformNodes;0;0;0;0
TriggerPairs;0;0;0;0
TriggerHits;0;0;0;0
MeshesTested;86;86;86;0
MeshesCulled;83;83;83;0
FacesSubmitted;4272;5232;5232;0
TrisRasterized;151;631;632;0
VertsTransformed;2523;3082;3082;0
TrisCov0;4;6;165;0
TrisCov1;8;15;92;0
TrisCov2to4;32;32;48;0
TrisCov5plus;106;106;525;0
TrisTightEmpty;0;0;0;0
PixelsTested;81797;81982;685337;0
PixelsTight;81797;81982;685337;0
PixelsCovered;36336;36402;232745;0
TrisEarlyRejected;1;238;481;0
FacesInside;296;296;1256;0
InstPx0to1;0;0;0;0
InstPx1to4;0;0;0;0
InstPx4to16;0;0;0;0
InstPx16plus;0;0;0;0
FacesPx0to1;0;0;0;0
FacesPx1to4;0;0;0;0
FacesPx4to16;0;0;0;0
FacesPx16plus;0;0;0;0
VertsInside;0;0;0;0
TrisEmittedInside;0;0;0;0
