# scene=solar_system_v1compat_belt.json;config=RelWithAsserts;cpu=12th Gen Intel(R) Core(TM) i7-1265U;affinity=fff;ablation=none;rasterstats=1;lodstats=0;asserts_lib=1;res=1536x900;views=4;mesurees=240;chauffe=60;overhead_ns=38;resolution_ns=100
zone;median_ns;p95_ns;max_ns;pourmille_de_la_frame
FRAME;7694500;8429800;9047700;1000
Input;10500;22000;98500;1
Animation;39200;60800;86900;5
LocalXform1;21500;27600;46800;2
WorldXform1;30300;41600;73400;3
Cameras;6700;10100;30000;0
LocalXform2;400;600;1400;0
WorldXform2;500;900;2800;0
Trigger;16800;23000;44200;2
BuildViews;900;1700;2600;0
Clear;1022700;1249800;1565700;132
Render;5529800;5997100;6609500;718
Present;911200;1393600;2151200;118
RESTE;10500;15500;24700;1
Entities;0;0;0;0
XformNodes;0;0;0;0
TriggerPairs;0;0;0;0
TriggerHits;0;0;0;0
MeshesTested;2580;2580;2580;0
MeshesCulled;1283;1286;1287;0
FacesSubmitted;274988;282412;286380;0
TrisRasterized;134389;135706;136255;0
VertsTransformed;181061;185251;187394;0
TrisCov0;166;189;207;0
TrisCov1;131;140;149;0
TrisCov2to4;50;50;113;0
TrisCov5plus;32;32;409;0
TrisTightEmpty;0;0;0;0
PixelsTested;10562;10604;161599;0
PixelsTight;10562;10604;161599;0
PixelsCovered;4562;4573;53668;0
TrisEarlyRejected;134003;135207;135830;0
FacesInside;269092;271300;272548;0
InstPx0to1;0;0;0;0
InstPx1to4;0;0;0;0
InstPx4to16;0;0;0;0
InstPx16plus;0;0;0;0
FacesPx0to1;0;0;0;0
FacesPx1to4;0;0;0;0
FacesPx4to16;0;0;0;0
FacesPx16plus;0;0;0;0
VertsInside;0;0;0;0
TrisEmittedInside;0;0;0;0
