# scene=solar_system_v1compat_belt.json;config=Release;cpu=12th Gen Intel(R) Core(TM) i7-1265U;affinity=4;ablation=none;rasterstats=0;asserts_lib=0;res=1536x900;views=4;mesurees=240;chauffe=60;overhead_ns=34;resolution_ns=100
zone;median_ns;p95_ns;max_ns;pourmille_de_la_frame
FRAME;10129000;11406900;12711100;1000
Input;11400;19400;59000;1
Animation;37800;48500;673300;3
LocalXform1;21900;23000;304600;2
WorldXform1;26300;28600;42400;2
Cameras;7900;12400;25200;0
LocalXform2;400;600;1300;0
WorldXform2;400;800;1400;0
Trigger;13800;15600;84000;1
BuildViews;1100;1900;6800;0
Clear;1038600;1185900;1942200;102
Render;7986200;8674800;10368400;788
Present;912500;1536800;2717200;90
RESTE;12100;20500;53100;1
Entities;0;0;0;0
XformNodes;0;0;0;0
TriggerPairs;0;0;0;0
TriggerHits;0;0;0;0
MeshesTested;2580;2580;2580;0
MeshesCulled;1283;1286;1287;0
FacesSubmitted;274988;282412;286380;0
TrisRasterized;134389;135706;136255;0
VertsTransformed;181061;185251;187394;0
TrisCov0;0;0;0;0
TrisCov1;0;0;0;0
TrisCov2to4;0;0;0;0
TrisCov5plus;0;0;0;0
TrisTightEmpty;0;0;0;0
PixelsTested;0;0;0;0
PixelsTight;0;0;0;0
PixelsCovered;0;0;0;0
TrisEarlyRejected;134003;135207;135830;0
