# scene=solar_system_v1compat_belt.json;config=Release;cpu=12th Gen Intel(R) Core(TM) i7-1265U;affinity=4;ablation=none;rasterstats=0;asserts_lib=0;res=1536x900;views=4;frames=300;warmup=60;overhead_ns=29;resolution_ns=100
frame;warmup;sim_millidays;frame_ns;Input_ns;Animation_ns;LocalXform1_ns;WorldXform1_ns;Cameras_ns;LocalXform2_ns;WorldXform2_ns;Trigger_ns;BuildViews_ns;Clear_ns;Render_ns;Present_ns;Entities;XformNodes;TriggerPairs;TriggerHits;MeshesTested;MeshesCulled;FacesSubmitted;TrisRasterized;VertsTransformed;TrisCov0;TrisCov1;TrisCov2to4;TrisCov5plus;TrisTightEmpty;PixelsTested;PixelsTight;PixelsCovered;TrisEarlyRejected
0;1;203;35654600;625900;37100;33800;26200;10700;500;500;16600;1600;5871200;7852300;15445200;0;0;0;0;2580;1263;295780;139369;192954;0;0;0;0;0;0;0;0;138043
1;1;206;19915700;4395400;175500;40600;54600;35400;800;1200;26400;5000;1553200;11452700;2120100;0;0;0;0;2580;1275;288012;135098;188327;0;0;0;0;0;0;0;0;133797
2;1;210;13554500;206500;32000;18800;22900;7100;400;400;12000;900;1403300;8599200;3195700;0;0;0;0;2580;1270;291468;137941;190374;0;0;0;0;0;0;0;0;136761
3;1;213;13139600;34000;74300;21900;51900;38400;300;300;26900;3800;1191500;8525100;3139200;0;0;0;0;2580;1270;288108;136587;188504;0;0;0;0;0;0;0;0;135764
4;1;216;10370900;12700;43100;24600;24000;8000;300;300;13900;800;1441500;7698400;1089000;0;0;0;0;2580;1270;290124;137434;189626;0;0;0;0;0;0;0;0;136634
5;1;220;22202200;10800;36000;21700;25900;7500;500;400;13400;1000;1100300;8325200;12645900;0;0;0;0;2580;1273;288588;136795;188697;0;0;0;0;0;0;0;0;135537
6;1;223;10519700;28200;73500;23600;31900;16900;400;800;16900;1100;1056300;8000500;1250700;0;0;0;0;2580;1274;288972;136571;188886;0;0;0;0;0;0;0;0;135344
7;1;226;14779300;13800;52500;21600;27000;10600;500;1300;15200;1300;1159000;8524400;4910500;0;0;0;0;2580;1273;287916;136409;188323;0;0;0;0;0;0;0;0;135142
8;1;230;9960600;14200;43900;22800;27500;10000;400;400;13700;800;1047100;7756700;1009000;0;0;0;0;2580;1278;285132;135310;186650;0;0;0;0;0;0;0;0;134508
9;1;233;10462200;10500;38500;22300;26100;10400;400;500;15100;1700;1135800;7812300;1360000;0;0;0;0;2580;1273;287916;136663;188323;0;0;0;0;0;0;0;0;135838
10;1;236;9825600;10800;40300;20900;23400;8000;400;300;13000;1200;1217900;7575400;904600;0;0;0;0;2580;1275;285996;135104;187205;0;0;0;0;0;0;0;0;133843
11;1;240;10240300;11000;38500;21400;30900;8800;500;400;11600;1400;1238400;7996700;867900;0;0;0;0;2580;1273;289260;136743;189071;0;0;0;0;0;0;0;0;135512
12;1;243;10626700;13700;39100;22000;24400;7900;400;300;13600;1000;1052900;7944600;1486900;0;0;0;0;2580;1275;288012;136571;188327;0;0;0;0;0;0;0;0;135300
13;1;246;9854100;64800;37700;21500;26800;7500;400;400;13300;1600;992500;7748100;926000;0;0;0;0;2580;1275;286668;136029;187579;0;0;0;0;0;0;0;0;135193
14;1;250;10159500;11200;36400;23500;25500;8600;500;400;13600;1300;1177900;7984200;867100;0;0;0;0;2580;1273;287244;135894;187949;0;0;0;0;0;0;0;0;135072
15;1;253;10413900;10100;36600;21900;27900;8300;500;300;12900;1200;1049700;7853600;1381700;0;0;0;0;2580;1276;286380;136345;187394;0;0;0;0;0;0;0;0;135526
16;1;256;10104600;14900;37800;21700;26900;7600;400;400;12400;900;1098800;7966200;906100;0;0;0;0;2580;1273;288588;136763;188697;0;0;0;0;0;0;0;0;135539
17;1;260;10896800;11900;36100;23200;24800;8000;500;400;13600;1000;1251900;8061100;1452500;0;0;0;0;2580;1273;288588;136794;188697;0;0;0;0;0;0;0;0;135571
18;1;263;9659400;11200;42200;19800;24300;7300;500;300;12800;1000;1045500;7568700;914100;0;0;0;0;2580;1273;287244;135624;187949;0;0;0;0;0;0;0;0;134841
19;1;266;10052700;12500;36100;21500;28400;8000;400;300;13000;1200;1051900;8005400;861900;0;0;0;0;2580;1276;287052;136168;187768;0;0;0;0;0;0;0;0;135423
20;1;270;9965200;10300;36300;21600;28400;7700;400;300;13300;900;1159800;7727700;947700;0;0;0;0;2580;1276;286380;135993;187394;0;0;0;0;0;0;0;0;135243
21;1;273;9889600;9600;35000;21200;27500;7300;400;300;14000;1200;1006200;7862800;892700;0;0;0;0;2580;1273;286572;135796;187575;0;0;0;0;0;0;0;0;134633
22;1;276;10439600;11300;39500;20300;24200;7100;400;300;12300;1000;1107500;7970400;1228000;0;0;0;0;2580;1271;289836;137246;189441;0;0;0;0;0;0;0;0;136124
23;1;280;9980900;10100;35800;20800;24000;7900;300;400;12500;1000;1170000;7770800;917400;0;0;0;0;2580;1276;286380;135727;187394;0;0;0;0;0;0;0;0;134595
24;1;283;9870700;10400;34900;21700;24000;8600;400;400;12800;1200;1136700;7722800;885600;0;0;0;0;2580;1276;286380;135986;187394;0;0;0;0;0;0;0;0;135308
25;1;286;9977700;13000;39900;20400;24500;7300;400;300;12900;900;1123800;7805300;919200;0;0;0;0;2580;1275;286668;136012;187579;0;0;0;0;0;0;0;0;135344
26;1;290;9953900;10300;36400;21500;28300;7100;500;300;17600;1700;1120300;7640600;1056800;0;0;0;0;2580;1278;285132;135120;186650;0;0;0;0;0;0;0;0;134470
27;1;293;10301900;12800;38300;21900;27400;8400;500;400;14500;1200;1067300;7852700;1236800;0;0;0;0;2580;1274;286956;136190;187764;0;0;0;0;0;0;0;0;135118
28;1;296;10114300;11100;37100;24300;23800;8400;400;300;11500;1000;1157700;7857700;969900;0;0;0;0;2580;1271;289164;137171;189067;0;0;0;0;0;0;0;0;136114
29;1;300;10274100;10200;36100;21300;30300;8200;500;300;12900;900;1205000;7651800;1286600;0;0;0;0;2580;1279;284844;135263;186465;0;0;0;0;0;0;0;0;134678
30;1;303;9801800;11500;37200;22000;25900;8800;400;400;14100;900;1262800;7484900;921300;0;0;0;0;2580;1279;283500;134451;185717;0;0;0;0;0;0;0;0;133854
31;1;306;9908800;10900;35400;32600;26500;7700;500;300;14100;1400;1115900;7721800;930100;0;0;0;0;2580;1274;288300;136951;188512;0;0;0;0;0;0;0;0;136400
32;1;310;10011900;11600;36400;21600;26200;8000;400;400;13700;1200;1245500;7752600;883700;0;0;0;0;2580;1277;286092;135245;187209;0;0;0;0;0;0;0;0;134265
33;1;313;9725000;10500;34900;22000;23800;7900;300;300;11800;1100;1089100;7578100;933400;0;0;0;0;2580;1275;286668;136134;187579;0;0;0;0;0;0;0;0;135201
34;1;316;10100600;11200;34900;22300;29500;7700;400;300;14200;1100;1178300;7878500;911700;0;0;0;0;2580;1276;287052;136444;187768;0;0;0;0;0;0;0;0;135994
35;1;320;9664800;10000;35200;22000;22700;6600;400;900;12900;900;1136000;7457300;951800;0;0;0;0;2580;1275;286668;135961;187579;0;0;0;0;0;0;0;0;135558
36;1;323;9712100;11000;35900;21700;24300;7800;400;400;12900;1500;1038300;7664600;883300;0;0;0;0;2580;1273;287916;136270;188323;0;0;0;0;0;0;0;0;135873
37;1;326;10776100;9500;39800;20700;25600;6800;400;600;12800;1100;1159300;7611600;1868300;0;0;0;0;2580;1277;286092;134795;187209;0;0;0;0;0;0;0;0;134391
38;1;330;10018900;11800;37400;22200;23700;9000;400;300;11900;1800;1405000;7547100;936500;0;0;0;0;2580;1275;286668;135942;187579;0;0;0;0;0;0;0;0;135111
39;1;333;10073800;11000;36600;19900;24600;6800;400;300;13000;800;1208100;7851200;886800;0;0;0;0;2580;1272;288204;136677;188508;0;0;0;0;0;0;0;0;135870
40;1;336;9477000;14400;39400;20400;25600;8000;400;400;14200;1200;1023500;7356000;964000;0;0;0;0;2580;1278;285132;134697;186650;0;0;0;0;0;0;0;0;134300
41;1;340;9709300;14700;37700;21500;36600;10900;400;400;14700;1400;1124000;7548200;887000;0;0;0;0;2580;1275;286668;136121;187579;0;0;0;0;0;0;0;0;135736
42;1;343;10499300;14400;35700;21400;26200;7200;500;400;13200;900;1115800;7793600;1449300;0;0;0;0;2580;1277;285420;135677;186835;0;0;0;0;0;0;0;0;135276
43;1;346;9619400;11200;34600;23100;23800;8000;500;400;11700;900;1070300;7519800;904400;0;0;0;0;2580;1278;285804;135496;187024;0;0;0;0;0;0;0;0;134651
44;1;350;10063800;11600;43200;22200;26300;7600;500;400;14500;1200;1225800;7827800;871500;0;0;0;0;2580;1273;287916;136550;188323;0;0;0;0;0;0;0;0;135702
45;1;353;9527000;12100;35900;21600;25000;7400;500;300;12300;900;1080700;7427400;894800;0;0;0;0;2580;1277;285420;135435;186835;0;0;0;0;0;0;0;0;135046
46;1;356;9642400;9600;35100;24600;25100;7800;400;300;13100;1100;1138000;7508300;867900;0;0;0;0;2580;1276;286380;135581;187394;0;0;0;0;0;0;0;0;135169
47;1;360;9913500;10400;36000;21300;27800;7100;400;400;12800;900;1051600;7692900;1042600;0;0;0;0;2580;1278;285132;135433;186650;0;0;0;0;0;0;0;0;135045
48;1;363;9720500;28100;41000;22300;30600;13600;400;400;15400;2100;1019400;7429800;1104800;0;0;0;0;2580;1275;286668;136010;187579;0;0;0;0;0;0;0;0;135620
49;1;366;10112600;11500;37000;21300;25600;7100;400;400;13700;1100;1082100;8007200;893200;0;0;0;0;2580;1277;285420;135551;186835;0;0;0;0;0;0;0;0;134737
50;1;370;9567100;12500;36500;21300;39900;7800;400;300;13600;1000;965500;7612900;843800;0;0;0;0;2580;1279;284844;135054;186465;0;0;0;0;0;0;0;0;134649
51;1;373;9632100;10400;40700;22600;25700;11300;400;400;14000;1800;1042900;7562400;889000;0;0;0;0;2580;1274;286956;135708;187764;0;0;0;0;0;0;0;0;135328
52;1;376;9586500;13500;36700;22200;26200;8600;400;400;13700;1000;1004300;7528500;920400;0;0;0;0;2580;1276;285036;134798;186646;0;0;0;0;0;0;0;0;134402
53;1;380;9829400;10100;38100;21500;26900;8900;500;400;13400;1500;1115900;7678000;903800;0;0;0;0;2580;1276;285708;135740;187020;0;0;0;0;0;0;0;0;135351
54;1;383;9935300;10700;35600;21300;26000;9100;500;400;14300;1200;1030900;7941300;832300;0;0;0;0;2580;1276;285708;135124;187020;0;0;0;0;0;0;0;0;134292
55;1;386;9690900;12200;36600;26900;25100;7200;400;300;13900;1100;1018800;7657500;881300;0;0;0;0;2580;1275;286668;135576;187579;0;0;0;0;0;0;0;0;134913
56;1;390;9825900;11500;35900;21700;24800;6500;400;300;12600;1300;1040700;7702600;954400;0;0;0;0;2580;1278;285132;135356;186650;0;0;0;0;0;0;0;0;134966
57;1;393;9509200;11600;37600;21800;24400;7400;400;400;12900;1200;1068300;7414400;899000;0;0;0;0;2580;1276;286380;135898;187394;0;0;0;0;0;0;0;0;135497
58;1;396;9753200;9800;35200;22400;25500;7500;400;400;12800;800;1032200;7696000;899000;0;0;0;0;2580;1277;280396;134256;184129;0;0;0;0;0;0;0;0;133864
59;1;400;10329400;10400;36600;21400;26500;9400;400;300;12500;1300;1074100;7385900;1740100;0;0;0;0;2580;1277;286092;135145;187209;0;0;0;0;0;0;0;0;134751
60;0;403;9665500;11700;39100;22700;26800;7400;500;400;14000;1200;971400;7622500;935400;0;0;0;0;2580;1278;284460;135161;186276;0;0;0;0;0;0;0;0;134362
61;0;406;9812600;11900;36100;21500;24500;7500;400;400;12400;800;1200100;7614300;871300;0;0;0;0;2580;1278;283788;134479;185902;0;0;0;0;0;0;0;0;134123
62;0;410;9468100;10600;40600;21600;24700;7700;400;400;14500;900;1057700;7370000;909300;0;0;0;0;2580;1276;286380;135864;187394;0;0;0;0;0;0;0;0;135519
63;0;413;10264300;9900;35400;21400;37000;7800;400;400;14000;1600;1176800;8027200;922100;0;0;0;0;2580;1278;284460;134915;186276;0;0;0;0;0;0;0;0;134544
64;0;416;10707400;10400;36600;21300;26200;7100;400;400;14600;1300;1098300;8114600;1361800;0;0;0;0;2580;1277;281740;135849;184877;0;0;0;0;0;0;0;0;135469
65;0;420;9887800;34200;99000;25200;30100;9900;500;300;15300;1400;1052800;7590500;1018100;0;0;0;0;2580;1280;280204;134911;183948;0;0;0;0;0;0;0;0;134122
66;0;423;9643900;10800;37500;22500;23900;7000;500;300;13400;800;1087100;7526000;903000;0;0;0;0;2580;1277;282412;135893;185251;0;0;0;0;0;0;0;0;135532
67;0;426;9793000;9800;37200;22000;23900;7200;400;800;12700;1000;1074200;7432500;1161200;0;0;0;0;2580;1279;283500;134756;185717;0;0;0;0;0;0;0;0;134397
68;0;430;9861200;14500;41600;21800;24400;7600;300;400;12300;1300;1323300;7475300;927500;0;0;0;0;2580;1280;284556;134581;186280;0;0;0;0;0;0;0;0;134224
69;0;433;9925600;10400;35000;22200;26300;7600;500;400;12700;800;1118100;7666800;1015400;0;0;0;0;2580;1276;285036;135078;186646;0;0;0;0;0;0;0;0;134719
70;0;436;9705500;11000;37800;21300;27300;8100;400;500;13500;1500;1120100;7509300;944200;0;0;0;0;2580;1278;280108;134640;183944;0;0;0;0;0;0;0;0;134274
71;0;440;9994200;10700;35200;21400;30800;11100;400;1100;20000;1900;1168100;7678400;1001500;0;0;0;0;2580;1277;283084;136095;185625;0;0;0;0;0;0;0;0;135655
72;0;443;9566100;12400;37700;21300;26000;7200;500;300;12400;900;1091700;7445400;898800;0;0;0;0;2580;1278;280108;134614;183944;0;0;0;0;0;0;0;0;134252
73;0;446;9657500;9700;37300;21300;26400;7400;400;300;13000;900;1157300;7518300;855600;0;0;0;0;2580;1278;282796;135758;185440;0;0;0;0;0;0;0;0;135394
74;0;450;9612600;11100;35500;22100;25300;7800;500;300;13600;1000;1036600;7581400;867300;0;0;0;0;2580;1281;279244;134359;183389;0;0;0;0;0;0;0;0;133977
75;0;453;9455500;11000;38100;21700;36500;8000;500;300;13200;1100;1027200;7414700;873200;0;0;0;0;2580;1277;281740;134985;184877;0;0;0;0;0;0;0;0;134622
76;0;456;10460700;11800;35900;21600;26800;7800;400;400;12700;700;1109900;8370300;852400;0;0;0;0;2580;1276;283372;135814;185810;0;0;0;0;0;0;0;0;135078
77;0;460;9407300;10500;36100;21600;23700;7300;400;400;12400;900;1070100;7331400;882000;0;0;0;0;2580;1280;279532;134653;183574;0;0;0;0;0;0;0;0;134282
78;0;463;9642100;10300;35900;21500;26200;7000;400;300;12600;1000;1181100;7498800;835600;0;0;0;0;2580;1280;281548;134709;184696;0;0;0;0;0;0;0;0;134337
79;0;466;10440800;10400;34400;21800;25900;7100;400;400;14000;1700;1040100;8394800;878700;0;0;0;0;2580;1276;282028;135162;185062;0;0;0;0;0;0;0;0;134789
80;0;470;9768900;11400;36200;21900;24700;7600;400;300;12400;1000;999400;7685300;949400;0;0;0;0;2580;1281;279244;134200;183389;0;0;0;0;0;0;0;0;133838
81;0;473;10126900;11600;41500;21100;24200;6900;400;400;12800;1000;1116500;7313100;1562400;0;0;0;0;2580;1281;279244;134446;183389;0;0;0;0;0;0;0;0;134064
82;0;476;9956600;12200;36900;21800;24800;7600;500;300;12700;1100;1161200;7762900;904500;0;0;0;0;2580;1276;282700;135854;185436;0;0;0;0;0;0;0;0;135501
83;0;480;9649300;11200;36000;21500;26900;6500;500;800;12800;900;1117800;7509200;892800;0;0;0;0;2580;1281;279916;134548;183763;0;0;0;0;0;0;0;0;134182
84;0;483;9405800;13000;39200;21400;26200;10000;400;800;13900;2500;957500;7372700;937500;0;0;0;0;2580;1281;279244;134294;183389;0;0;0;0;0;0;0;0;133924
85;0;486;9772000;9900;37200;21200;25300;7500;400;400;13100;800;1190600;7602300;854600;0;0;0;0;2580;1278;281452;134674;184692;0;0;0;0;0;0;0;0;134325
86;0;490;9795000;10500;36000;21300;25700;7200;500;400;12400;800;1115000;7493700;1061600;0;0;0;0;2580;1278;280780;135001;184318;0;0;0;0;0;0;0;0;134634
87;0;493;9652000;14200;36200;21300;25900;8700;400;400;13800;700;1040700;7545800;931000;0;0;0;0;2580;1279;280492;134767;184133;0;0;0;0;0;0;0;0;134389
88;0;496;10115600;10900;35100;23200;25100;9200;400;400;13900;1200;1166100;7638600;1177500;0;0;0;0;2580;1276;282700;136173;185436;0;0;0;0;0;0;0;0;135797
89;0;500;10409200;11300;37900;21500;26200;9700;400;400;14100;1000;1168200;8084500;1021100;0;0;0;0;2580;1282;278956;134376;183204;0;0;0;0;0;0;0;0;133991
90;0;503;9725800;10300;36400;23300;24600;6600;400;300;12500;900;1135500;7575000;888800;0;0;0;0;2580;1280;280876;134828;184322;0;0;0;0;0;0;0;0;134428
91;0;506;10067900;11000;36200;21400;25200;7000;400;600;12600;900;1110700;7349000;1482200;0;0;0;0;2580;1278;280780;134679;184318;0;0;0;0;0;0;0;0;134282
92;0;510;9932000;69800;46800;21900;28700;10400;400;600;14600;1000;1458700;7255900;1007400;0;0;0;0;2580;1282;278284;133684;182830;0;0;0;0;0;0;0;0;133309
93;0;513;9896400;10900;36600;22600;27000;7500;400;400;13100;900;1153400;7573700;1038300;0;0;0;0;2580;1277;282412;135932;185251;0;0;0;0;0;0;0;0;135566
94;0;516;9397800;13000;37600;21200;24300;8000;400;400;12700;1500;1006700;7408100;852400;0;0;0;0;2580;1280;279532;135287;183574;0;0;0;0;0;0;0;0;134922
95;0;520;9617400;10300;36000;21400;28700;7900;400;400;12800;800;912700;7723500;852300;0;0;0;0;2580;1278;282124;135713;185066;0;0;0;0;0;0;0;0;135323
96;0;523;9674900;12500;37900;21300;25500;8700;400;400;13800;1100;1165000;7461900;915700;0;0;0;0;2580;1281;279916;135011;183763;0;0;0;0;0;0;0;0;134626
97;0;526;9561300;18000;37700;22500;25900;9400;600;300;14000;1300;1002900;7537900;878400;0;0;0;0;2580;1278;280780;135202;184318;0;0;0;0;0;0;0;0;134836
98;0;530;10211600;12900;36900;21400;25600;9000;400;500;13400;1000;1070700;7660900;1339100;0;0;0;0;2580;1277;282412;134765;185251;0;0;0;0;0;0;0;0;134402
99;0;533;9683600;11300;35000;21400;28800;8700;400;400;12500;900;1030100;7347400;1174100;0;0;0;0;2580;1283;277996;133722;182645;0;0;0;0;0;0;0;0;133364
100;0;536;9633500;12200;39100;21900;35300;7400;400;400;13200;1000;1180500;7448900;862100;0;0;0;0;2580;1276;281356;134689;184688;0;0;0;0;0;0;0;0;134300
101;0;540;9422900;10500;40000;19500;24000;8000;500;300;13000;900;1047100;7361900;887600;0;0;0;0;2580;1281;279916;134809;183763;0;0;0;0;0;0;0;0;134447
102;0;543;9570500;9600;42800;21300;28500;7500;300;300;13400;1300;1072900;7446800;914500;0;0;0;0;2580;1281;279244;134789;183389;0;0;0;0;0;0;0;0;134424
103;0;546;9909800;12700;36300;21500;26100;8400;600;400;14300;1000;1191400;7556300;1029700;0;0;0;0;2580;1280;278860;134670;183200;0;0;0;0;0;0;0;0;134316
104;0;550;9870600;13700;35700;21600;25900;8700;500;400;16700;1100;1240400;7602600;891800;0;0;0;0;2580;1281;279916;134509;183763;0;0;0;0;0;0;0;0;134150
105;0;553;9783400;9800;35600;21600;24800;8800;300;400;12000;1100;1138200;7654200;866300;0;0;0;0;2580;1278;280780;135401;184318;0;0;0;0;0;0;0;0;135028
106;0;556;9775100;11400;40100;20100;24400;7200;400;300;12600;1100;1084700;7585500;975900;0;0;0;0;2580;1281;278572;134329;183015;0;0;0;0;0;0;0;0;133955
107;0;560;9598100;11700;35900;24700;24400;8200;500;400;12300;1000;1137900;7461000;871000;0;0;0;0;2580;1281;279916;135240;183763;0;0;0;0;0;0;0;0;134859
108;0;563;9592200;11300;39800;42300;48400;9700;400;300;13800;1100;1042300;7467800;905000;0;0;0;0;2580;1282;278284;134419;182830;0;0;0;0;0;0;0;0;134041
109;0;566;9581900;10300;35900;22800;23800;9700;300;1100;25500;1200;1112100;7403000;923900;0;0;0;0;2580;1283;277324;133942;182271;0;0;0;0;0;0;0;0;133564
110;0;570;10266600;9700;36200;21300;27100;6800;400;300;13300;1200;1147300;7461000;1513200;0;0;0;0;2580;1277;282412;136201;185251;0;0;0;0;0;0;0;0;135825
111;0;573;9615800;10700;35800;21300;27300;6500;500;300;13300;1000;1153300;7360800;957300;0;0;0;0;2580;1283;277324;134076;182271;0;0;0;0;0;0;0;0;133685
112;0;576;9804000;10900;41900;21600;27100;7500;400;900;13400;1100;1234500;7569600;864500;0;0;0;0;2580;1280;279532;134789;183574;0;0;0;0;0;0;0;0;134407
113;0;580;9471300;10700;35700;21300;29000;7100;400;300;11700;1200;1056100;7320800;967700;0;0;0;0;2580;1280;280204;134927;183948;0;0;0;0;0;0;0;0;134559
114;0;583;9813600;9600;36800;21200;28500;7600;400;300;14000;900;1124700;7616600;942000;0;0;0;0;2580;1282;278956;134190;183204;0;0;0;0;0;0;0;0;133819
115;0;586;10876700;11900;36400;21400;28200;6600;500;400;12900;1200;1136000;7289400;2320600;0;0;0;0;2580;1282;278956;134778;183204;0;0;0;0;0;0;0;0;134388
116;0;590;9636100;27300;38100;19600;40100;14100;600;1000;13900;900;1126000;7275700;1068100;0;0;0;0;2580;1280;278860;134469;183200;0;0;0;0;0;0;0;0;134088
117;0;593;9801800;11700;38200;22600;25500;8700;500;400;13200;1000;1183700;7589200;895200;0;0;0;0;2580;1279;278156;136255;182923;0;0;0;0;0;0;0;0;135830
118;0;596;9552000;10600;40900;20600;23800;7400;400;300;12200;1100;1054000;7367100;1002400;0;0;0;0;2580;1282;277612;133945;182456;0;0;0;0;0;0;0;0;133559
119;0;600;10040300;11100;44900;22300;27300;7800;400;500;14300;1100;1313700;7643000;942300;0;0;0;0;2580;1279;280492;135043;184133;0;0;0;0;0;0;0;0;134664
120;0;603;9955000;13000;41800;21400;29000;7400;400;400;12600;900;1164100;7473100;1178300;0;0;0;0;2580;1282;278956;134114;183204;0;0;0;0;0;0;0;0;133727
121;0;606;9590600;14300;39600;21500;28000;9000;400;400;14500;1100;1140600;7403900;906100;0;0;0;0;2580;1281;278572;133790;183015;0;0;0;0;0;0;0;0;133413
122;0;610;9763100;12300;36000;21600;25100;13600;500;400;15100;1000;1221400;7518300;886600;0;0;0;0;2580;1281;279916;134772;183763;0;0;0;0;0;0;0;0;134380
123;0;613;9486800;10400;35700;21400;26400;10400;500;400;13700;1400;1051100;7331900;971900;0;0;0;0;2580;1280;278860;134399;183200;0;0;0;0;0;0;0;0;133976
124;0;616;9634900;12000;36100;21700;29800;12100;500;400;14700;1400;1135800;7480000;879000;0;0;0;0;2580;1279;277484;135115;182549;0;0;0;0;0;0;0;0;134699
125;0;620;9533300;9700;35600;21300;27600;7100;400;500;12500;800;1125300;7368100;913600;0;0;0;0;2580;1285;276748;133822;181901;0;0;0;0;0;0;0;0;133433
126;0;623;9680900;9000;36000;25000;24900;7200;400;400;14300;900;1031900;7619200;901100;0;0;0;0;2580;1279;281164;135706;184507;0;0;0;0;0;0;0;0;135325
127;0;626;10285700;11900;35400;21200;26100;6800;500;700;13100;1100;1124700;7501400;1531100;0;0;0;0;2580;1281;279244;134215;183389;0;0;0;0;0;0;0;0;133824
128;0;630;9403300;10900;36900;22100;23700;7600;300;300;13100;1000;1132700;7256400;887800;0;0;0;0;2580;1283;274988;134687;181061;0;0;0;0;0;0;0;0;134286
129;0;633;9668400;11100;36200;21700;26200;8000;500;400;13800;1000;1167100;7491400;879400;0;0;0;0;2580;1281;279244;134692;183389;0;0;0;0;0;0;0;0;134276
130;0;636;9600400;10900;36500;21300;24000;7000;500;300;12800;900;1126500;7472900;876800;0;0;0;0;2580;1283;277324;134073;182271;0;0;0;0;0;0;0;0;133677
131;0;640;9570900;10200;36400;21400;26900;7100;400;400;13000;1200;1122300;7477800;843900;0;0;0;0;2580;1283;274316;134128;180687;0;0;0;0;0;0;0;0;133705
132;0;643;9686700;10700;34700;23600;25100;7200;400;300;13400;900;1035300;7469100;1055300;0;0;0;0;2580;1283;274988;134788;181061;0;0;0;0;0;0;0;0;134380
133;0;646;9594000;15400;36300;21500;25400;8600;400;400;13200;900;1077300;7479000;903700;0;0;0;0;2580;1281;279244;134637;183389;0;0;0;0;0;0;0;0;134250
134;0;650;9555100;9600;35000;24100;24100;8100;300;300;11500;1100;1103000;7511300;815700;0;0;0;0;2580;1283;277324;134076;182271;0;0;0;0;0;0;0;0;133652
135;0;653;9559900;11100;37000;21700;25300;7200;400;400;12400;1100;1037800;7525700;869000;0;0;0;0;2580;1280;276524;135247;181990;0;0;0;0;0;0;0;0;134846
136;0;656;9600500;10300;34800;21400;25700;7500;400;400;12700;1200;1119500;7496000;860500;0;0;0;0;2580;1280;279532;134887;183574;0;0;0;0;0;0;0;0;134483
137;0;660;9483700;10400;38600;21300;25500;7700;400;400;13800;800;958200;7500000;897900;0;0;0;0;2580;1283;278668;134524;183019;0;0;0;0;0;0;0;0;134137
138;0;663;9665900;9700;36700;21300;24800;7600;400;300;12300;1000;1074800;7592000;874600;0;0;0;0;2580;1283;274988;134319;181061;0;0;0;0;0;0;0;0;133942
139;0;666;9654500;9600;37100;21400;24300;7700;400;300;13100;1000;1081900;7410200;1038500;0;0;0;0;2580;1284;274028;134368;180502;0;0;0;0;0;0;0;0;133991
140;0;670;9772300;13000;39500;21500;26300;7500;500;400;13600;1200;1139100;7562100;935900;0;0;0;0;2580;1283;277996;134192;182645;0;0;0;0;0;0;0;0;133812
141;0;673;9576100;9700;36000;21000;24300;7100;700;400;12900;900;1151700;7452200;849700;0;0;0;0;2580;1278;280108;134278;183944;0;0;0;0;0;0;0;0;133901
142;0;676;9331200;9600;36500;21300;26200;8500;600;500;16200;1100;989200;7326300;881600;0;0;0;0;2580;1280;277196;134765;182364;0;0;0;0;0;0;0;0;134379
143;0;680;9647900;11600;36300;21500;29500;8000;400;400;14000;1200;1034400;7614100;865600;0;0;0;0;2580;1285;273740;134282;180317;0;0;0;0;0;0;0;0;133901
144;0;683;9422800;9800;36500;21400;25900;6800;300;400;13000;900;1065300;7302800;930000;0;0;0;0;2580;1281;279244;134526;183389;0;0;0;0;0;0;0;0;134098
145;0;686;9648000;10200;40600;21200;25200;8100;400;300;13900;900;1029900;7516600;970600;0;0;0;0;2580;1284;274028;134272;180502;0;0;0;0;0;0;0;0;133881
146;0;690;10780800;10000;37800;21400;27000;7700;400;300;12700;1200;1090500;7737600;1822900;0;0;0;0;2580;1284;274028;134051;180502;0;0;0;0;0;0;0;0;133651
147;0;693;9882700;30100;38500;22000;26500;7800;400;300;18200;1000;1025700;7765700;935400;0;0;0;0;2580;1281;277900;133993;182641;0;0;0;0;0;0;0;0;133626
148;0;696;10005100;10500;38100;22400;23000;7900;500;300;12700;900;1106800;7822700;947100;0;0;0;0;2580;1281;276236;135039;181805;0;0;0;0;0;0;0;0;134664
149;0;700;9538200;11300;38300;22700;24700;6800;500;400;12400;1000;1071700;7406700;920900;0;0;0;0;2580;1281;275564;134710;181431;0;0;0;0;0;0;0;0;134332
150;0;703;9683200;9800;43400;20300;24500;7200;400;300;13500;1000;1034700;7573700;943900;0;0;0;0;2580;1285;273740;133975;180317;0;0;0;0;0;0;0;0;133614
151;0;706;9922000;11000;48800;21700;38300;7200;600;400;13800;800;1142400;7535000;1089600;0;0;0;0;2580;1283;274988;134556;181061;0;0;0;0;0;0;0;0;134167
152;0;710;9447600;22000;47500;21000;28200;16100;300;400;17000;2200;1012300;7345000;921600;0;0;0;0;2580;1282;273932;133974;180498;0;0;0;0;0;0;0;0;133599
153;0;713;9640600;13500;36500;21500;26400;10600;500;300;13800;900;1129300;7532500;845200;0;0;0;0;2580;1283;274988;134744;181061;0;0;0;0;0;0;0;0;134371
154;0;716;9852200;11000;36500;21300;23800;6900;500;400;13700;900;1051400;7597400;1076000;0;0;0;0;2580;1281;275564;134764;181431;0;0;0;0;0;0;0;0;134400
155;0;720;10687500;14900;43100;24600;28600;10200;400;400;15900;1200;1349100;8297500;889800;0;0;0;0;2580;1281;276236;134874;181805;0;0;0;0;0;0;0;0;134520
156;0;723;9703800;11400;37100;21800;25300;6100;400;400;12800;1100;1144000;7438100;996200;0;0;0;0;2580;1284;274028;134259;180502;0;0;0;0;0;0;0;0;133918
157;0;726;9664800;16900;43000;22600;26500;10100;400;400;14300;1100;1123400;7502500;893500;0;0;0;0;2580;1282;275948;134750;181620;0;0;0;0;0;0;0;0;134393
158;0;730;9757400;9900;36300;21300;26000;8200;400;700;13400;900;1195100;7584300;850200;0;0;0;0;2580;1281;275564;134685;181431;0;0;0;0;0;0;0;0;134313
159;0;733;9539600;10600;35000;21300;34700;8700;400;300;13400;1200;1095800;7399300;908800;0;0;0;0;2580;1283;274316;133988;180687;0;0;0;0;0;0;0;0;133610
160;0;736;9603900;10000;36800;34700;36300;7400;400;400;15200;1000;1076300;7504100;866200;0;0;0;0;2580;1283;274988;134084;181061;0;0;0;0;0;0;0;0;133710
161;0;740;9299500;9500;36400;21600;27800;6500;500;500;14100;1000;972800;7278100;920700;0;0;0;0;2580;1283;274316;134236;180687;0;0;0;0;0;0;0;0;133868
162;0;743;9694700;10800;36300;24700;25500;6300;400;400;14100;900;1137900;7528400;898500;0;0;0;0;2580;1284;274028;134308;180502;0;0;0;0;0;0;0;0;133936
163;0;746;9872500;9300;39300;20800;24100;7000;500;300;12100;800;1105200;7340700;1301900;0;0;0;0;2580;1284;274028;133636;180502;0;0;0;0;0;0;0;0;133281
164;0;750;9582800;20600;48500;26300;29600;17700;400;500;30900;2400;966000;7479800;944200;0;0;0;0;2580;1283;274988;134680;181061;0;0;0;0;0;0;0;0;134331
165;0;753;9690000;9900;36000;24800;29400;7100;400;300;13300;1000;1156200;7436100;965300;0;0;0;0;2580;1281;275564;134184;181431;0;0;0;0;0;0;0;0;133827
166;0;756;9620200;11700;37300;21500;25700;10200;600;400;13800;1800;1094100;7435800;955700;0;0;0;0;2580;1283;274316;134389;180687;0;0;0;0;0;0;0;0;134017
167;0;760;9916700;11500;38000;24800;25000;8600;400;500;13800;1000;1186100;7665700;930200;0;0;0;0;2580;1282;275276;134655;181246;0;0;0;0;0;0;0;0;134263
168;0;763;9234700;10900;37300;22200;24800;7300;400;400;12500;1100;1001500;7203800;903000;0;0;0;0;2580;1284;274028;134111;180502;0;0;0;0;0;0;0;0;133725
169;0;766;9989200;12700;38100;21400;26700;9100;400;400;12500;1100;1074600;7878000;903500;0;0;0;0;2580;1284;274028;133766;180502;0;0;0;0;0;0;0;0;133395
170;0;770;9885100;10400;37100;21600;26200;7200;500;400;13200;800;1227200;7511300;1017600;0;0;0;0;2580;1282;274604;134300;180872;0;0;0;0;0;0;0;0;133945
171;0;773;9478900;9500;38900;19500;24100;6800;1500;400;11200;800;1127200;7273000;956000;0;0;0;0;2580;1285;273068;133709;179943;0;0;0;0;0;0;0;0;133339
172;0;776;9823200;9600;36900;23600;25000;7900;400;300;12900;900;1147700;7664300;883400;0;0;0;0;2580;1283;274988;134457;181061;0;0;0;0;0;0;0;0;134073
173;0;780;9565000;10400;35800;22100;23900;10000;400;400;12400;1300;1093500;7416800;925900;0;0;0;0;2580;1282;275276;134762;181246;0;0;0;0;0;0;0;0;134382
174;0;783;9768800;11200;36400;22900;26300;7000;400;400;13900;1000;1061400;7667000;909700;0;0;0;0;2580;1284;274700;134148;180876;0;0;0;0;0;0;0;0;133783
175;0;786;9650800;10900;36500;23100;24900;7200;400;400;12500;1000;1108800;7434400;981600;0;0;0;0;2580;1283;274316;134445;180687;0;0;0;0;0;0;0;0;134081
176;0;790;9507600;11600;51200;21200;26600;11600;500;300;15400;1600;979100;7446200;931500;0;0;0;0;2580;1283;274988;134146;181061;0;0;0;0;0;0;0;0;133770
177;0;793;9939900;11500;43900;20600;24200;9400;600;300;13400;1100;1156600;7775600;871500;0;0;0;0;2580;1282;275276;134104;181246;0;0;0;0;0;0;0;0;133733
178;0;796;9646900;9800;39000;19300;24200;7300;300;400;13200;1000;1042000;7265100;1214700;0;0;0;0;2580;1286;272780;133666;179758;0;0;0;0;0;0;0;0;133292
179;0;800;9751800;17100;44500;22900;28000;11100;500;400;14300;1200;1236000;7494500;870300;0;0;0;0;2580;1282;275948;134619;181620;0;0;0;0;0;0;0;0;134249
180;0;803;9565600;11500;36600;23700;24600;8600;400;400;15300;900;1172900;7359700;900800;0;0;0;0;2580;1282;274604;134446;180872;0;0;0;0;0;0;0;0;134081
181;0;806;9710000;11800;38700;21800;25900;7500;300;400;13800;1500;1122500;7567500;886800;0;0;0;0;2580;1283;275660;134175;181435;0;0;0;0;0;0;0;0;133798
182;0;810;10061800;12500;36900;21400;25500;7800;400;500;13200;1100;1224400;7685100;1011800;0;0;0;0;2580;1284;273356;133980;180128;0;0;0;0;0;0;0;0;133607
183;0;813;9637300;11300;36200;23500;25200;8100;400;400;13100;1000;1040500;7409600;1056100;0;0;0;0;2580;1282;274604;134012;180872;0;0;0;0;0;0;0;0;133617
184;0;816;9584500;11100;37000;22100;25700;8300;500;400;12900;1300;999500;7569900;884400;0;0;0;0;2580;1283;274988;134808;181061;0;0;0;0;0;0;0;0;134430
185;0;820;9691100;11100;39100;22700;25800;7300;500;600;13600;900;1027000;7620700;910700;0;0;0;0;2580;1285;273068;133300;179943;0;0;0;0;0;0;0;0;132930
186;0;823;9993700;10600;35800;21400;24000;7100;500;400;13000;900;1086500;7593900;1186200;0;0;0;0;2580;1283;275660;135218;181435;0;0;0;0;0;0;0;0;134838
187;0;826;10065200;14000;40200;21800;27000;7900;400;400;13000;1100;1158000;7377200;1392300;0;0;0;0;2580;1285;273068;133606;179943;0;0;0;0;0;0;0;0;133221
188;0;830;9622100;28900;69600;25200;30000;21800;400;1000;16300;1300;919900;7527700;963100;0;0;0;0;2580;1283;274988;134222;181061;0;0;0;0;0;0;0;0;133834
189;0;833;9718100;12200;38400;21400;26400;8000;400;400;16600;1100;1093800;7599200;889900;0;0;0;0;2580;1283;274316;134046;180687;0;0;0;0;0;0;0;0;133671
190;0;836;9394000;10700;36700;21400;27200;6500;400;400;13100;1100;1047800;7307200;912000;0;0;0;0;2580;1286;272780;133640;179758;0;0;0;0;0;0;0;0;133264
191;0;840;9753200;9500;34900;21400;25600;7100;500;400;13700;900;1170100;7552400;907000;0;0;0;0;2580;1282;274604;134152;180872;0;0;0;0;0;0;0;0;133769
192;0;843;9347100;10800;36200;24400;25000;7900;300;300;12900;1000;1108300;7239800;871400;0;0;0;0;2580;1285;273740;133972;180317;0;0;0;0;0;0;0;0;133592
193;0;846;10019700;11700;38400;21300;26100;9100;600;300;13200;1200;1130700;7822500;933600;0;0;0;0;2580;1283;274988;134289;181061;0;0;0;0;0;0;0;0;133904
194;0;850;10069900;9900;36500;21400;26400;7800;400;900;15600;1100;1147000;7370200;1415800;0;0;0;0;2580;1284;273356;133498;180128;0;0;0;0;0;0;0;0;133118
195;0;853;9721100;56300;38800;32400;26300;7700;500;900;13900;900;1259800;7243200;1027500;0;0;0;0;2580;1282;275948;134711;181620;0;0;0;0;0;0;0;0;134325
196;0;856;9947200;10100;36000;22100;24700;8700;400;300;13500;1000;1151100;7699600;968000;0;0;0;0;2580;1283;274988;134263;181061;0;0;0;0;0;0;0;0;133870
197;0;860;9502300;10700;40100;20900;25000;8900;400;400;13300;800;1006200;7371500;991300;0;0;0;0;2580;1285;273740;134167;180317;0;0;0;0;0;0;0;0;133796
198;0;863;10011200;10200;35600;25200;27800;7300;400;300;12100;800;1123900;7870600;886300;0;0;0;0;2580;1282;275276;134821;181246;0;0;0;0;0;0;0;0;134430
199;0;866;10260900;11200;42600;22600;26100;6900;400;400;13700;1100;1181100;7597000;1333500;0;0;0;0;2580;1285;273740;133957;180317;0;0;0;0;0;0;0;0;133549
200;0;870;9886100;11400;36100;21400;24500;7200;400;300;13500;800;1013600;7844000;901300;0;0;0;0;2580;1286;272780;133698;179758;0;0;0;0;0;0;0;0;133309
201;0;873;10211000;10800;38000;21800;26300;8000;500;400;13900;700;1181100;7951500;945000;0;0;0;0;2580;1283;273644;133681;180313;0;0;0;0;0;0;0;0;133316
202;0;876;9852400;11200;38000;20500;23300;7200;400;700;11500;1100;1044000;7843100;838300;0;0;0;0;2580;1284;274700;133887;180876;0;0;0;0;0;0;0;0;133509
203;0;880;9516400;9900;36700;21600;23100;9800;300;300;15000;1600;1013900;7505800;867100;0;0;0;0;2580;1284;274028;134228;180502;0;0;0;0;0;0;0;0;133844
204;0;883;10198900;11200;36400;21400;25900;7900;800;300;12800;1000;1117200;7442900;1508500;0;0;0;0;2580;1284;274700;134071;180876;0;0;0;0;0;0;0;0;133697
205;0;886;9903200;10600;42200;19800;24300;7600;400;400;13000;1000;1069700;7374200;1328600;0;0;0;0;2580;1282;275276;134900;181246;0;0;0;0;0;0;0;0;134513
206;0;890;9713000;12400;42000;21400;27200;13200;400;300;15000;1100;1246600;7447200;874700;0;0;0;0;2580;1284;274028;134159;180502;0;0;0;0;0;0;0;0;133777
207;0;893;9468900;11800;35500;22300;25600;7800;400;400;13800;1000;1029600;7424100;885500;0;0;0;0;2580;1286;272780;133590;179758;0;0;0;0;0;0;0;0;133196
208;0;896;9497500;10000;35700;21500;26500;7000;500;300;13000;900;1083400;7422800;867300;0;0;0;0;2580;1282;275948;134187;181620;0;0;0;0;0;0;0;0;133810
209;0;900;9746300;9800;39300;20500;25000;7400;500;300;13100;1000;1170400;7417100;1031700;0;0;0;0;2580;1287;271820;133568;179199;0;0;0;0;0;0;0;0;133187
210;0;903;9568800;11600;36100;21400;26400;8400;400;300;14100;1300;1048400;7460000;930500;0;0;0;0;2580;1284;274028;134258;180502;0;0;0;0;0;0;0;0;133892
211;0;906;9494100;10200;36500;21500;26300;6900;400;700;12400;900;1164100;7369600;834600;0;0;0;0;2580;1283;274988;134287;181061;0;0;0;0;0;0;0;0;133913
212;0;910;9440000;10500;35800;21500;27400;7300;400;300;12700;800;1061500;7277100;976300;0;0;0;0;2580;1285;273068;133721;179943;0;0;0;0;0;0;0;0;133334
213;0;913;9664600;10000;35600;21800;28900;8600;400;400;12900;900;1241600;7423800;869100;0;0;0;0;2580;1286;272780;133533;179758;0;0;0;0;0;0;0;0;133134
214;0;916;9614900;10800;35700;22700;24800;6500;500;300;12400;900;1152800;7424900;913500;0;0;0;0;2580;1284;274028;133962;180502;0;0;0;0;0;0;0;0;133538
215;0;920;9803400;12000;36700;21300;27700;6700;400;1500;11400;1000;1123900;7648700;901700;0;0;0;0;2580;1283;274988;134651;181061;0;0;0;0;0;0;0;0;134252
216;0;923;9527900;10600;40500;19600;23800;6800;400;300;13200;1000;1103400;7284700;1012200;0;0;0;0;2580;1286;272108;133617;179384;0;0;0;0;0;0;0;0;133212
217;0;926;9784600;10600;38100;21500;25700;10800;500;400;13400;1200;1194400;7483400;975000;0;0;0;0;2580;1282;275948;135216;181620;0;0;0;0;0;0;0;0;134845
218;0;930;9732000;11000;35000;23900;25500;8300;400;400;13100;1100;1146600;7462300;991900;0;0;0;0;2580;1284;274700;133490;180876;0;0;0;0;0;0;0;0;133108
219;0;933;9574800;16500;37200;21600;26700;7500;400;400;14400;900;1076100;7400100;962700;0;0;0;0;2580;1283;273644;133526;180313;0;0;0;0;0;0;0;0;133134
220;0;936;9773100;11400;41200;20800;25500;8600;500;300;15400;800;1150900;7594200;894400;0;0;0;0;2580;1284;274028;133551;180502;0;0;0;0;0;0;0;0;133147
221;0;940;9424300;10500;36300;22300;26600;7300;400;500;12700;1400;1133900;7271500;891000;0;0;0;0;2580;1285;273740;133958;180317;0;0;0;0;0;0;0;0;133568
222;0;943;9699300;10100;35600;24100;25300;7200;600;400;12700;800;1072400;7595100;905500;0;0;0;0;2580;1284;274028;134183;180502;0;0;0;0;0;0;0;0;133798
223;0;946;10413400;10400;35100;21100;24700;6700;500;300;14100;800;1157100;7697300;1433600;0;0;0;0;2580;1286;272780;133592;179758;0;0;0;0;0;0;0;0;133193
224;0;950;9454900;9700;34700;21500;27900;10500;14800;1900;23100;900;1079600;7266400;953900;0;0;0;0;2580;1282;275276;134776;181246;0;0;0;0;0;0;0;0;134374
225;0;953;9748400;10500;36800;21400;25800;6800;500;300;14200;800;1038300;7678300;903000;0;0;0;0;2580;1285;273068;133728;179943;0;0;0;0;0;0;0;0;133327
226;0;956;9720500;9900;35900;27000;24100;6300;400;400;14800;1100;1100800;7210200;1280200;0;0;0;0;2580;1283;274316;134142;180687;0;0;0;0;0;0;0;0;133743
227;0;960;9931500;14100;41600;21600;37500;11000;400;400;12400;3900;1238000;7478500;1057800;0;0;0;0;2580;1283;275660;134637;181435;0;0;0;0;0;0;0;0;134241
228;0;963;9750200;10500;36900;22200;25000;7500;500;300;13300;800;1121400;7412400;1089300;0;0;0;0;2580;1285;273740;133503;180317;0;0;0;0;0;0;0;0;133124
229;0;966;9361800;19800;47200;22600;27400;15400;400;600;14300;1400;977200;7284300;931600;0;0;0;0;2580;1283;274316;134287;180687;0;0;0;0;0;0;0;0;133914
230;0;970;9686500;10200;35800;21400;25700;7800;500;700;14800;1000;1146600;7505100;907500;0;0;0;0;2580;1284;274700;133939;180876;0;0;0;0;0;0;0;0;133563
231;0;973;9506200;10300;39100;23300;23900;7900;500;300;13800;1700;1105300;7340000;929100;0;0;0;0;2580;1284;273356;133738;180128;0;0;0;0;0;0;0;0;133360
232;0;976;9490800;11000;37100;20000;24400;8000;400;300;13800;1100;1059600;7435800;869200;0;0;0;0;2580;1284;274028;134031;180502;0;0;0;0;0;0;0;0;133632
233;0;980;9598100;10400;35700;23800;25200;7300;500;300;12900;1800;1100200;7493100;876400;0;0;0;0;2580;1283;274988;134737;181061;0;0;0;0;0;0;0;0;134347
234;0;983;9669200;12600;37000;23600;24500;7000;400;500;14200;1200;1010900;7637500;888000;0;0;0;0;2580;1284;274700;134565;180876;0;0;0;0;0;0;0;0;134170
235;0;986;10320800;11600;39600;20500;24900;7200;500;300;13300;900;1120300;7410500;1661700;0;0;0;0;2580;1284;274700;134822;180876;0;0;0;0;0;0;0;0;134437
236;0;990;9634500;9600;37100;21800;25300;7700;400;400;12600;1000;1058600;7477900;971000;0;0;0;0;2580;1282;275948;134647;181620;0;0;0;0;0;0;0;0;134253
237;0;993;9692300;11400;41400;20200;24400;13500;400;400;13200;1100;1151500;7442200;961000;0;0;0;0;2580;1282;275276;134543;181246;0;0;0;0;0;0;0;0;134166
238;0;996;9574600;11600;39200;21100;34100;21300;400;400;15000;1000;1062500;7407200;950700;0;0;0;0;2580;1284;273356;134182;180128;0;0;0;0;0;0;0;0;133805
239;0;1000;9737700;10000;40600;21900;25400;9700;300;400;12700;1300;1082100;7647300;874000;0;0;0;0;2580;1283;275660;134600;181435;0;0;0;0;0;0;0;0;134226
240;0;1003;9579000;11300;36000;21400;27900;8100;400;400;13800;800;1086800;7312400;1049500;0;0;0;0;2580;1283;274988;134461;181061;0;0;0;0;0;0;0;0;134064
241;0;1006;9588000;11800;38300;21400;25900;7800;400;300;14100;800;1037900;7501900;916700;0;0;0;0;2580;1284;274700;134582;180876;0;0;0;0;0;0;0;0;134204
242;0;1010;9618600;10100;35100;22700;27800;8500;400;300;12900;900;1219500;7401900;869700;0;0;0;0;2580;1284;274028;133896;180502;0;0;0;0;0;0;0;0;133498
243;0;1013;9475300;9900;35600;21300;28700;7200;400;400;12600;900;1029900;7408900;909700;0;0;0;0;2580;1282;275276;134920;181246;0;0;0;0;0;0;0;0;134521
244;0;1016;10107900;10500;35200;21400;28500;6900;500;800;12900;800;1247200;7788900;941900;0;0;0;0;2580;1283;274988;134045;181061;0;0;0;0;0;0;0;0;133629
245;0;1020;9513900;11900;39500;19900;25400;8200;300;300;11700;1200;1165900;7300900;918600;0;0;0;0;2580;1285;273068;134146;179943;0;0;0;0;0;0;0;0;133721
246;0;1023;9828200;9900;36900;21400;25400;7900;500;400;13800;900;1084000;7707700;904600;0;0;0;0;2580;1283;275660;135624;181435;0;0;0;0;0;0;0;0;135207
247;0;1026;10636300;9700;40000;20400;25100;7400;1000;400;13000;1400;1093100;7428000;1987100;0;0;0;0;2580;1283;274316;134139;180687;0;0;0;0;0;0;0;0;133752
248;0;1030;9590900;11900;40700;22000;27400;7000;400;300;12800;800;1183500;7325000;948000;0;0;0;0;2580;1284;274700;134253;180876;0;0;0;0;0;0;0;0;133852
249;0;1033;9925900;10100;36100;21400;25300;8500;400;400;13600;1200;1201000;7727700;869100;0;0;0;0;2580;1283;274988;134457;181061;0;0;0;0;0;0;0;0;134063
250;0;1036;9532900;9800;35600;22800;24100;8500;400;700;12800;1100;1070800;7430000;907200;0;0;0;0;2580;1284;274028;134163;180502;0;0;0;0;0;0;0;0;133762
251;0;1040;9512500;9100;39600;20400;24600;6600;400;500;13000;1000;1040200;7477100;870300;0;0;0;0;2580;1284;274700;134067;180876;0;0;0;0;0;0;0;0;133677
252;0;1043;9867700;9600;37100;21300;28000;6600;400;400;12600;1000;1228700;7518500;992600;0;0;0;0;2580;1284;274028;134836;180502;0;0;0;0;0;0;0;0;134453
253;0;1046;9536200;11900;36600;21500;25800;7500;400;300;14300;1000;960800;7525600;921000;0;0;0;0;2580;1285;273740;134535;180317;0;0;0;0;0;0;0;0;134176
254;0;1050;10445100;10000;37400;21700;26600;7800;500;300;14000;1300;1177000;8244500;890700;0;0;0;0;2580;1284;274028;133996;180502;0;0;0;0;0;0;0;0;133629
255;0;1053;9651500;11100;37100;25500;31500;6600;400;400;14800;1000;1111800;7459000;941600;0;0;0;0;2580;1282;275948;134817;181620;0;0;0;0;0;0;0;0;134438
256;0;1056;9580000;9800;35600;22200;25500;7200;400;400;13400;1100;1132200;7439600;877300;0;0;0;0;2580;1285;273740;134036;180317;0;0;0;0;0;0;0;0;133642
257;0;1060;9608400;10000;35200;23400;25600;7400;500;400;16700;1200;1078800;7472700;926400;0;0;0;0;2580;1283;274988;134427;181061;0;0;0;0;0;0;0;0;134036
258;0;1063;9700100;11500;36500;21500;25900;9000;500;400;14000;1100;1025300;7602000;941100;0;0;0;0;2580;1283;275660;134976;181435;0;0;0;0;0;0;0;0;134596
259;0;1066;9782400;11100;37200;22200;27000;9700;500;500;15400;2100;1083500;7603800;948100;0;0;0;0;2580;1284;274028;134575;180502;0;0;0;0;0;0;0;0;134198
260;0;1070;9561600;10900;35900;21400;24500;6700;400;300;12600;1000;1088400;7420000;929900;0;0;0;0;2580;1284;274028;134253;180502;0;0;0;0;0;0;0;0;133873
261;0;1073;9619000;10700;38900;19700;23000;8000;400;300;11400;1000;1153900;7458600;883700;0;0;0;0;2580;1285;273068;134152;179943;0;0;0;0;0;0;0;0;133780
262;0;1076;9822700;10600;37100;25100;27000;7600;400;300;13600;1000;1131400;7572400;985300;0;0;0;0;2580;1284;274700;134433;180876;0;0;0;0;0;0;0;0;134063
263;0;1080;9830600;9900;35800;22600;24600;7700;400;300;17600;1000;1195100;7547100;958000;0;0;0;0;2580;1285;273740;134051;180317;0;0;0;0;0;0;0;0;133695
264;0;1083;9731800;10200;36900;22200;25300;7800;400;400;13700;1000;1152800;7320700;1129100;0;0;0;0;2580;1284;274028;134089;180502;0;0;0;0;0;0;0;0;133685
265;0;1086;9672600;16000;47400;22500;36900;9100;500;400;13600;1300;1079300;7474600;958800;0;0;0;0;2580;1283;275660;135128;181435;0;0;0;0;0;0;0;0;134755
266;0;1090;9558500;10300;36600;21500;29100;10400;400;400;13600;1000;1139500;7425900;858700;0;0;0;0;2580;1284;274028;134604;180502;0;0;0;0;0;0;0;0;134230
267;0;1093;9416000;15600;37000;21500;26000;7200;500;300;13100;1400;1013600;7343000;926300;0;0;0;0;2580;1285;273068;134201;179943;0;0;0;0;0;0;0;0;133839
268;0;1096;10077900;10200;36400;21500;26000;6700;400;400;14600;900;1198900;7717900;1031400;0;0;0;0;2580;1285;273740;134608;180317;0;0;0;0;0;0;0;0;134242
269;0;1100;11664300;12900;43200;21500;26700;8600;500;400;15100;3600;1500700;7257700;2760800;0;0;0;0;2580;1285;273740;134206;180317;0;0;0;0;0;0;0;0;133846
270;0;1103;10055800;13800;50500;19800;25200;10500;400;300;13300;2800;1363400;7536400;999700;0;0;0;0;2580;1284;274700;134568;180876;0;0;0;0;0;0;0;0;134206
271;0;1106;10074000;12900;37300;21500;26700;9400;400;300;12600;800;1000900;7943100;996500;0;0;0;0;2580;1283;274988;134757;181061;0;0;0;0;0;0;0;0;134362
272;0;1110;9556700;13000;37900;21600;25200;8700;400;500;14000;1000;992700;7482100;947100;0;0;0;0;2580;1284;274700;134419;180876;0;0;0;0;0;0;0;0;134023
273;0;1113;10068900;11600;37600;21600;26500;10800;400;400;14500;900;1000600;8009500;921700;0;0;0;0;2580;1284;273356;134441;180128;0;0;0;0;0;0;0;0;134068
274;0;1116;9795600;11500;35400;21900;25000;8100;400;300;12500;1000;1042300;7572200;1050300;0;0;0;0;2580;1285;273740;134574;180317;0;0;0;0;0;0;0;0;134194
275;0;1120;9339100;10700;39200;21800;30400;10600;400;400;17400;900;936600;7311700;942700;0;0;0;0;2580;1285;273740;133944;180317;0;0;0;0;0;0;0;0;133586
276;0;1123;9664000;11000;36400;21400;25500;8200;400;400;12200;1000;1215300;7466400;855600;0;0;0;0;2580;1286;272780;133864;179758;0;0;0;0;0;0;0;0;133507
277;0;1126;9942400;10000;36000;22500;25100;7400;400;300;12400;1000;1025600;7439600;1350900;0;0;0;0;2580;1282;276620;135169;181994;0;0;0;0;0;0;0;0;134795
278;0;1130;9511600;12800;40200;21500;28700;9800;300;300;14400;1100;1105600;7387600;876900;0;0;0;0;2580;1284;274028;134035;180502;0;0;0;0;0;0;0;0;133652
279;0;1133;9910200;11400;45100;21400;26200;8100;400;400;14100;1000;1197500;7694900;878300;0;0;0;0;2580;1284;274028;134050;180502;0;0;0;0;0;0;0;0;133676
280;0;1136;9638700;12500;39100;22000;26500;8500;400;300;14000;1000;1075000;7452400;977300;0;0;0;0;2580;1284;274028;134139;180502;0;0;0;0;0;0;0;0;133757
281;0;1140;9946600;10200;37400;21200;24400;7900;500;300;12800;1400;1100900;7819000;899100;0;0;0;0;2580;1285;273740;134208;180317;0;0;0;0;0;0;0;0;133832
282;0;1143;9637100;11000;35700;22400;23900;7300;400;200;12100;1100;1102600;7494100;916400;0;0;0;0;2580;1285;273740;134357;180317;0;0;0;0;0;0;0;0;133960
283;0;1146;9680800;12800;45300;21100;25300;7600;400;700;12800;1000;1143400;7533000;867000;0;0;0;0;2580;1286;272780;134304;179758;0;0;0;0;0;0;0;0;133879
284;0;1150;9741600;10600;40800;19600;23500;7400;400;400;12400;1000;1137800;7561300;916700;0;0;0;0;2580;1283;275660;134687;181435;0;0;0;0;0;0;0;0;134288
285;0;1153;9902800;11200;36400;25100;25100;6900;400;300;13000;1000;1058800;7469200;1245000;0;0;0;0;2580;1283;274316;134086;180687;0;0;0;0;0;0;0;0;133665
286;0;1156;9731100;14100;43200;21300;26300;13500;400;500;13200;1200;1152900;7367300;1065500;0;0;0;0;2580;1284;274700;134000;180876;0;0;0;0;0;0;0;0;133608
287;0;1160;9971200;11400;40400;21300;26800;7300;500;600;13500;1100;988300;7915800;931900;0;0;0;0;2580;1284;274028;134669;180502;0;0;0;0;0;0;0;0;134282
288;0;1163;9642000;12600;40800;20300;25300;7900;400;600;13800;1000;1169200;7483200;855100;0;0;0;0;2580;1286;272780;134221;179758;0;0;0;0;0;0;0;0;133843
289;0;1166;9857900;11400;37400;27200;26000;9200;500;400;12400;900;1166200;7619700;936400;0;0;0;0;2580;1285;273740;134362;180317;0;0;0;0;0;0;0;0;134003
290;0;1170;9646500;11500;36500;24300;24800;8800;400;400;12600;1000;1117500;7511700;885700;0;0;0;0;2580;1285;273740;134609;180317;0;0;0;0;0;0;0;0;134244
291;0;1173;9605100;80300;34900;20600;25000;7800;400;600;14000;1000;1120200;7296300;992100;0;0;0;0;2580;1286;272780;133927;179758;0;0;0;0;0;0;0;0;133568
292;0;1176;9858800;11700;36900;21400;27000;8900;500;300;13800;1100;1096700;7713500;916500;0;0;0;0;2580;1284;274028;134127;180502;0;0;0;0;0;0;0;0;133752
293;0;1180;9783600;13500;36900;21200;25800;7300;500;300;13800;1100;1175900;7551400;888200;0;0;0;0;2580;1285;273740;134744;180317;0;0;0;0;0;0;0;0;134371
294;0;1183;9564300;10400;34700;21800;24500;11800;500;400;25200;1400;1080300;7434600;905400;0;0;0;0;2580;1284;274028;134238;180502;0;0;0;0;0;0;0;0;133863
295;0;1186;9832100;9300;35500;21200;28700;8000;400;500;12900;1000;1234500;7610500;858500;0;0;0;0;2580;1286;272780;134233;179758;0;0;0;0;0;0;0;0;133837
296;0;1190;9573800;9600;36000;21600;24800;7800;700;400;11600;1200;1146200;7379200;924400;0;0;0;0;2580;1284;274700;135103;180876;0;0;0;0;0;0;0;0;134714
297;0;1193;10609100;9500;35900;21900;24900;6900;400;400;12800;1100;1115900;8468400;899000;0;0;0;0;2580;1286;272780;133900;179758;0;0;0;0;0;0;0;0;133507
298;0;1196;10016600;10900;36900;20000;24400;7700;400;300;13100;1200;1096700;7352100;1436700;0;0;0;0;2580;1286;272780;133912;179758;0;0;0;0;0;0;0;0;133504
299;0;1200;9784800;16600;33900;19400;23700;8300;300;400;11300;1400;1168500;7507400;982900;0;0;0;0;2580;1284;274028;134474;180502;0;0;0;0;0;0;0;0;134069
