# scene=solar_system_v1compat_belt.json;config=Release;cpu=12th Gen Intel(R) Core(TM) i7-1265U;affinity=4;ablation=none;rasterstats=0;lodstats=0;asserts_lib=0;res=1536x900;views=4;frames=300;warmup=60;overhead_ns=32;resolution_ns=100
frame;warmup;sim_millidays;frame_ns;Input_ns;Animation_ns;LocalXform1_ns;WorldXform1_ns;Cameras_ns;LocalXform2_ns;WorldXform2_ns;Trigger_ns;BuildViews_ns;Clear_ns;Render_ns;Present_ns;Entities;XformNodes;TriggerPairs;TriggerHits;MeshesTested;MeshesCulled;FacesSubmitted;TrisRasterized;VertsTransformed;TrisCov0;TrisCov1;TrisCov2to4;TrisCov5plus;TrisTightEmpty;PixelsTested;PixelsTight;PixelsCovered;TrisEarlyRejected;FacesInside;InstPx0to1;InstPx1to4;InstPx4to16;InstPx16plus;FacesPx0to1;FacesPx1to4;FacesPx4to16;FacesPx16plus;VertsInside;TrisEmittedInside
0;1;203;30685400;2216100;134000;42800;47000;43400;600;800;32000;3000;5487900;6550400;10461700;0;0;0;0;2580;1263;295780;139369;192954;0;0;0;0;0;0;0;0;138043;277236;0;0;0;0;0;0;0;0;0;0
1;1;206;22632200;1472900;41900;22000;26200;9000;400;400;14300;1100;1280300;6193300;13549100;0;0;0;0;2580;1275;288012;135098;188327;0;0;0;0;0;0;0;0;133797;269764;0;0;0;0;0;0;0;0;0;0
2;1;210;14405600;447100;52000;25800;39000;12900;400;400;18800;2600;1144300;5993000;6576500;0;0;0;0;2580;1270;291468;137941;190374;0;0;0;0;0;0;0;0;136761;273508;0;0;0;0;0;0;0;0;0;0
3;1;213;7999300;14600;38100;21500;25800;6900;500;300;13300;4900;1010900;5797600;1050000;0;0;0;0;2580;1270;288108;136587;188504;0;0;0;0;0;0;0;0;135764;270916;0;0;0;0;0;0;0;0;0;0
4;1;216;10011800;13500;43400;22200;25700;10400;500;400;14500;700;1286400;5845500;2723800;0;0;0;0;2580;1270;290124;137434;189626;0;0;0;0;0;0;0;0;136634;271876;0;0;0;0;0;0;0;0;0;0
5;1;220;14056600;142200;195300;38700;50800;37500;400;400;18700;3000;1852200;6114900;5540000;0;0;0;0;2580;1273;288588;136795;188697;0;0;0;0;0;0;0;0;135537;272548;0;0;0;0;0;0;0;0;0;0
6;1;223;12691600;31400;57200;22600;27000;12400;500;400;14800;2100;1118600;6008300;5371600;0;0;0;0;2580;1274;288972;136571;188886;0;0;0;0;0;0;0;0;135344;272932;0;0;0;0;0;0;0;0;0;0
7;1;226;11208600;73900;170600;31600;82900;24300;400;300;22900;4800;1397900;6576100;2787000;0;0;0;0;2580;1273;287916;136409;188323;0;0;0;0;0;0;0;0;135142;271588;0;0;0;0;0;0;0;0;0;0
8;1;230;8950800;22200;49800;22400;26100;10400;600;300;14500;900;922200;5968700;1899600;0;0;0;0;2580;1278;285132;135310;186650;0;0;0;0;0;0;0;0;134508;270052;0;0;0;0;0;0;0;0;0;0
9;1;233;14037400;20600;96300;28700;37500;10200;500;400;12700;3500;886500;6042400;6845500;0;0;0;0;2580;1273;287916;136663;188323;0;0;0;0;0;0;0;0;135838;272836;0;0;0;0;0;0;0;0;0;0
10;1;236;13554500;99300;156500;31500;48800;59100;600;1700;30800;4100;1305100;5996300;5754700;0;0;0;0;2580;1275;285996;135104;187205;0;0;0;0;0;0;0;0;133843;269956;0;0;0;0;0;0;0;0;0;0
11;1;240;13562400;45700;137500;26500;41900;37600;500;1000;23400;3900;1240800;6297300;5649500;0;0;0;0;2580;1273;289260;136743;189071;0;0;0;0;0;0;0;0;135512;273220;0;0;0;0;0;0;0;0;0;0
12;1;243;9546300;127400;148000;30200;56800;48600;400;800;20300;1300;1250100;6188700;1627500;0;0;0;0;2580;1275;288012;136571;188327;0;0;0;0;0;0;0;0;135300;271972;0;0;0;0;0;0;0;0;0;0
13;1;246;8050500;14800;39800;21500;26000;9100;400;400;13500;1900;1172100;5737000;1003200;0;0;0;0;2580;1275;286668;136029;187579;0;0;0;0;0;0;0;0;135193;271588;0;0;0;0;0;0;0;0;0;0
14;1;250;8466800;13100;41700;22300;25500;10000;400;300;13800;900;1216700;5820200;1282000;0;0;0;0;2580;1273;287244;135894;187949;0;0;0;0;0;0;0;0;135072;271876;0;0;0;0;0;0;0;0;0;0
15;1;253;8037200;10900;37400;21400;25600;8100;500;300;14000;1200;1165200;5720800;1015200;0;0;0;0;2580;1276;286380;136345;187394;0;0;0;0;0;0;0;0;135526;270628;0;0;0;0;0;0;0;0;0;0
16;1;256;8763000;12600;41500;21500;28300;9800;400;500;13300;2000;1269500;5907000;1430500;0;0;0;0;2580;1273;288588;136763;188697;0;0;0;0;0;0;0;0;135539;272836;0;0;0;0;0;0;0;0;0;0
17;1;260;8349000;13400;55700;21600;27200;11600;400;300;14600;1200;1211000;6051800;925800;0;0;0;0;2580;1273;288588;136794;188697;0;0;0;0;0;0;0;0;135571;272260;0;0;0;0;0;0;0;0;0;0
18;1;263;7957600;12900;39900;21600;26000;8600;500;400;13400;800;1209800;5747700;864300;0;0;0;0;2580;1273;287244;135624;187949;0;0;0;0;0;0;0;0;134841;269956;0;0;0;0;0;0;0;0;0;0
19;1;266;8311700;8900;36900;21400;25800;7600;400;500;13000;1300;1146800;5990700;1047500;0;0;0;0;2580;1276;287052;136168;187768;0;0;0;0;0;0;0;0;135423;271972;0;0;0;0;0;0;0;0;0;0
20;1;270;8140300;12400;41700;21400;26300;8000;400;400;13500;1300;1302400;5866800;831700;0;0;0;0;2580;1276;286380;135993;187394;0;0;0;0;0;0;0;0;135243;270340;0;0;0;0;0;0;0;0;0;0
21;1;273;7996800;11400;37100;21700;35000;8300;400;300;14000;1100;936200;5950800;968700;0;0;0;0;2580;1273;286572;135796;187575;0;0;0;0;0;0;0;0;134633;269956;0;0;0;0;0;0;0;0;0;0
22;1;276;8401800;11600;38400;22000;27300;8500;400;400;14500;1100;1269400;5917900;1078600;0;0;0;0;2580;1271;289836;137246;189441;0;0;0;0;0;0;0;0;136124;273508;0;0;0;0;0;0;0;0;0;0
23;1;280;8204800;12400;41200;21600;26000;9300;500;300;14800;1100;1262400;5850000;951000;0;0;0;0;2580;1276;286380;135727;187394;0;0;0;0;0;0;0;0;134595;269380;0;0;0;0;0;0;0;0;0;0
24;1;283;8099300;13100;39300;21500;25600;7800;400;300;13100;1300;1215300;5738000;1009600;0;0;0;0;2580;1276;286380;135986;187394;0;0;0;0;0;0;0;0;135308;270340;0;0;0;0;0;0;0;0;0;0
25;1;286;7827100;10500;37500;21300;25800;8500;400;300;13400;2000;1064800;5717000;914300;0;0;0;0;2580;1275;286668;136012;187579;0;0;0;0;0;0;0;0;135344;271588;0;0;0;0;0;0;0;0;0;0
26;1;290;8418100;14900;42900;21800;26000;8200;500;300;14400;900;1202600;6034300;1017700;0;0;0;0;2580;1278;285132;135120;186650;0;0;0;0;0;0;0;0;134470;270052;0;0;0;0;0;0;0;0;0;0
27;1;293;7977200;12700;38500;21800;25600;7300;500;300;13400;900;1189000;5742400;913300;0;0;0;0;2580;1274;286956;136190;187764;0;0;0;0;0;0;0;0;135118;272164;0;0;0;0;0;0;0;0;0;0
28;1;296;8680700;11800;39500;21800;25700;8300;400;300;13900;900;1180400;6006700;1345400;0;0;0;0;2580;1271;289164;137171;189067;0;0;0;0;0;0;0;0;136114;273508;0;0;0;0;0;0;0;0;0;0
29;1;300;8006800;12700;36800;22300;26000;7500;500;300;13900;800;1258500;5638700;976500;0;0;0;0;2580;1279;284844;135263;186465;0;0;0;0;0;0;0;0;134678;268804;0;0;0;0;0;0;0;0;0;0
30;1;303;8505200;13200;40500;21600;25500;8800;400;400;14400;800;1136600;5684600;1546200;0;0;0;0;2580;1279;283500;134451;185717;0;0;0;0;0;0;0;0;133854;268708;0;0;0;0;0;0;0;0;0;0
31;1;306;8038100;12600;39800;21500;26400;7800;400;400;13800;1000;1280500;5653600;968300;0;0;0;0;2580;1274;288300;136951;188512;0;0;0;0;0;0;0;0;136400;272548;0;0;0;0;0;0;0;0;0;0
32;1;310;8763700;14300;41300;21400;26100;9600;500;300;13700;800;1303800;5791600;1510500;0;0;0;0;2580;1277;286092;135245;187209;0;0;0;0;0;0;0;0;134265;269092;0;0;0;0;0;0;0;0;0;0
33;1;313;7846400;14100;41300;21700;27000;8700;400;400;14400;1500;1022600;5739500;942800;0;0;0;0;2580;1275;286668;136134;187579;0;0;0;0;0;0;0;0;135201;271876;0;0;0;0;0;0;0;0;0;0
34;1;316;8877200;11600;38100;21500;27300;8000;500;300;13400;900;1125100;5641400;1974400;0;0;0;0;2580;1276;287052;136444;187768;0;0;0;0;0;0;0;0;135994;272260;0;0;0;0;0;0;0;0;0;0
35;1;320;8289000;21900;55500;25600;29800;15900;400;300;16500;1300;821100;6026100;1257400;0;0;0;0;2580;1275;286668;135961;187579;0;0;0;0;0;0;0;0;135558;270628;0;0;0;0;0;0;0;0;0;0
36;1;323;8095000;15200;42800;21700;26000;8000;400;400;14400;1400;1010400;5698500;1244600;0;0;0;0;2580;1273;287916;136270;188323;0;0;0;0;0;0;0;0;135873;270628;0;0;0;0;0;0;0;0;0;0
37;1;326;8678600;17500;44400;22000;27000;11400;400;400;13400;1000;1030500;6249200;1245400;0;0;0;0;2580;1277;286092;134795;187209;0;0;0;0;0;0;0;0;134391;269092;0;0;0;0;0;0;0;0;0;0
38;1;330;9826000;18600;47800;22200;26900;9100;400;300;13600;1400;810400;6604200;2237300;0;0;0;0;2580;1275;286668;135942;187579;0;0;0;0;0;0;0;0;135111;271300;0;0;0;0;0;0;0;0;0;0
39;1;333;8300300;17400;43500;22100;26500;13600;400;400;16100;1300;1041700;6075500;1017200;0;0;0;0;2580;1272;288204;136677;188508;0;0;0;0;0;0;0;0;135870;271876;0;0;0;0;0;0;0;0;0;0
40;1;336;7769400;13200;37700;21400;27900;8300;400;400;13600;1000;1102000;5621900;908900;0;0;0;0;2580;1278;285132;134697;186650;0;0;0;0;0;0;0;0;134300;269380;0;0;0;0;0;0;0;0;0;0
41;1;340;7871600;11600;38200;22800;25800;9200;400;400;14200;1300;1115000;5649200;972400;0;0;0;0;2580;1275;286668;136121;187579;0;0;0;0;0;0;0;0;135736;271876;0;0;0;0;0;0;0;0;0;0
42;1;343;7788900;10000;37800;21100;26300;8400;400;300;14200;1600;1035100;5635000;984200;0;0;0;0;2580;1277;285420;135677;186835;0;0;0;0;0;0;0;0;135276;270340;0;0;0;0;0;0;0;0;0;0
43;1;346;8154600;11700;40800;21600;26500;9100;600;400;14000;2700;1072000;5848600;1093500;0;0;0;0;2580;1278;285804;135496;187024;0;0;0;0;0;0;0;0;134651;269764;0;0;0;0;0;0;0;0;0;0
44;1;350;8551400;16600;40800;21800;27300;9400;400;300;15800;800;1038800;5918700;1435700;0;0;0;0;2580;1273;287916;136550;188323;0;0;0;0;0;0;0;0;135702;272548;0;0;0;0;0;0;0;0;0;0
45;1;353;7773300;10300;38500;21500;37900;10400;500;400;15900;1200;1070300;5609500;946400;0;0;0;0;2580;1277;285420;135435;186835;0;0;0;0;0;0;0;0;135046;270628;0;0;0;0;0;0;0;0;0;0
46;1;356;8559200;11600;41700;27200;25600;9100;500;300;16300;1200;1379200;5535200;1492400;0;0;0;0;2580;1276;286380;135581;187394;0;0;0;0;0;0;0;0;135169;270340;0;0;0;0;0;0;0;0;0;0
47;1;360;9185900;11800;38500;21600;27700;7700;500;400;13400;800;1061300;6543200;1444100;0;0;0;0;2580;1278;285132;135433;186650;0;0;0;0;0;0;0;0;135045;270340;0;0;0;0;0;0;0;0;0;0
48;1;363;8247000;21800;54000;24100;28700;8300;500;400;15400;1100;1103600;5845800;1129300;0;0;0;0;2580;1275;286668;136010;187579;0;0;0;0;0;0;0;0;135620;271588;0;0;0;0;0;0;0;0;0;0
49;1;366;7810300;10600;41300;22200;26900;8400;400;300;13200;1000;922200;5784700;966600;0;0;0;0;2580;1277;285420;135551;186835;0;0;0;0;0;0;0;0;134737;270628;0;0;0;0;0;0;0;0;0;0
50;1;370;7724300;11800;37700;21300;27900;7800;500;700;13500;1500;1029100;5534800;1025800;0;0;0;0;2580;1279;284844;135054;186465;0;0;0;0;0;0;0;0;134649;271012;0;0;0;0;0;0;0;0;0;0
51;1;373;7966900;12900;37600;21400;26200;9100;400;400;14100;800;1058300;5778300;994300;0;0;0;0;2580;1274;286956;135708;187764;0;0;0;0;0;0;0;0;135328;271204;0;0;0;0;0;0;0;0;0;0
52;1;376;8140000;13000;43700;23000;29900;8100;500;400;14900;1000;1225100;5680500;1088700;0;0;0;0;2580;1276;285036;134798;186646;0;0;0;0;0;0;0;0;134402;269092;0;0;0;0;0;0;0;0;0;0
53;1;380;7937500;21400;60000;24100;35100;21200;500;400;16300;1700;1016600;5639300;1085700;0;0;0;0;2580;1276;285708;135740;187020;0;0;0;0;0;0;0;0;135351;270340;0;0;0;0;0;0;0;0;0;0
54;1;383;8210000;13800;45300;24300;30000;11700;600;600;16200;900;1172200;5784400;1099300;0;0;0;0;2580;1276;285708;135124;187020;0;0;0;0;0;0;0;0;134292;268132;0;0;0;0;0;0;0;0;0;0
55;1;386;7989500;13200;38500;21500;25700;9400;500;300;14200;1000;1050000;5824700;976100;0;0;0;0;2580;1275;286668;135576;187579;0;0;0;0;0;0;0;0;134913;271300;0;0;0;0;0;0;0;0;0;0
56;1;390;7575500;11100;38100;22400;26500;9900;400;400;12600;700;1042400;5489400;910100;0;0;0;0;2580;1278;285132;135356;186650;0;0;0;0;0;0;0;0;134966;270340;0;0;0;0;0;0;0;0;0;0
57;1;393;7744200;12000;37100;21500;25500;8600;500;300;13800;900;1060100;5678400;873200;0;0;0;0;2580;1276;286380;135898;187394;0;0;0;0;0;0;0;0;135497;272260;0;0;0;0;0;0;0;0;0;0
58;1;396;7670000;11700;37400;21300;26600;8900;400;300;13800;900;1146800;5460100;932800;0;0;0;0;2580;1277;280396;134256;184129;0;0;0;0;0;0;0;0;133864;268708;0;0;0;0;0;0;0;0;0;0
59;1;400;7664300;10100;37000;21300;25400;7200;400;300;14700;900;1027300;5626300;883600;0;0;0;0;2580;1277;286092;135145;187209;0;0;0;0;0;0;0;0;134751;271012;0;0;0;0;0;0;0;0;0;0
60;0;403;7755200;9600;37300;21600;25200;8000;300;300;13800;600;1065000;5660800;902900;0;0;0;0;2580;1278;284460;135161;186276;0;0;0;0;0;0;0;0;134362;270052;0;0;0;0;0;0;0;0;0;0
61;0;406;8316900;11100;35600;21800;25700;8700;400;500;14200;1100;1118300;6143600;923700;0;0;0;0;2580;1278;283788;134479;185902;0;0;0;0;0;0;0;0;134123;269092;0;0;0;0;0;0;0;0;0;0
62;0;410;7538400;13700;35700;21500;25300;9500;400;300;13800;900;1016500;5479300;910800;0;0;0;0;2580;1276;286380;135864;187394;0;0;0;0;0;0;0;0;135519;272260;0;0;0;0;0;0;0;0;0;0
63;0;413;7598000;10200;34900;21400;25600;7400;500;300;14000;900;1117500;5508800;846500;0;0;0;0;2580;1278;284460;134915;186276;0;0;0;0;0;0;0;0;134544;270052;0;0;0;0;0;0;0;0;0;0
64;0;416;7819800;9600;36400;21300;25200;7100;400;400;13700;900;1125200;5534000;1034600;0;0;0;0;2580;1277;281740;135849;184877;0;0;0;0;0;0;0;0;135469;271300;0;0;0;0;0;0;0;0;0;0
65;0;420;9070300;9400;37600;21700;26400;8500;400;400;14400;1200;1195100;6816500;928200;0;0;0;0;2580;1280;280204;134911;183948;0;0;0;0;0;0;0;0;134122;269380;0;0;0;0;0;0;0;0;0;0
66;0;423;7667400;11000;36300;21800;26800;9200;400;500;14500;900;978300;5613400;943800;0;0;0;0;2580;1277;282412;135893;185251;0;0;0;0;0;0;0;0;135532;272260;0;0;0;0;0;0;0;0;0;0
67;0;426;7829800;11700;39600;22500;28000;7200;500;400;13200;1000;1079600;5660900;954700;0;0;0;0;2580;1279;283500;134756;185717;0;0;0;0;0;0;0;0;134397;268708;0;0;0;0;0;0;0;0;0;0
68;0;430;7620700;13300;39500;21500;25700;7700;400;300;25000;800;1045800;5462300;968900;0;0;0;0;2580;1280;284556;134581;186280;0;0;0;0;0;0;0;0;134224;269764;0;0;0;0;0;0;0;0;0;0
69;0;433;8848100;10900;38200;25900;32900;8100;500;300;14000;1600;1156900;5791500;1756000;0;0;0;0;2580;1276;285036;135078;186646;0;0;0;0;0;0;0;0;134719;270628;0;0;0;0;0;0;0;0;0;0
70;0;436;7535900;14100;39300;24000;26400;9700;500;1900;13100;1100;965500;5532700;896000;0;0;0;0;2580;1278;280108;134640;183944;0;0;0;0;0;0;0;0;134274;268708;0;0;0;0;0;0;0;0;0;0
71;0;440;8439800;9800;46500;21800;26300;8600;400;300;14300;900;1091800;5761500;1440400;0;0;0;0;2580;1277;283084;136095;185625;0;0;0;0;0;0;0;0;135655;271684;0;0;0;0;0;0;0;0;0;0
72;0;443;7499600;10200;36200;22600;26300;7600;400;300;14300;600;1073000;5387600;910400;0;0;0;0;2580;1278;280108;134614;183944;0;0;0;0;0;0;0;0;134252;269956;0;0;0;0;0;0;0;0;0;0
73;0;446;7896100;9900;36700;21600;26100;10900;400;500;14600;1000;1138800;5514400;1109800;0;0;0;0;2580;1278;282796;135758;185440;0;0;0;0;0;0;0;0;135394;271972;0;0;0;0;0;0;0;0;0;0
74;0;450;7616500;14100;43800;21500;26300;10700;400;400;13800;1000;1049200;5455700;968000;0;0;0;0;2580;1281;279244;134359;183389;0;0;0;0;0;0;0;0;133977;269092;0;0;0;0;0;0;0;0;0;0
75;0;453;7840700;9900;35500;21300;25500;8200;400;300;12400;1200;987900;5794800;933100;0;0;0;0;2580;1277;281740;134985;184877;0;0;0;0;0;0;0;0;134622;270340;0;0;0;0;0;0;0;0;0;0
76;0;456;8293500;12700;42500;21700;26000;8200;400;300;14200;800;1039000;6182900;933600;0;0;0;0;2580;1276;283372;135814;185810;0;0;0;0;0;0;0;0;135078;271012;0;0;0;0;0;0;0;0;0;0
77;0;460;7775200;12500;36800;21600;25500;7500;400;400;14000;900;1168800;5485600;991200;0;0;0;0;2580;1280;279532;134653;183574;0;0;0;0;0;0;0;0;134282;269668;0;0;0;0;0;0;0;0;0;0
78;0;463;7628900;10700;38300;21300;26500;9900;500;1400;12800;1000;1053100;5508900;932500;0;0;0;0;2580;1280;281548;134709;184696;0;0;0;0;0;0;0;0;134337;269764;0;0;0;0;0;0;0;0;0;0
79;0;466;8006200;10900;36800;21300;26300;8100;400;300;13000;1000;1070300;5642100;1161600;0;0;0;0;2580;1276;282028;135162;185062;0;0;0;0;0;0;0;0;134789;270916;0;0;0;0;0;0;0;0;0;0
80;0;470;7683500;16100;47700;24000;26300;10100;400;300;14000;1300;1032200;5608100;891700;0;0;0;0;2580;1281;279244;134200;183389;0;0;0;0;0;0;0;0;133838;269092;0;0;0;0;0;0;0;0;0;0
81;0;473;7558600;14400;37800;21500;26600;8100;500;400;13400;800;1099200;5413500;911500;0;0;0;0;2580;1281;279244;134446;183389;0;0;0;0;0;0;0;0;134064;269092;0;0;0;0;0;0;0;0;0;0
82;0;476;7621500;13200;38100;21200;26000;6900;400;300;14000;1000;1149400;5485800;855900;0;0;0;0;2580;1276;282700;135854;185436;0;0;0;0;0;0;0;0;135501;271300;0;0;0;0;0;0;0;0;0;0
83;0;480;7512000;11100;36600;21500;27600;6800;400;300;13800;1200;994100;5517400;871100;0;0;0;0;2580;1281;279916;134548;183763;0;0;0;0;0;0;0;0;134182;270052;0;0;0;0;0;0;0;0;0;0
84;0;483;7443700;9500;36000;21400;25600;7100;400;300;14900;1000;1088300;5377500;852200;0;0;0;0;2580;1281;279244;134294;183389;0;0;0;0;0;0;0;0;133924;269380;0;0;0;0;0;0;0;0;0;0
85;0;486;7487000;10100;36800;21300;25200;6400;400;300;14200;900;1026200;5437500;899300;0;0;0;0;2580;1278;281452;134674;184692;0;0;0;0;0;0;0;0;134325;269380;0;0;0;0;0;0;0;0;0;0
86;0;490;7814900;9300;34900;21700;26300;7700;300;400;14800;1000;1171500;5388900;1128700;0;0;0;0;2580;1278;280780;135001;184318;0;0;0;0;0;0;0;0;134634;270628;0;0;0;0;0;0;0;0;0;0
87;0;493;7726000;20400;53900;22500;28200;13600;400;300;15400;1400;1130900;5523200;904500;0;0;0;0;2580;1279;280492;134767;184133;0;0;0;0;0;0;0;0;134389;269092;0;0;0;0;0;0;0;0;0;0
88;0;496;7800100;11500;35800;22200;26600;7600;400;400;13600;1100;1165000;5443900;1060000;0;0;0;0;2580;1276;282700;136173;185436;0;0;0;0;0;0;0;0;135797;272548;0;0;0;0;0;0;0;0;0;0
89;0;500;7668100;10000;37900;21400;25800;8200;400;600;13300;1200;1106300;5507800;925300;0;0;0;0;2580;1282;278956;134376;183204;0;0;0;0;0;0;0;0;133991;269092;0;0;0;0;0;0;0;0;0;0
90;0;503;7664200;10400;37000;21300;25300;8800;400;400;14300;1600;1256900;5375900;902100;0;0;0;0;2580;1280;280876;134828;184322;0;0;0;0;0;0;0;0;134428;270052;0;0;0;0;0;0;0;0;0;0
91;0;506;7656500;30700;36600;21500;25700;8700;400;300;14200;1100;1101900;5532100;871600;0;0;0;0;2580;1278;280780;134679;184318;0;0;0;0;0;0;0;0;134282;269668;0;0;0;0;0;0;0;0;0;0
92;0;510;7541000;11800;35500;22000;26500;7100;400;400;12900;700;1115200;5396400;899900;0;0;0;0;2580;1282;278284;133684;182830;0;0;0;0;0;0;0;0;133309;267844;0;0;0;0;0;0;0;0;0;0
93;0;513;7656400;10000;38400;20500;23900;7300;400;300;12500;1000;1030800;5641500;859200;0;0;0;0;2580;1277;282412;135932;185251;0;0;0;0;0;0;0;0;135566;272260;0;0;0;0;0;0;0;0;0;0
94;0;516;7411200;12700;36400;22000;26100;7100;400;300;12400;900;958000;5359000;965000;0;0;0;0;2580;1280;279532;135287;183574;0;0;0;0;0;0;0;0;134922;270340;0;0;0;0;0;0;0;0;0;0
95;0;520;7824400;9800;35600;21400;32000;8000;500;500;12500;1000;1124300;5644700;923000;0;0;0;0;2580;1278;282124;135713;185066;0;0;0;0;0;0;0;0;135323;271300;0;0;0;0;0;0;0;0;0;0
96;0;523;7723700;10800;36000;21900;26900;7200;400;300;13100;900;1128200;5406800;1060900;0;0;0;0;2580;1281;279916;135011;183763;0;0;0;0;0;0;0;0;134626;269092;0;0;0;0;0;0;0;0;0;0
97;0;526;8071800;12900;38500;21400;25900;9400;400;400;14600;1100;1165500;5661100;1104600;0;0;0;0;2580;1278;280780;135202;184318;0;0;0;0;0;0;0;0;134836;269668;0;0;0;0;0;0;0;0;0;0
98;0;530;7636700;15600;40800;21400;26100;9100;500;400;16300;1200;929700;5606900;954800;0;0;0;0;2580;1277;282412;134765;185251;0;0;0;0;0;0;0;0;134402;270052;0;0;0;0;0;0;0;0;0;0
99;0;533;9691800;10800;36300;21300;25700;7500;400;500;13600;800;1100100;7503200;958000;0;0;0;0;2580;1283;277996;133722;182645;0;0;0;0;0;0;0;0;133364;267844;0;0;0;0;0;0;0;0;0;0
100;0;536;7852100;12700;38500;21500;26700;6500;400;300;13100;800;1049200;5561900;1109700;0;0;0;0;2580;1276;281356;134689;184688;0;0;0;0;0;0;0;0;134300;270916;0;0;0;0;0;0;0;0;0;0
101;0;540;8094100;12800;40500;21900;24800;10100;400;400;19200;1000;1037600;5958900;953600;0;0;0;0;2580;1281;279916;134809;183763;0;0;0;0;0;0;0;0;134447;269764;0;0;0;0;0;0;0;0;0;0
102;0;543;7176300;14000;36400;21200;22900;6200;400;300;11800;800;1026700;4991200;1034500;0;0;0;0;2580;1281;279244;134789;183389;0;0;0;0;0;0;0;0;134424;269092;0;0;0;0;0;0;0;0;0;0
103;0;546;8514000;12400;38900;21400;25700;13400;400;300;11900;1300;1024800;5653400;1692900;0;0;0;0;2580;1280;278860;134670;183200;0;0;0;0;0;0;0;0;134316;269668;0;0;0;0;0;0;0;0;0;0
104;0;550;8091500;36300;80500;23400;34700;17800;400;400;15500;1700;969400;5659100;1225600;0;0;0;0;2580;1281;279916;134509;183763;0;0;0;0;0;0;0;0;134150;269764;0;0;0;0;0;0;0;0;0;0
105;0;553;8263000;11300;40300;21700;28000;8900;600;400;14300;1100;1011700;5803200;1307000;0;0;0;0;2580;1278;280780;135401;184318;0;0;0;0;0;0;0;0;135028;271300;0;0;0;0;0;0;0;0;0;0
106;0;556;8017300;14300;39800;21700;26500;9400;400;400;15000;1200;1035900;5707900;1130900;0;0;0;0;2580;1281;278572;134329;183015;0;0;0;0;0;0;0;0;133955;269092;0;0;0;0;0;0;0;0;0;0
107;0;560;7875500;14200;38400;21700;26000;9500;400;400;18000;2200;895300;5407500;1427400;0;0;0;0;2580;1281;279916;135240;183763;0;0;0;0;0;0;0;0;134859;270052;0;0;0;0;0;0;0;0;0;0
108;0;563;8293500;21900;63300;36500;36500;13500;700;400;20900;2500;1004700;5714700;1362700;0;0;0;0;2580;1282;278284;134419;182830;0;0;0;0;0;0;0;0;134041;269380;0;0;0;0;0;0;0;0;0;0
109;0;566;7753400;17900;45100;20500;24900;6800;400;400;13700;900;1024500;5486900;1099800;0;0;0;0;2580;1283;277324;133942;182271;0;0;0;0;0;0;0;0;133564;268420;0;0;0;0;0;0;0;0;0;0
110;0;570;7717000;12000;41200;20800;26000;8100;400;400;13600;1300;1040700;5515700;1024100;0;0;0;0;2580;1277;282412;136201;185251;0;0;0;0;0;0;0;0;135825;271300;0;0;0;0;0;0;0;0;0;0
111;0;573;7720600;11600;37200;21700;26000;10100;400;400;12500;800;1204600;5384500;1000400;0;0;0;0;2580;1283;277324;134076;182271;0;0;0;0;0;0;0;0;133685;268132;0;0;0;0;0;0;0;0;0;0
112;0;576;7588100;12100;36400;21300;25600;9700;400;400;12300;1100;1041000;5491300;925700;0;0;0;0;2580;1280;279532;134789;183574;0;0;0;0;0;0;0;0;134407;270628;0;0;0;0;0;0;0;0;0;0
113;0;580;7839400;10600;37700;21700;26000;8200;500;300;14200;1100;1017100;5499900;1189600;0;0;0;0;2580;1280;280204;134927;183948;0;0;0;0;0;0;0;0;134559;270052;0;0;0;0;0;0;0;0;0;0
114;0;583;7607200;12900;37200;21700;25600;7600;400;400;14800;1000;1023100;5510900;941400;0;0;0;0;2580;1282;278956;134190;183204;0;0;0;0;0;0;0;0;133819;268132;0;0;0;0;0;0;0;0;0;0
115;0;586;7501100;11400;36000;21800;25600;7600;500;500;14300;800;1117000;5365300;888800;0;0;0;0;2580;1282;278956;134778;183204;0;0;0;0;0;0;0;0;134388;269764;0;0;0;0;0;0;0;0;0;0
116;0;590;7524000;8700;36000;21400;26200;7300;500;400;13900;1100;1122200;5361400;911500;0;0;0;0;2580;1280;278860;134469;183200;0;0;0;0;0;0;0;0;134088;269092;0;0;0;0;0;0;0;0;0;0
117;0;593;7623300;10000;39900;22200;29200;14500;400;700;14200;1600;1055500;5448400;973800;0;0;0;0;2580;1279;278156;136255;182923;0;0;0;0;0;0;0;0;135830;271972;0;0;0;0;0;0;0;0;0;0
118;0;596;8257600;10000;36800;21600;25600;7100;400;400;14100;900;1233500;5393700;1486900;0;0;0;0;2580;1282;277612;133945;182456;0;0;0;0;0;0;0;0;133559;268132;0;0;0;0;0;0;0;0;0;0
119;0;600;7626000;18200;41000;22400;26000;10600;500;300;14600;1200;1112300;5484900;880900;0;0;0;0;2580;1279;280492;135043;184133;0;0;0;0;0;0;0;0;134664;270340;0;0;0;0;0;0;0;0;0;0
120;0;603;7773800;9300;42700;21500;26200;6900;400;300;13300;800;1026000;5386300;1230700;0;0;0;0;2580;1282;278956;134114;183204;0;0;0;0;0;0;0;0;133727;268804;0;0;0;0;0;0;0;0;0;0
121;0;606;7260700;10200;35100;22400;25500;8700;400;400;13200;1300;1079300;5146200;907500;0;0;0;0;2580;1281;278572;133790;183015;0;0;0;0;0;0;0;0;133413;268420;0;0;0;0;0;0;0;0;0;0
122;0;610;7722000;10500;36300;21300;25600;8900;400;500;15800;1100;1195300;4965400;1427300;0;0;0;0;2580;1281;279916;134772;183763;0;0;0;0;0;0;0;0;134380;270052;0;0;0;0;0;0;0;0;0;0
123;0;613;7388600;15800;42600;22900;26000;8100;500;300;15200;1100;1242700;5064600;938300;0;0;0;0;2580;1280;278860;134399;183200;0;0;0;0;0;0;0;0;133976;269092;0;0;0;0;0;0;0;0;0;0
124;0;616;7519200;9700;36100;22000;25300;6800;400;300;13700;900;1092900;5031600;1269900;0;0;0;0;2580;1279;277484;135115;182549;0;0;0;0;0;0;0;0;134699;269764;0;0;0;0;0;0;0;0;0;0
125;0;620;7366000;13100;39800;21400;25800;7600;400;300;15200;1300;1166200;5157100;908500;0;0;0;0;2580;1285;276748;133822;181901;0;0;0;0;0;0;0;0;133433;267844;0;0;0;0;0;0;0;0;0;0
126;0;623;7146000;10400;35500;19900;24900;7600;400;300;12700;900;1072400;5029100;921000;0;0;0;0;2580;1279;281164;135706;184507;0;0;0;0;0;0;0;0;135325;272260;0;0;0;0;0;0;0;0;0;0
127;0;626;7194400;11700;37500;29200;26000;7000;400;300;13400;900;1090200;5082200;884200;0;0;0;0;2580;1281;279244;134215;183389;0;0;0;0;0;0;0;0;133824;268804;0;0;0;0;0;0;0;0;0;0
128;0;630;7069100;10700;37100;21300;25700;7200;400;400;13800;1000;1053300;4975500;907800;0;0;0;0;2580;1283;274988;134687;181061;0;0;0;0;0;0;0;0;134286;268132;0;0;0;0;0;0;0;0;0;0
129;0;633;7588400;9000;35700;21400;25400;6700;400;300;14900;600;1124500;5237400;1102900;0;0;0;0;2580;1281;279244;134692;183389;0;0;0;0;0;0;0;0;134276;270052;0;0;0;0;0;0;0;0;0;0
130;0;636;7193600;12700;44400;20900;32100;14800;300;300;15500;1300;1096600;5001500;940600;0;0;0;0;2580;1283;277324;134073;182271;0;0;0;0;0;0;0;0;133677;268132;0;0;0;0;0;0;0;0;0;0
131;0;640;7278900;10000;36100;21800;25100;7500;400;300;12600;800;1189600;5019000;947300;0;0;0;0;2580;1283;274316;134128;180687;0;0;0;0;0;0;0;0;133705;269092;0;0;0;0;0;0;0;0;0;0
132;0;643;7171300;11800;35000;21900;26000;6300;400;300;13000;800;1093700;5056100;894900;0;0;0;0;2580;1283;274988;134788;181061;0;0;0;0;0;0;0;0;134380;269764;0;0;0;0;0;0;0;0;0;0
133;0;646;7217600;10300;36100;21400;25900;6800;500;300;14400;800;1036100;5138700;915600;0;0;0;0;2580;1281;279244;134637;183389;0;0;0;0;0;0;0;0;134250;270340;0;0;0;0;0;0;0;0;0;0
134;0;650;7541800;11200;36000;21300;25800;8300;400;400;13800;900;1013700;5330100;1066800;0;0;0;0;2580;1283;277324;134076;182271;0;0;0;0;0;0;0;0;133652;267844;0;0;0;0;0;0;0;0;0;0
135;0;653;7320300;12300;38500;20200;24400;8400;400;400;12300;700;1089200;5135100;968300;0;0;0;0;2580;1280;276524;135247;181990;0;0;0;0;0;0;0;0;134846;271300;0;0;0;0;0;0;0;0;0;0
136;0;656;7596900;9700;36900;21200;26600;7800;400;400;12400;900;1121400;5086300;1255300;0;0;0;0;2580;1280;279532;134887;183574;0;0;0;0;0;0;0;0;134483;269092;0;0;0;0;0;0;0;0;0;0
137;0;660;7237800;10300;35900;22700;23600;6900;400;300;12900;700;1069500;5078100;966900;0;0;0;0;2580;1283;278668;134524;183019;0;0;0;0;0;0;0;0;134137;268804;0;0;0;0;0;0;0;0;0;0
138;0;663;7349700;9400;40600;19700;23800;7200;400;400;12700;1000;1236100;4947200;1041900;0;0;0;0;2580;1283;274988;134319;181061;0;0;0;0;0;0;0;0;133942;268804;0;0;0;0;0;0;0;0;0;0
139;0;666;8321200;10300;35700;21400;25800;7500;400;300;13000;1400;1067400;6105400;1019900;0;0;0;0;2580;1284;274028;134368;180502;0;0;0;0;0;0;0;0;133991;269092;0;0;0;0;0;0;0;0;0;0
140;0;670;7040500;13000;37500;20400;21100;5900;400;300;11200;800;1045400;4933400;941500;0;0;0;0;2580;1283;277996;134192;182645;0;0;0;0;0;0;0;0;133812;268132;0;0;0;0;0;0;0;0;0;0
141;0;673;7597900;10400;42100;20500;24500;8700;400;300;12900;900;1165400;5360000;941400;0;0;0;0;2580;1278;280108;134278;183944;0;0;0;0;0;0;0;0;133901;269092;0;0;0;0;0;0;0;0;0;0
142;0;676;7185700;11900;35600;20400;26700;9800;400;300;11900;800;1102800;5000000;955600;0;0;0;0;2580;1280;277196;134765;182364;0;0;0;0;0;0;0;0;134379;270052;0;0;0;0;0;0;0;0;0;0
143;0;680;7544900;10000;35200;21900;25500;7100;600;500;19100;1100;1292900;5131200;989300;0;0;0;0;2580;1285;273740;134282;180317;0;0;0;0;0;0;0;0;133901;268804;0;0;0;0;0;0;0;0;0;0
144;0;683;7025000;10600;34400;21500;27000;7400;400;700;12700;1000;1052200;4912100;935300;0;0;0;0;2580;1281;279244;134526;183389;0;0;0;0;0;0;0;0;134098;269380;0;0;0;0;0;0;0;0;0;0
145;0;686;7534700;8600;43100;20600;25400;6700;400;400;12500;800;1053000;5202100;1143600;0;0;0;0;2580;1284;274028;134272;180502;0;0;0;0;0;0;0;0;133881;268804;0;0;0;0;0;0;0;0;0;0
146;0;690;7242400;11900;40000;22400;27100;8000;400;400;15400;1300;1109200;4960700;1034400;0;0;0;0;2580;1284;274028;134051;180502;0;0;0;0;0;0;0;0;133651;268804;0;0;0;0;0;0;0;0;0;0
147;0;693;7453300;9500;39200;20300;25000;6700;400;300;13300;1100;1234900;5070200;1021800;0;0;0;0;2580;1281;277900;133993;182641;0;0;0;0;0;0;0;0;133626;268132;0;0;0;0;0;0;0;0;0;0
148;0;696;7487900;10200;36900;21400;33600;10800;600;500;18500;2000;1091800;5294600;952100;0;0;0;0;2580;1281;276236;135039;181805;0;0;0;0;0;0;0;0;134664;269764;0;0;0;0;0;0;0;0;0;0
149;0;700;7181700;11700;40200;20300;29700;7300;400;400;13800;900;1103600;5022700;920000;0;0;0;0;2580;1281;275564;134710;181431;0;0;0;0;0;0;0;0;134332;269380;0;0;0;0;0;0;0;0;0;0
150;0;703;7391000;10100;35400;21300;29100;7500;500;300;13500;900;1121400;5239400;901900;0;0;0;0;2580;1285;273740;133975;180317;0;0;0;0;0;0;0;0;133614;268804;0;0;0;0;0;0;0;0;0;0
151;0;706;7112200;11000;35600;21200;24200;6600;400;300;12800;1000;1172000;4900100;916100;0;0;0;0;2580;1283;274988;134556;181061;0;0;0;0;0;0;0;0;134167;268804;0;0;0;0;0;0;0;0;0;0
152;0;710;7259900;9700;35900;21400;28100;9900;400;600;12000;700;1109900;5169100;852900;0;0;0;0;2580;1282;273932;133974;180498;0;0;0;0;0;0;0;0;133599;268132;0;0;0;0;0;0;0;0;0;0
153;0;713;7046500;10700;34400;26600;23500;6500;300;400;12200;600;1021200;5000300;899200;0;0;0;0;2580;1283;274988;134744;181061;0;0;0;0;0;0;0;0;134371;268804;0;0;0;0;0;0;0;0;0;0
154;0;716;8120100;10900;36700;21400;25100;6600;400;300;12900;800;1075200;5259400;1661300;0;0;0;0;2580;1281;275564;134764;181431;0;0;0;0;0;0;0;0;134400;269092;0;0;0;0;0;0;0;0;0;0
155;0;720;7160900;9900;34900;24500;21800;11100;300;200;11900;800;1153000;4968100;914500;0;0;0;0;2580;1281;276236;134874;181805;0;0;0;0;0;0;0;0;134520;270052;0;0;0;0;0;0;0;0;0;0
156;0;723;7278000;10800;38500;19800;22600;5700;300;400;12100;700;1147200;5045300;965700;0;0;0;0;2580;1284;274028;134259;180502;0;0;0;0;0;0;0;0;133918;269092;0;0;0;0;0;0;0;0;0;0
157;0;726;7154100;10900;36500;21300;26100;7100;400;400;13100;800;1039400;5071900;916700;0;0;0;0;2580;1282;275948;134750;181620;0;0;0;0;0;0;0;0;134393;269092;0;0;0;0;0;0;0;0;0;0
158;0;730;7463400;9500;41600;20300;26500;7100;500;300;12700;1000;1250400;5152100;933200;0;0;0;0;2580;1281;275564;134685;181431;0;0;0;0;0;0;0;0;134313;268804;0;0;0;0;0;0;0;0;0;0
159;0;733;7224900;10600;35400;21600;27700;7100;400;400;13700;900;1113200;5128900;856600;0;0;0;0;2580;1283;274316;133988;180687;0;0;0;0;0;0;0;0;133610;268132;0;0;0;0;0;0;0;0;0;0
160;0;736;7174600;9300;35500;22000;23300;6700;400;300;11700;800;1043300;5101300;908500;0;0;0;0;2580;1283;274988;134084;181061;0;0;0;0;0;0;0;0;133710;268804;0;0;0;0;0;0;0;0;0;0
161;0;740;7252500;9500;35600;21400;27900;6900;400;300;12200;900;1158500;5114600;855700;0;0;0;0;2580;1283;274316;134236;180687;0;0;0;0;0;0;0;0;133868;269092;0;0;0;0;0;0;0;0;0;0
162;0;743;7379100;9100;35500;21400;28000;5900;400;300;12600;1200;1063200;4996100;1195500;0;0;0;0;2580;1284;274028;134308;180502;0;0;0;0;0;0;0;0;133936;269092;0;0;0;0;0;0;0;0;0;0
163;0;746;7451300;10200;37800;21500;25900;7900;400;300;14200;1100;1208200;4926900;1186200;0;0;0;0;2580;1284;274028;133636;180502;0;0;0;0;0;0;0;0;133281;268132;0;0;0;0;0;0;0;0;0;0
164;0;750;7252600;33400;67000;21200;28000;15800;400;300;15000;1800;1125800;5002500;928500;0;0;0;0;2580;1283;274988;134680;181061;0;0;0;0;0;0;0;0;134331;269764;0;0;0;0;0;0;0;0;0;0
165;0;753;7006900;11600;36300;21500;25400;8100;400;300;14700;1000;943300;5022700;908800;0;0;0;0;2580;1281;275564;134184;181431;0;0;0;0;0;0;0;0;133827;268804;0;0;0;0;0;0;0;0;0;0
166;0;756;7405000;10600;37200;21500;25100;6800;300;400;12100;900;1051200;5295800;932300;0;0;0;0;2580;1283;274316;134389;180687;0;0;0;0;0;0;0;0;134017;269092;0;0;0;0;0;0;0;0;0;0
167;0;760;7384300;11300;35200;21400;26000;6600;300;300;13400;700;1049200;5274000;934800;0;0;0;0;2580;1282;275276;134655;181246;0;0;0;0;0;0;0;0;134263;269764;0;0;0;0;0;0;0;0;0;0
168;0;763;7221500;11500;35700;21300;24800;7800;400;300;12600;900;1102700;5163900;828900;0;0;0;0;2580;1284;274028;134111;180502;0;0;0;0;0;0;0;0;133725;268132;0;0;0;0;0;0;0;0;0;0
169;0;766;7363600;9600;51200;21300;26000;12900;400;400;14300;1300;1114200;5163800;937500;0;0;0;0;2580;1284;274028;133766;180502;0;0;0;0;0;0;0;0;133395;267844;0;0;0;0;0;0;0;0;0;0
170;0;770;7567300;9700;40300;22600;25700;7700;400;400;13100;1600;1082400;5141200;1202700;0;0;0;0;2580;1282;274604;134300;180872;0;0;0;0;0;0;0;0;133945;269092;0;0;0;0;0;0;0;0;0;0
171;0;773;7115100;10200;35900;22400;25100;7100;300;400;12800;800;1125400;4977400;887300;0;0;0;0;2580;1285;273068;133709;179943;0;0;0;0;0;0;0;0;133339;267844;0;0;0;0;0;0;0;0;0;0
172;0;776;7254100;8900;35700;21300;26000;6600;300;300;13400;700;1193100;4955200;983700;0;0;0;0;2580;1283;274988;134457;181061;0;0;0;0;0;0;0;0;134073;269764;0;0;0;0;0;0;0;0;0;0
173;0;780;7197100;11500;35900;21400;26000;7500;400;400;13800;700;1079100;5099200;892600;0;0;0;0;2580;1282;275276;134762;181246;0;0;0;0;0;0;0;0;134382;269092;0;0;0;0;0;0;0;0;0;0
174;0;783;7020200;10500;36000;21600;26000;6900;500;300;13400;1000;1088100;4856500;949400;0;0;0;0;2580;1284;274700;134148;180876;0;0;0;0;0;0;0;0;133783;268804;0;0;0;0;0;0;0;0;0;0
175;0;786;7414500;9500;35300;21400;24300;7700;400;300;12300;700;1080600;5326400;881500;0;0;0;0;2580;1283;274316;134445;180687;0;0;0;0;0;0;0;0;134081;269380;0;0;0;0;0;0;0;0;0;0
176;0;790;7124100;11000;35300;21400;26100;6200;400;400;12700;800;1062500;5014200;922300;0;0;0;0;2580;1283;274988;134146;181061;0;0;0;0;0;0;0;0;133770;268804;0;0;0;0;0;0;0;0;0;0
177;0;793;7473500;10700;35500;21400;24600;8000;400;300;12900;800;1060100;5132400;1155400;0;0;0;0;2580;1282;275276;134104;181246;0;0;0;0;0;0;0;0;133733;269092;0;0;0;0;0;0;0;0;0;0
178;0;796;7083800;13800;41500;22200;27300;11000;400;300;14100;1100;1091500;4903100;944300;0;0;0;0;2580;1286;272780;133666;179758;0;0;0;0;0;0;0;0;133292;267844;0;0;0;0;0;0;0;0;0;0
179;0;800;7364100;10100;46300;21400;25100;8900;400;400;13500;1300;1117000;5070500;1038600;0;0;0;0;2580;1282;275948;134619;181620;0;0;0;0;0;0;0;0;134249;268804;0;0;0;0;0;0;0;0;0;0
180;0;803;7450100;11200;36000;21300;25600;7400;400;400;13300;800;1061700;5217600;1044500;0;0;0;0;2580;1282;274604;134446;180872;0;0;0;0;0;0;0;0;134081;269380;0;0;0;0;0;0;0;0;0;0
181;0;806;7355900;12100;36500;21200;29700;8900;400;400;13100;900;1242200;5039800;939000;0;0;0;0;2580;1283;275660;134175;181435;0;0;0;0;0;0;0;0;133798;267844;0;0;0;0;0;0;0;0;0;0
182;0;810;7805900;11900;38000;22400;25200;6400;500;300;13400;1000;1182100;5613100;881400;0;0;0;0;2580;1284;273356;133980;180128;0;0;0;0;0;0;0;0;133607;268132;0;0;0;0;0;0;0;0;0;0
183;0;813;7102900;10900;37500;21400;34900;7100;500;300;13700;900;1052500;4983300;930700;0;0;0;0;2580;1282;274604;134012;180872;0;0;0;0;0;0;0;0;133617;268804;0;0;0;0;0;0;0;0;0;0
184;0;816;7370300;12900;35300;19900;21400;6700;300;500;11200;700;1080400;5292700;877900;0;0;0;0;2580;1283;274988;134808;181061;0;0;0;0;0;0;0;0;134430;270052;0;0;0;0;0;0;0;0;0;0
185;0;820;7168300;12200;36800;21400;24900;7000;400;300;13100;700;1041200;5050100;951100;0;0;0;0;2580;1285;273068;133300;179943;0;0;0;0;0;0;0;0;132930;267844;0;0;0;0;0;0;0;0;0;0
186;0;823;7576800;9800;36100;21400;24100;6800;400;400;12600;900;1108500;5471500;873500;0;0;0;0;2580;1283;275660;135218;181435;0;0;0;0;0;0;0;0;134838;270724;0;0;0;0;0;0;0;0;0;0
187;0;826;7275800;12900;36400;21600;23700;6500;400;300;11900;1900;1139900;4965200;1046200;0;0;0;0;2580;1285;273068;133606;179943;0;0;0;0;0;0;0;0;133221;268132;0;0;0;0;0;0;0;0;0;0
188;0;830;7461300;11000;36500;21400;24600;8900;400;300;12100;1700;1074400;5250400;1008900;0;0;0;0;2580;1283;274988;134222;181061;0;0;0;0;0;0;0;0;133834;267844;0;0;0;0;0;0;0;0;0;0
189;0;833;6898900;15000;38100;21400;26000;9100;400;500;14100;1400;967300;4906000;887600;0;0;0;0;2580;1283;274316;134046;180687;0;0;0;0;0;0;0;0;133671;269092;0;0;0;0;0;0;0;0;0;0
190;0;836;7113200;11100;39800;22500;24100;8000;400;300;13200;900;1097100;5012100;873100;0;0;0;0;2580;1286;272780;133640;179758;0;0;0;0;0;0;0;0;133264;267844;0;0;0;0;0;0;0;0;0;0
191;0;840;7293300;10300;35900;21400;25400;7400;400;400;13600;900;962600;5335000;868200;0;0;0;0;2580;1282;274604;134152;180872;0;0;0;0;0;0;0;0;133769;269092;0;0;0;0;0;0;0;0;0;0
192;0;843;7157000;10200;36100;26900;23900;7100;400;300;12800;1000;1151000;4940500;935300;0;0;0;0;2580;1285;273740;133972;180317;0;0;0;0;0;0;0;0;133592;268804;0;0;0;0;0;0;0;0;0;0
193;0;846;7305800;9500;36200;21400;24500;7000;400;300;13300;1000;1106900;5145200;929700;0;0;0;0;2580;1283;274988;134289;181061;0;0;0;0;0;0;0;0;133904;268132;0;0;0;0;0;0;0;0;0;0
194;0;850;7383400;11400;35000;19600;23500;8500;400;300;14000;900;1109400;4830800;1318200;0;0;0;0;2580;1284;273356;133498;180128;0;0;0;0;0;0;0;0;133118;268132;0;0;0;0;0;0;0;0;0;0
195;0;853;8449000;14400;39700;22200;27200;8900;500;300;14100;900;1243100;5184100;1882200;0;0;0;0;2580;1282;275948;134711;181620;0;0;0;0;0;0;0;0;134325;269764;0;0;0;0;0;0;0;0;0;0
196;0;856;7355900;10700;37300;21400;26200;7200;500;300;12100;900;1066600;5079500;1078600;0;0;0;0;2580;1283;274988;134263;181061;0;0;0;0;0;0;0;0;133870;268132;0;0;0;0;0;0;0;0;0;0
197;0;860;7630900;9600;37100;21400;25600;7100;500;400;13600;900;1039900;5419300;1045100;0;0;0;0;2580;1285;273740;134167;180317;0;0;0;0;0;0;0;0;133796;268804;0;0;0;0;0;0;0;0;0;0
198;0;863;7770300;11200;35100;21500;26300;8100;400;300;13700;1200;1132200;4897100;1614000;0;0;0;0;2580;1282;275276;134821;181246;0;0;0;0;0;0;0;0;134430;269092;0;0;0;0;0;0;0;0;0;0
199;0;866;7210100;11100;37200;21800;23800;7700;400;300;12000;700;1131000;5034900;918800;0;0;0;0;2580;1285;273740;133957;180317;0;0;0;0;0;0;0;0;133549;267844;0;0;0;0;0;0;0;0;0;0
200;0;870;7318200;10800;37200;22100;25200;8400;400;400;12900;1000;1109100;5222700;854500;0;0;0;0;2580;1286;272780;133698;179758;0;0;0;0;0;0;0;0;133309;267844;0;0;0;0;0;0;0;0;0;0
201;0;873;7585300;12300;36600;21300;25600;7900;400;300;14100;700;1187300;5343600;925100;0;0;0;0;2580;1283;273644;133681;180313;0;0;0;0;0;0;0;0;133316;268132;0;0;0;0;0;0;0;0;0;0
202;0;876;7116100;10900;37200;21300;25700;6700;500;400;14100;1000;1071300;5049100;865600;0;0;0;0;2580;1284;274700;133887;180876;0;0;0;0;0;0;0;0;133509;268804;0;0;0;0;0;0;0;0;0;0
203;0;880;7121500;11200;35600;21300;26300;7900;600;300;13800;800;967600;5069200;956100;0;0;0;0;2580;1284;274028;134228;180502;0;0;0;0;0;0;0;0;133844;269092;0;0;0;0;0;0;0;0;0;0
204;0;883;7629800;9100;35000;22400;24900;7900;400;300;12900;900;1133000;5085900;1278700;0;0;0;0;2580;1284;274700;134071;180876;0;0;0;0;0;0;0;0;133697;268804;0;0;0;0;0;0;0;0;0;0
205;0;886;6994200;9300;34400;21300;25800;6900;400;300;12800;900;1023100;4962700;885900;0;0;0;0;2580;1282;275276;134900;181246;0;0;0;0;0;0;0;0;134513;270052;0;0;0;0;0;0;0;0;0;0
206;0;890;7252900;8700;34400;21500;25900;7900;400;300;12500;1000;1127900;5036100;967500;0;0;0;0;2580;1284;274028;134159;180502;0;0;0;0;0;0;0;0;133777;268804;0;0;0;0;0;0;0;0;0;0
207;0;893;7158000;8700;41100;21600;25900;7400;400;400;13100;1100;1066700;5082900;876500;0;0;0;0;2580;1286;272780;133590;179758;0;0;0;0;0;0;0;0;133196;267844;0;0;0;0;0;0;0;0;0;0
208;0;896;7307300;10400;35600;21300;25900;7100;300;400;13800;1200;1255400;4977200;948200;0;0;0;0;2580;1282;275948;134187;181620;0;0;0;0;0;0;0;0;133810;269092;0;0;0;0;0;0;0;0;0;0
209;0;900;7523400;9800;35400;21300;24800;7500;400;300;12700;900;1121000;5400000;879700;0;0;0;0;2580;1287;271820;133568;179199;0;0;0;0;0;0;0;0;133187;267844;0;0;0;0;0;0;0;0;0;0
210;0;903;7199400;10100;36000;21300;25100;7100;400;400;13000;1000;1048100;5132100;894700;0;0;0;0;2580;1284;274028;134258;180502;0;0;0;0;0;0;0;0;133892;269092;0;0;0;0;0;0;0;0;0;0
211;0;906;7255600;10400;35000;21300;25600;6600;300;500;13000;800;1050600;5108600;970900;0;0;0;0;2580;1283;274988;134287;181061;0;0;0;0;0;0;0;0;133913;268804;0;0;0;0;0;0;0;0;0;0
212;0;910;7176700;10700;39400;21200;24900;7700;400;400;14300;900;1048300;5035800;961700;0;0;0;0;2580;1285;273068;133721;179943;0;0;0;0;0;0;0;0;133334;268132;0;0;0;0;0;0;0;0;0;0
213;0;913;7493900;12600;39000;21500;25100;7600;500;300;13000;800;992200;5129300;1233300;0;0;0;0;2580;1286;272780;133533;179758;0;0;0;0;0;0;0;0;133134;267844;0;0;0;0;0;0;0;0;0;0
214;0;916;7170100;11800;38600;21900;25700;8500;400;500;13400;900;1040200;5056400;941100;0;0;0;0;2580;1284;274028;133962;180502;0;0;0;0;0;0;0;0;133538;268804;0;0;0;0;0;0;0;0;0;0
215;0;920;7547900;11000;36600;22300;25000;7500;400;400;16300;800;1131700;5006400;1279100;0;0;0;0;2580;1283;274988;134651;181061;0;0;0;0;0;0;0;0;134252;270052;0;0;0;0;0;0;0;0;0;0
216;0;923;7372100;13200;39700;21400;26800;7700;400;300;12200;800;1171400;5188900;877800;0;0;0;0;2580;1286;272108;133617;179384;0;0;0;0;0;0;0;0;133212;267844;0;0;0;0;0;0;0;0;0;0
217;0;926;7768200;9200;37600;22400;27300;7900;400;900;13900;1200;1156000;5185000;1296500;0;0;0;0;2580;1282;275948;135216;181620;0;0;0;0;0;0;0;0;134845;270052;0;0;0;0;0;0;0;0;0;0
218;0;930;7348300;14300;39500;21500;25500;6700;500;400;14000;1000;1186000;5120600;907700;0;0;0;0;2580;1284;274700;133490;180876;0;0;0;0;0;0;0;0;133108;267844;0;0;0;0;0;0;0;0;0;0
219;0;933;7098900;12000;36900;21500;25300;7500;400;400;12600;1100;1168100;4889500;914200;0;0;0;0;2580;1283;273644;133526;180313;0;0;0;0;0;0;0;0;133134;268132;0;0;0;0;0;0;0;0;0;0
220;0;936;7225000;13700;36300;21400;26000;7700;400;300;13400;1000;1008000;5211600;873800;0;0;0;0;2580;1284;274028;133551;180502;0;0;0;0;0;0;0;0;133147;267844;0;0;0;0;0;0;0;0;0;0
221;0;940;7043000;12200;35500;21400;24400;7000;500;400;12300;1400;1009100;4998500;910200;0;0;0;0;2580;1285;273740;133958;180317;0;0;0;0;0;0;0;0;133568;268804;0;0;0;0;0;0;0;0;0;0
222;0;943;7333200;10800;35200;21900;24500;7700;400;300;12200;900;1170300;4988900;1050500;0;0;0;0;2580;1284;274028;134183;180502;0;0;0;0;0;0;0;0;133798;269092;0;0;0;0;0;0;0;0;0;0
223;0;946;7251000;11100;38700;21300;26400;14700;500;500;13800;1600;1153100;5052800;906700;0;0;0;0;2580;1286;272780;133592;179758;0;0;0;0;0;0;0;0;133193;267844;0;0;0;0;0;0;0;0;0;0
224;0;950;7515900;11600;35200;21600;27200;8000;500;300;13000;800;1194600;5306700;886500;0;0;0;0;2580;1282;275276;134776;181246;0;0;0;0;0;0;0;0;134374;269092;0;0;0;0;0;0;0;0;0;0
225;0;953;7190400;12800;35400;21200;25200;9400;400;500;14400;1000;1013100;5149600;895400;0;0;0;0;2580;1285;273068;133728;179943;0;0;0;0;0;0;0;0;133327;267844;0;0;0;0;0;0;0;0;0;0
226;0;956;7104200;9500;36300;21300;25700;7400;400;400;13100;800;1111600;4968900;897500;0;0;0;0;2580;1283;274316;134142;180687;0;0;0;0;0;0;0;0;133743;269092;0;0;0;0;0;0;0;0;0;0
227;0;960;7428200;16000;38400;21200;26100;7300;500;300;13400;1100;1175700;5216800;900000;0;0;0;0;2580;1283;275660;134637;181435;0;0;0;0;0;0;0;0;134241;269764;0;0;0;0;0;0;0;0;0;0
228;0;963;7210700;13200;35300;21800;24600;6900;400;300;12200;800;1050900;5049500;983800;0;0;0;0;2580;1285;273740;133503;180317;0;0;0;0;0;0;0;0;133124;267844;0;0;0;0;0;0;0;0;0;0
229;0;966;7649600;13500;36000;27800;25300;7700;400;400;12800;1200;1030700;5056500;1426200;0;0;0;0;2580;1283;274316;134287;180687;0;0;0;0;0;0;0;0;133914;269092;0;0;0;0;0;0;0;0;0;0
230;0;970;7201400;27700;49900;24300;28900;16900;400;500;15700;1100;1147000;4959500;906600;0;0;0;0;2580;1284;274700;133939;180876;0;0;0;0;0;0;0;0;133563;268804;0;0;0;0;0;0;0;0;0;0
231;0;973;7136600;10600;35600;21400;25700;7100;400;1000;13800;700;1121900;4954600;934700;0;0;0;0;2580;1284;273356;133738;180128;0;0;0;0;0;0;0;0;133360;268132;0;0;0;0;0;0;0;0;0;0
232;0;976;7646400;11500;36900;21300;25400;8500;500;700;12900;1000;1151200;5379800;983500;0;0;0;0;2580;1284;274028;134031;180502;0;0;0;0;0;0;0;0;133632;267844;0;0;0;0;0;0;0;0;0;0
233;0;980;7011300;12500;37200;21000;24000;6500;400;300;12400;700;1045700;4921600;916900;0;0;0;0;2580;1283;274988;134737;181061;0;0;0;0;0;0;0;0;134347;270052;0;0;0;0;0;0;0;0;0;0
234;0;983;7561000;10500;37200;21400;25400;6800;400;300;13600;900;1175100;5140500;1120400;0;0;0;0;2580;1284;274700;134565;180876;0;0;0;0;0;0;0;0;134170;269764;0;0;0;0;0;0;0;0;0;0
235;0;986;7292700;13500;37800;21800;26600;7400;400;400;13300;1100;1250400;4985400;925500;0;0;0;0;2580;1284;274700;134822;180876;0;0;0;0;0;0;0;0;134437;269764;0;0;0;0;0;0;0;0;0;0
236;0;990;7473100;10700;35200;21400;25300;8600;400;300;13500;800;1250700;5187300;907500;0;0;0;0;2580;1282;275948;134647;181620;0;0;0;0;0;0;0;0;134253;270052;0;0;0;0;0;0;0;0;0;0
237;0;993;7146200;15100;45200;26600;28100;10700;500;400;13600;2300;1012400;5009400;968600;0;0;0;0;2580;1282;275276;134543;181246;0;0;0;0;0;0;0;0;134166;268804;0;0;0;0;0;0;0;0;0;0
238;0;996;7152900;9700;40400;21900;26300;8600;600;300;13100;900;1013000;5051200;956900;0;0;0;0;2580;1284;273356;134182;180128;0;0;0;0;0;0;0;0;133805;269092;0;0;0;0;0;0;0;0;0;0
239;0;1000;7400400;11200;37100;21300;25900;8200;400;300;14100;1000;1107800;5262200;902000;0;0;0;0;2580;1283;275660;134600;181435;0;0;0;0;0;0;0;0;134226;268804;0;0;0;0;0;0;0;0;0;0
240;0;1003;7306300;17700;37700;21400;24800;8300;400;300;13400;700;1179800;5062200;929900;0;0;0;0;2580;1283;274988;134461;181061;0;0;0;0;0;0;0;0;134064;269092;0;0;0;0;0;0;0;0;0;0
241;0;1006;7629800;10000;36200;21100;25300;7100;300;300;13600;700;1122900;5440600;940800;0;0;0;0;2580;1284;274700;134582;180876;0;0;0;0;0;0;0;0;134204;269764;0;0;0;0;0;0;0;0;0;0
242;0;1010;7148000;11900;37000;21600;25800;7700;400;400;13300;1200;1010200;5080500;926800;0;0;0;0;2580;1284;274028;133896;180502;0;0;0;0;0;0;0;0;133498;268804;0;0;0;0;0;0;0;0;0;0
243;0;1013;7502200;12200;35600;21300;25800;7200;400;400;13600;1100;979700;5483500;910400;0;0;0;0;2580;1282;275276;134920;181246;0;0;0;0;0;0;0;0;134521;270052;0;0;0;0;0;0;0;0;0;0
244;0;1016;7194500;13200;37200;21400;26300;7700;500;400;13500;1100;1040600;5021700;1000800;0;0;0;0;2580;1283;274988;134045;181061;0;0;0;0;0;0;0;0;133629;268804;0;0;0;0;0;0;0;0;0;0
245;0;1020;7504100;9100;35200;22000;24500;7400;300;400;13600;800;1214900;5260400;904000;0;0;0;0;2580;1285;273068;134146;179943;0;0;0;0;0;0;0;0;133721;269092;0;0;0;0;0;0;0;0;0;0
246;0;1023;7101600;9700;35300;22500;24100;6800;300;300;11900;1500;1056400;5015400;908100;0;0;0;0;2580;1283;275660;135624;181435;0;0;0;0;0;0;0;0;135207;271684;0;0;0;0;0;0;0;0;0;0
247;0;1026;7335500;10100;38600;22300;22700;6900;400;300;12300;500;1125000;5073300;1014600;0;0;0;0;2580;1283;274316;134139;180687;0;0;0;0;0;0;0;0;133752;268804;0;0;0;0;0;0;0;0;0;0
248;0;1030;7244700;14900;36600;21100;23100;6900;400;300;12800;1000;1055400;5192400;870900;0;0;0;0;2580;1284;274700;134253;180876;0;0;0;0;0;0;0;0;133852;268804;0;0;0;0;0;0;0;0;0;0
249;0;1033;7195700;10500;35700;21300;25400;7300;300;400;12700;1000;1113000;5058600;900900;0;0;0;0;2580;1283;274988;134457;181061;0;0;0;0;0;0;0;0;134063;269764;0;0;0;0;0;0;0;0;0;0
250;0;1036;7209500;9700;34700;21700;24600;8600;300;300;13300;800;1137500;5113200;826800;0;0;0;0;2580;1284;274028;134163;180502;0;0;0;0;0;0;0;0;133762;269092;0;0;0;0;0;0;0;0;0;0
251;0;1040;7221800;9100;34900;21200;24200;7900;400;300;13200;800;1089200;4988000;1023400;0;0;0;0;2580;1284;274700;134067;180876;0;0;0;0;0;0;0;0;133677;268804;0;0;0;0;0;0;0;0;0;0
252;0;1043;7242800;8500;36600;21500;25600;8000;400;300;13200;900;1076600;5184100;856500;0;0;0;0;2580;1284;274028;134836;180502;0;0;0;0;0;0;0;0;134453;270052;0;0;0;0;0;0;0;0;0;0
253;0;1046;7060300;11400;36300;21200;24600;6000;400;300;11800;800;1067600;4978300;890700;0;0;0;0;2580;1285;273740;134535;180317;0;0;0;0;0;0;0;0;134176;269764;0;0;0;0;0;0;0;0;0;0
254;0;1050;7470300;11700;35800;22000;24000;6500;300;300;12300;800;1107500;5196400;1042900;0;0;0;0;2580;1284;274028;133996;180502;0;0;0;0;0;0;0;0;133629;268804;0;0;0;0;0;0;0;0;0;0
255;0;1053;7209700;19200;36600;21600;25700;8200;600;400;13400;1100;1017600;5041900;1012000;0;0;0;0;2580;1282;275948;134817;181620;0;0;0;0;0;0;0;0;134438;269764;0;0;0;0;0;0;0;0;0;0
256;0;1056;7295300;11800;35200;21300;25700;6800;400;700;12200;900;1137500;5095600;936100;0;0;0;0;2580;1285;273740;134036;180317;0;0;0;0;0;0;0;0;133642;268804;0;0;0;0;0;0;0;0;0;0
257;0;1060;7333100;12200;35700;21600;24100;6800;400;400;12000;1800;1116500;5206700;883300;0;0;0;0;2580;1283;274988;134427;181061;0;0;0;0;0;0;0;0;134036;269092;0;0;0;0;0;0;0;0;0;0
258;0;1063;7296700;11500;35200;21400;26300;7400;300;300;12500;700;1152300;5088800;930100;0;0;0;0;2580;1283;275660;134976;181435;0;0;0;0;0;0;0;0;134596;269764;0;0;0;0;0;0;0;0;0;0
259;0;1066;7229400;11800;35500;22000;25200;8800;400;300;12800;900;1157800;5087500;855800;0;0;0;0;2580;1284;274028;134575;180502;0;0;0;0;0;0;0;0;134198;269092;0;0;0;0;0;0;0;0;0;0
260;0;1070;7271100;9400;34400;21100;25400;7900;500;300;13400;1200;1199600;5021500;924900;0;0;0;0;2580;1284;274028;134253;180502;0;0;0;0;0;0;0;0;133873;268804;0;0;0;0;0;0;0;0;0;0
261;0;1073;7732900;9800;35000;21400;25100;8400;300;400;12400;1000;1120000;5055400;1433500;0;0;0;0;2580;1285;273068;134152;179943;0;0;0;0;0;0;0;0;133780;268804;0;0;0;0;0;0;0;0;0;0
262;0;1076;7091400;9200;40300;21000;24500;7200;400;300;11700;1200;1073500;5031000;860500;0;0;0;0;2580;1284;274700;134433;180876;0;0;0;0;0;0;0;0;134063;268804;0;0;0;0;0;0;0;0;0;0
263;0;1080;7264400;10400;41200;21600;26100;6800;400;400;13600;900;1115000;4907400;1110100;0;0;0;0;2580;1285;273740;134051;180317;0;0;0;0;0;0;0;0;133695;268804;0;0;0;0;0;0;0;0;0;0
264;0;1083;7738400;14800;39300;21100;24100;9900;300;300;13700;800;1378900;5336900;886900;0;0;0;0;2580;1284;274028;134089;180502;0;0;0;0;0;0;0;0;133685;269092;0;0;0;0;0;0;0;0;0;0
265;0;1086;7166300;9400;35400;21100;25400;7500;400;400;14300;700;1202200;4948300;891200;0;0;0;0;2580;1283;275660;135128;181435;0;0;0;0;0;0;0;0;134755;270724;0;0;0;0;0;0;0;0;0;0
266;0;1090;7367800;9300;35100;21800;25200;7200;400;300;13400;900;1132800;5241500;871200;0;0;0;0;2580;1284;274028;134604;180502;0;0;0;0;0;0;0;0;134230;269092;0;0;0;0;0;0;0;0;0;0
267;0;1093;7032500;10400;36200;21300;25400;9300;300;400;16500;1800;1121600;4891400;888600;0;0;0;0;2580;1285;273068;134201;179943;0;0;0;0;0;0;0;0;133839;268804;0;0;0;0;0;0;0;0;0;0
268;0;1096;7354600;10400;36500;21500;26000;7900;400;400;14200;900;1122900;5230500;874800;0;0;0;0;2580;1285;273740;134608;180317;0;0;0;0;0;0;0;0;134242;269764;0;0;0;0;0;0;0;0;0;0
269;0;1100;7286300;11100;80100;21700;25800;12700;600;1000;14800;1700;1213800;4966900;926100;0;0;0;0;2580;1285;273740;134206;180317;0;0;0;0;0;0;0;0;133846;268804;0;0;0;0;0;0;0;0;0;0
270;0;1103;7953300;9200;35800;21200;24700;6700;400;300;13600;900;1123900;5015000;1690700;0;0;0;0;2580;1284;274700;134568;180876;0;0;0;0;0;0;0;0;134206;268804;0;0;0;0;0;0;0;0;0;0
271;0;1106;7133200;17700;36300;21200;26200;7800;400;400;13100;1700;1146200;4932100;920200;0;0;0;0;2580;1283;274988;134757;181061;0;0;0;0;0;0;0;0;134362;270052;0;0;0;0;0;0;0;0;0;0
272;0;1110;7283100;9000;35000;21300;24100;7600;400;300;12300;900;1256400;4973100;934300;0;0;0;0;2580;1284;274700;134419;180876;0;0;0;0;0;0;0;0;134023;268804;0;0;0;0;0;0;0;0;0;0
273;0;1113;7745400;9600;37400;21500;31800;7000;400;300;13100;900;1098500;5622900;890200;0;0;0;0;2580;1284;273356;134441;180128;0;0;0;0;0;0;0;0;134068;269092;0;0;0;0;0;0;0;0;0;0
274;0;1116;7167500;11900;37600;21600;25700;13600;400;300;12700;600;1170000;4931600;929100;0;0;0;0;2580;1285;273740;134574;180317;0;0;0;0;0;0;0;0;134194;269764;0;0;0;0;0;0;0;0;0;0
275;0;1120;7274100;10600;36700;22000;24300;6800;400;300;13900;900;1136200;5164900;847400;0;0;0;0;2580;1285;273740;133944;180317;0;0;0;0;0;0;0;0;133586;268804;0;0;0;0;0;0;0;0;0;0
276;0;1123;7078400;9800;35700;21300;25000;6300;400;300;13000;800;1046600;5001800;908300;0;0;0;0;2580;1286;272780;133864;179758;0;0;0;0;0;0;0;0;133507;268804;0;0;0;0;0;0;0;0;0;0
277;0;1126;8232600;9800;36800;21500;26300;6100;300;300;13200;800;1057200;6182800;866800;0;0;0;0;2580;1282;276620;135169;181994;0;0;0;0;0;0;0;0;134795;270724;0;0;0;0;0;0;0;0;0;0
278;0;1130;6904700;11900;36800;21600;26200;5800;400;300;13200;800;907500;4945400;923300;0;0;0;0;2580;1284;274028;134035;180502;0;0;0;0;0;0;0;0;133652;269092;0;0;0;0;0;0;0;0;0;0
279;0;1133;8108300;9600;39000;21400;26000;10500;500;300;14300;900;1092100;5229600;1654300;0;0;0;0;2580;1284;274028;134050;180502;0;0;0;0;0;0;0;0;133676;268804;0;0;0;0;0;0;0;0;0;0
280;0;1136;7038300;10900;41400;19600;25200;7300;400;300;12000;800;1128700;4832900;947800;0;0;0;0;2580;1284;274028;134139;180502;0;0;0;0;0;0;0;0;133757;269092;0;0;0;0;0;0;0;0;0;0
281;0;1140;7593800;9700;36700;21300;24400;11500;300;200;14200;1700;1195900;5236500;1031200;0;0;0;0;2580;1285;273740;134208;180317;0;0;0;0;0;0;0;0;133832;268804;0;0;0;0;0;0;0;0;0;0
282;0;1143;7132400;11000;37800;21400;26100;8700;400;300;15000;900;1030100;4986400;984200;0;0;0;0;2580;1285;273740;134357;180317;0;0;0;0;0;0;0;0;133960;268804;0;0;0;0;0;0;0;0;0;0
283;0;1146;7243800;11200;35500;21600;25500;8500;500;300;13400;1300;1236200;4930900;949300;0;0;0;0;2580;1286;272780;134304;179758;0;0;0;0;0;0;0;0;133879;268804;0;0;0;0;0;0;0;0;0;0
284;0;1150;7266400;9500;34900;22100;25900;7200;400;300;12800;900;1143400;5158900;841000;0;0;0;0;2580;1283;275660;134687;181435;0;0;0;0;0;0;0;0;134288;269764;0;0;0;0;0;0;0;0;0;0
285;0;1153;8534900;13100;36100;22400;25100;7400;400;400;13000;800;1075000;5159500;2167800;0;0;0;0;2580;1283;274316;134086;180687;0;0;0;0;0;0;0;0;133665;269092;0;0;0;0;0;0;0;0;0;0
286;0;1156;7863700;18100;44200;21900;26700;13000;400;400;14000;1400;955300;5563100;1188400;0;0;0;0;2580;1284;274700;134000;180876;0;0;0;0;0;0;0;0;133608;268804;0;0;0;0;0;0;0;0;0;0
287;0;1160;7214100;12200;38900;22100;25900;8700;400;500;13000;900;1036100;5031000;1011100;0;0;0;0;2580;1284;274028;134669;180502;0;0;0;0;0;0;0;0;134282;270052;0;0;0;0;0;0;0;0;0;0
288;0;1163;7148500;12000;37900;20800;25000;7900;400;300;12500;1100;1016500;5087200;913700;0;0;0;0;2580;1286;272780;134221;179758;0;0;0;0;0;0;0;0;133843;268804;0;0;0;0;0;0;0;0;0;0
289;0;1166;7114200;11200;38200;21100;23700;8000;400;400;11900;700;1057400;5006700;924000;0;0;0;0;2580;1285;273740;134362;180317;0;0;0;0;0;0;0;0;134003;269764;0;0;0;0;0;0;0;0;0;0
290;0;1170;7306100;11000;41200;22000;24600;7100;400;300;12900;800;1107200;4978100;1090700;0;0;0;0;2580;1285;273740;134609;180317;0;0;0;0;0;0;0;0;134244;269764;0;0;0;0;0;0;0;0;0;0
291;0;1173;7366200;12600;37000;21300;27500;7200;400;300;13700;1300;1126800;5123900;983800;0;0;0;0;2580;1286;272780;133927;179758;0;0;0;0;0;0;0;0;133568;268804;0;0;0;0;0;0;0;0;0;0
292;0;1176;7165900;11000;37000;21500;26100;7100;500;1100;13400;1100;1003900;5098800;933100;0;0;0;0;2580;1284;274028;134127;180502;0;0;0;0;0;0;0;0;133752;269092;0;0;0;0;0;0;0;0;0;0
293;0;1180;7366800;10400;37400;26400;25600;9400;300;400;12100;900;979100;5370400;884100;0;0;0;0;2580;1285;273740;134744;180317;0;0;0;0;0;0;0;0;134371;269764;0;0;0;0;0;0;0;0;0;0
294;0;1183;7055600;9900;35500;21200;23600;7300;300;400;12600;1700;1021400;4997300;914300;0;0;0;0;2580;1284;274028;134238;180502;0;0;0;0;0;0;0;0;133863;269092;0;0;0;0;0;0;0;0;0;0
295;0;1186;7317800;12800;36800;21700;26500;8100;400;400;13100;900;1135400;5188100;863900;0;0;0;0;2580;1286;272780;134233;179758;0;0;0;0;0;0;0;0;133837;268804;0;0;0;0;0;0;0;0;0;0
296;0;1190;7121100;11700;35900;21400;25700;6900;400;400;13200;1200;1035400;5086500;874300;0;0;0;0;2580;1284;274700;135103;180876;0;0;0;0;0;0;0;0;134714;269764;0;0;0;0;0;0;0;0;0;0
297;0;1193;7185600;9900;35200;19200;25000;6000;400;300;12000;700;1075300;4961000;1032000;0;0;0;0;2580;1286;272780;133900;179758;0;0;0;0;0;0;0;0;133507;268804;0;0;0;0;0;0;0;0;0;0
298;0;1196;7103500;14800;38000;21400;32600;8300;400;500;13800;900;1014900;4980600;967500;0;0;0;0;2580;1286;272780;133912;179758;0;0;0;0;0;0;0;0;133504;268804;0;0;0;0;0;0;0;0;0;0
299;0;1200;7036400;9700;36900;21400;27300;6000;400;400;13100;700;1112000;4929300;869600;0;0;0;0;2580;1284;274028;134474;180502;0;0;0;0;0;0;0;0;134069;269092;0;0;0;0;0;0;0;0;0;0
