# scene=solar_system_v1compat_belt.json;config=Release;cpu=12th Gen Intel(R) Core(TM) i7-1265U;affinity=4;ablation=none;rasterstats=0;lodstats=0;asserts_lib=0;res=1536x900;views=4;mesurees=240;chauffe=60;overhead_ns=32;resolution_ns=100
zone;median_ns;p95_ns;max_ns;pourmille_de_la_frame
FRAME;7334100;7940800;8609100;1000
Input;10800;18600;39600;1
Animation;36300;45800;79900;4
LocalXform1;21500;22900;64400;2
WorldXform1;26000;29700;92100;3
Cameras;7600;12700;24100;1
LocalXform2;400;500;700;0
WorldXform2;400;700;1100;0
Trigger;13200;15500;24500;1
BuildViews;800;1600;4000;0
Clear;1093000;1225700;1457200;149
Render;5159400;5442100;5779400;703
Present;915700;1372400;2168800;124
RESTE;10900;17300;27900;1
Entities;0;0;0;0
XformNodes;0;0;0;0
TriggerPairs;0;0;0;0
TriggerHits;0;0;0;0
MeshesTested;2580;2580;2580;0
MeshesCulled;1283;1286;1287;0
FacesSubmitted;274988;282412;286380;0
TrisRasterized;134389;135706;136255;0
VertsTransformed;181061;185251;187394;0
TrisCov0;0;0;0;0
TrisCov1;0;0;0;0
TrisCov2to4;0;0;0;0
TrisCov5plus;0;0;0;0
TrisTightEmpty;0;0;0;0
PixelsTested;0;0;0;0
PixelsTight;0;0;0;0
PixelsCovered;0;0;0;0
TrisEarlyRejected;134003;135207;135830;0
FacesInside;269092;271300;272548;0
InstPx0to1;0;0;0;0
InstPx1to4;0;0;0;0
InstPx4to16;0;0;0;0
InstPx16plus;0;0;0;0
FacesPx0to1;0;0;0;0
FacesPx1to4;0;0;0;0
FacesPx4to16;0;0;0;0
FacesPx16plus;0;0;0;0
VertsInside;0;0;0;0
TrisEmittedInside;0;0;0;0
