# scene=solar_system_v1compat_belt.json;config=RelWithAsserts;cpu=12th Gen Intel(R) Core(TM) i7-1265U;affinity=fff;ablation=none;rasterstats=1;lodstats=0;asserts_lib=1;res=1536x900;views=4;frames=300;warmup=60;overhead_ns=32;resolution_ns=100
frame;warmup;sim_millidays;frame_ns;Input_ns;Animation_ns;LocalXform1_ns;WorldXform1_ns;Cameras_ns;LocalXform2_ns;WorldXform2_ns;Trigger_ns;BuildViews_ns;Clear_ns;Render_ns;Present_ns;Entities;XformNodes;TriggerPairs;TriggerHits;MeshesTested;MeshesCulled;FacesSubmitted;TrisRasterized;VertsTransformed;TrisCov0;TrisCov1;TrisCov2to4;TrisCov5plus;TrisTightEmpty;PixelsTested;PixelsTight;PixelsCovered;TrisEarlyRejected;FacesInside;InstPx0to1;InstPx1to4;InstPx4to16;InstPx16plus;FacesPx0to1;FacesPx1to4;FacesPx4to16;FacesPx16plus;VertsInside;TrisEmittedInside
0;1;203;41497700;3891400;65200;34700;65100;48600;4800;1300;47500;2400;3824200;9696500;19382600;0;0;0;0;2580;1263;295780;139369;192954;230;261;301;534;0;57376;30803;9710;138043;277236;0;0;0;0;0;0;0;0;0;0
1;1;206;14900700;669700;38200;19600;27100;8300;400;400;16300;1000;1445600;6158000;6494400;0;0;0;0;2580;1275;288012;135098;188327;228;237;283;553;0;65234;38495;13627;133797;269764;0;0;0;0;0;0;0;0;0;0
2;1;210;12757800;1205000;50800;23000;37000;11900;500;400;20600;1600;1091000;7783700;2370900;0;0;0;0;2580;1270;291468;137941;190374;199;170;210;601;0;69409;42545;14732;136761;273508;0;0;0;0;0;0;0;0;0;0
3;1;213;8964400;14800;45000;23800;29200;8700;500;500;17900;1900;1709000;5924800;1176200;0;0;0;0;2580;1270;288108;136587;188504;177;141;106;399;0;52507;33756;12200;135764;270916;0;0;0;0;0;0;0;0;0;0
4;1;216;8617400;13700;39700;21800;29900;8900;600;700;19100;1100;1151000;6012700;1305600;0;0;0;0;2580;1270;290124;137434;189626;156;139;102;403;0;53017;34365;12484;136634;271876;0;0;0;0;0;0;0;0;0;0
5;1;220;12707000;15900;76600;22700;32300;7300;400;500;17100;1100;1149400;6638500;4699800;0;0;0;0;2580;1273;288588;136795;188697;222;221;260;555;0;66973;40431;14440;135537;272548;0;0;0;0;0;0;0;0;0;0
6;1;223;13671000;18800;47000;22100;30200;11800;300;400;17700;1000;1235900;6164700;6065500;0;0;0;0;2580;1274;288972;136571;188886;217;223;272;515;0;66259;40286;14361;135344;272932;0;0;0;0;0;0;0;0;0;0
7;1;226;8518400;133700;113600;30000;32700;12400;400;500;17200;1500;857100;6127500;1177000;0;0;0;0;2580;1273;287916;136409;188323;199;195;224;649;0;76963;47205;16460;135142;271588;0;0;0;0;0;0;0;0;0;0
8;1;230;8338200;53300;113100;35100;38700;23600;400;800;28200;5300;971100;6040700;1004900;0;0;0;0;2580;1278;285132;135310;186650;151;137;99;415;0;58560;38887;13822;134508;270052;0;0;0;0;0;0;0;0;0;0
9;1;233;8993400;13200;42800;22300;32000;8100;600;500;84900;900;1336100;6370100;1068200;0;0;0;0;2580;1273;287916;136663;188323;178;136;90;421;0;60197;40043;14208;135838;272836;0;0;0;0;0;0;0;0;0;0
10;1;236;8399200;13300;40800;21500;29300;7700;500;500;17200;1000;1180700;6055100;1020000;0;0;0;0;2580;1275;285996;135104;187205;182;187;207;685;0;80586;50041;17818;133843;269956;0;0;0;0;0;0;0;0;0;0
11;1;240;8902500;12100;42200;21500;29600;7200;500;500;17000;1700;1252500;6477200;1028000;0;0;0;0;2580;1273;289260;136743;189071;231;218;226;556;0;72663;45609;16289;135512;273220;0;0;0;0;0;0;0;0;0;0
12;1;243;8553100;14200;41800;21500;29500;8400;400;900;17100;1000;1306500;6103600;998000;0;0;0;0;2580;1275;288012;136571;188327;234;227;198;612;0;77132;48662;17224;135300;271972;0;0;0;0;0;0;0;0;0;0
13;1;246;8671900;19600;46300;22400;29600;11100;400;700;19300;800;1261400;6263900;982600;0;0;0;0;2580;1275;286668;136029;187579;207;153;76;400;0;61994;42617;15224;135193;271588;0;0;0;0;0;0;0;0;0;0
14;1;250;8234700;11400;38300;21700;28800;6700;600;500;18200;1000;1175800;5930200;991100;0;0;0;0;2580;1273;287244;135894;187949;203;150;75;394;0;62354;42827;15286;135072;271876;0;0;0;0;0;0;0;0;0;0
15;1;253;8211700;12200;39300;21900;29700;10500;500;400;17500;1000;1103800;6036800;926600;0;0;0;0;2580;1276;286380;136345;187394;202;161;71;385;0;62327;42896;15301;135526;270628;0;0;0;0;0;0;0;0;0;0
16;1;256;8381800;23100;37400;21300;30400;8200;400;500;18100;1300;1186400;6039300;1004700;0;0;0;0;2580;1273;288588;136763;188697;233;229;197;565;0;76701;49144;17268;135539;272836;0;0;0;0;0;0;0;0;0;0
17;1;260;9367800;17900;43200;22700;29600;10200;400;1200;18000;1100;1315100;6880100;1012600;0;0;0;0;2580;1273;288588;136794;188697;255;228;199;541;0;74522;47869;16966;135571;272260;0;0;0;0;0;0;0;0;0;0
18;1;263;8757500;13000;39000;21500;28800;8300;400;500;18300;1300;1479700;6110300;1024900;0;0;0;0;2580;1273;287244;135624;187949;207;152;56;368;0;60791;42234;15061;134841;269956;0;0;0;0;0;0;0;0;0;0
19;1;266;9133800;15400;40700;22000;129800;11600;700;600;19600;1200;1617500;6250400;1008600;0;0;0;0;2580;1276;287052;136168;187768;188;144;57;356;0;60248;42220;14878;135423;271972;0;0;0;0;0;0;0;0;0;0
20;1;270;8914400;12500;36900;22000;28900;7100;400;800;16900;900;1173100;5868900;1734600;0;0;0;0;2580;1276;286380;135993;187394;203;143;58;346;0;59937;42230;14647;135243;270340;0;0;0;0;0;0;0;0;0;0
21;1;273;9379100;25900;69700;29300;50000;14200;1100;600;29800;3200;2011000;6104900;1022400;0;0;0;0;2580;1273;286572;135796;187575;208;173;172;610;0;82194;53695;18390;134633;269956;0;0;0;0;0;0;0;0;0;0
22;1;276;9051700;11900;37600;21300;28600;8100;500;400;17700;1000;1135300;6431400;1344400;0;0;0;0;2580;1271;289836;137246;189441;223;205;195;499;0;71813;47137;15887;136124;273508;0;0;0;0;0;0;0;0;0;0
23;1;280;9022500;13800;43900;21800;29700;7200;400;400;53700;1200;1382300;6518800;936900;0;0;0;0;2580;1276;286380;135727;187394;211;175;162;584;0;82279;54056;17669;134595;269380;0;0;0;0;0;0;0;0;0;0
24;1;283;9605700;12000;43200;22100;29000;7700;600;600;17300;1300;1259900;6113400;2082900;0;0;0;0;2580;1276;286380;135986;187394;182;137;61;298;0;57166;40899;13222;135308;270340;0;0;0;0;0;0;0;0;0;0
25;1;286;8407200;12500;39500;21500;29400;7300;600;600;17100;1300;1279400;5862700;1123000;0;0;0;0;2580;1275;286668;136012;187579;181;138;60;289;0;56336;40297;12738;135344;271588;0;0;0;0;0;0;0;0;0;0
26;1;290;8866000;21900;54700;23800;30300;10300;1100;500;18300;1000;1340700;5996300;1335900;0;0;0;0;2580;1278;285132;135120;186650;179;140;58;273;0;54459;39050;12187;134470;270052;0;0;0;0;0;0;0;0;0;0
27;1;293;8204400;10500;40400;21600;29300;8500;400;600;17300;1000;1166800;5903600;994500;0;0;0;0;2580;1274;286956;136190;187764;213;200;184;475;0;69224;45710;14135;135118;272164;0;0;0;0;0;0;0;0;0;0
28;1;296;8465600;10400;44400;22600;30900;10700;500;800;17800;900;1125500;6079300;1091700;0;0;0;0;2580;1271;289164;137171;189067;211;192;172;482;0;67630;44566;13836;136114;273508;0;0;0;0;0;0;0;0;0;0
29;1;300;7983000;9500;38900;21200;29400;8800;400;700;18100;700;1164100;5726100;954800;0;0;0;0;2580;1279;284844;135263;186465;169;129;59;228;0;45813;33190;10221;134678;268804;0;0;0;0;0;0;0;0;0;0
30;1;303;8715500;13500;37800;21300;28900;7200;400;500;16900;1100;1247100;6292000;1032800;0;0;0;0;2580;1279;283500;134451;185717;192;134;61;210;0;41828;30268;9463;133854;268708;0;0;0;0;0;0;0;0;0;0
31;1;306;8252600;12300;37800;21800;27700;6300;300;500;15400;1300;1100200;5783100;1233300;0;0;0;0;2580;1274;288300;136951;188512;181;133;55;182;0;37002;26619;8654;136400;272548;0;0;0;0;0;0;0;0;0;0
32;1;310;8797200;15900;45000;22300;28700;7800;400;400;18100;900;1275300;6443300;926200;0;0;0;0;2580;1277;286092;135245;187209;206;168;158;448;0;59754;38100;13010;134265;269092;0;0;0;0;0;0;0;0;0;0
33;1;313;8288400;10400;37200;22100;28700;6000;500;400;17000;1000;1458000;5756600;939400;0;0;0;0;2580;1275;286668;136134;187579;229;187;170;347;0;43633;26738;9644;135201;271876;0;0;0;0;0;0;0;0;0;0
34;1;316;8754600;12900;40000;21200;29300;10200;400;600;17400;1000;1200100;6478200;930300;0;0;0;0;2580;1276;287052;136444;187768;175;130;54;91;0;21130;15415;6110;135994;272260;0;0;0;0;0;0;0;0;0;0
35;1;320;7962000;11800;38700;22200;28600;6600;600;400;16700;800;1044200;5784800;994700;0;0;0;0;2580;1275;286668;135961;187579;161;128;50;64;0;17471;12646;5315;135558;270628;0;0;0;0;0;0;0;0;0;0
36;1;323;9338600;18200;42500;19700;27600;8000;500;400;15800;1000;1161100;6807400;1220700;0;0;0;0;2580;1273;287916;136270;188323;174;130;52;41;0;15066;10995;4709;135873;270628;0;0;0;0;0;0;0;0;0;0
37;1;326;7983200;14900;40100;22100;28800;6200;500;500;17800;900;1103700;5703500;1033000;0;0;0;0;2580;1277;286092;134795;187209;184;138;50;32;0;14472;10587;4569;134391;269092;0;0;0;0;0;0;0;0;0;0
38;1;330;8308900;13200;39600;15600;26600;7300;500;500;17000;900;1241400;6034700;898600;0;0;0;0;2580;1275;286668;135942;187579;207;182;149;293;0;35056;20929;8010;135111;271300;0;0;0;0;0;0;0;0;0;0
39;1;333;8419200;12900;38700;21500;29300;7100;400;500;157800;900;1199200;5926700;1012600;0;0;0;0;2580;1272;288204;136677;188508;201;161;126;319;0;44292;28121;10161;135870;271876;0;0;0;0;0;0;0;0;0;0
40;1;336;8510800;14500;38200;21400;27100;6900;400;500;16100;800;1070100;6248100;1052400;0;0;0;0;2580;1278;285132;134697;186650;183;132;50;32;0;14444;10580;4563;134300;269380;0;0;0;0;0;0;0;0;0;0
41;1;340;8034200;12700;39400;21700;28900;7500;500;500;16900;900;1127400;5837000;929400;0;0;0;0;2580;1275;286668;136121;187579;171;132;50;32;0;14396;10568;4563;135736;271876;0;0;0;0;0;0;0;0;0;0
42;1;343;8324900;12800;38000;21900;28500;6900;400;400;17000;900;1190700;6074800;919000;0;0;0;0;2580;1277;285420;135677;186835;183;136;50;32;0;14460;10584;4567;135276;270340;0;0;0;0;0;0;0;0;0;0
43;1;346;8342000;14000;42500;21500;28300;6900;500;400;19300;1000;1149000;6115200;933100;0;0;0;0;2580;1278;285804;135496;187024;204;162;122;357;0;49871;31951;11668;134651;269764;0;0;0;0;0;0;0;0;0;0
44;1;350;9470100;15900;39000;22100;28300;6900;400;400;18300;1100;1145900;7032100;1147400;0;0;0;0;2580;1273;287916;136550;188323;213;176;149;310;0;40461;24776;9172;135702;272548;0;0;0;0;0;0;0;0;0;0
45;1;353;8086800;14000;37800;21400;28600;6700;400;500;16800;900;1174000;5699400;1076900;0;0;0;0;2580;1277;285420;135435;186835;173;134;50;32;0;14412;10572;4565;135046;270628;0;0;0;0;0;0;0;0;0;0
46;1;356;9673400;20600;89200;28700;48500;10800;1100;900;28300;1300;2481300;5886700;1061400;0;0;0;0;2580;1276;286380;135581;187394;190;140;50;32;0;14504;10595;4571;135169;270340;0;0;0;0;0;0;0;0;0;0
47;1;360;8240500;13200;40100;22000;29500;7200;400;500;15900;900;1127900;5751100;1219000;0;0;0;0;2580;1278;285132;135433;186650;170;136;50;32;0;14408;10571;4567;135045;270340;0;0;0;0;0;0;0;0;0;0
48;1;363;8039200;13900;44000;21700;29400;9000;400;600;17900;1200;1224400;5732500;930800;0;0;0;0;2580;1275;286668;136010;187579;177;131;50;32;0;14416;10573;4562;135620;271588;0;0;0;0;0;0;0;0;0;0
49;1;366;8089400;11100;37600;21600;29000;8300;500;500;17500;900;1099600;5907800;941100;0;0;0;0;2580;1277;285420;135551;186835;183;163;146;322;0;42480;26426;9783;134737;270628;0;0;0;0;0;0;0;0;0;0
50;1;370;9552800;51500;42300;21500;28200;23800;3800;1100;28800;1200;2088500;6244200;1001100;0;0;0;0;2580;1279;284844;135054;186465;187;136;50;32;0;14476;10588;4567;134649;271012;0;0;0;0;0;0;0;0;0;0
51;1;373;8363600;12400;37200;21400;28400;6700;500;400;16700;900;1069200;5683600;1475500;0;0;0;0;2580;1274;286956;135708;187764;166;132;50;32;0;14376;10563;4563;135328;271204;0;0;0;0;0;0;0;0;0;0
52;1;376;8279700;12900;40200;19300;29800;8000;400;500;18500;1100;1236200;5946300;952600;0;0;0;0;2580;1276;285036;134798;186646;181;133;50;32;0;14440;10579;4564;134402;269092;0;0;0;0;0;0;0;0;0;0
53;1;380;8765600;10700;37400;21400;28900;12500;500;600;18300;1100;1281400;5859500;1475500;0;0;0;0;2580;1276;285708;135740;187020;176;131;50;32;0;14412;10572;4562;135351;270340;0;0;0;0;0;0;0;0;0;0
54;1;383;9264000;15100;64800;28100;48300;9600;1100;800;29000;1700;1541000;6424100;1079400;0;0;0;0;2580;1276;285708;135124;187020;193;149;103;387;0;62888;42240;15216;134292;268132;0;0;0;0;0;0;0;0;0;0
55;1;386;8377900;13500;56500;21700;29500;6900;400;500;17900;1100;1171300;5810700;1233500;0;0;0;0;2580;1275;286668;135576;187579;203;152;72;236;0;43502;29904;10780;134913;271300;0;0;0;0;0;0;0;0;0;0
56;1;390;8061800;11000;40900;21500;29200;7600;600;500;17600;1100;1254900;5670800;991100;0;0;0;0;2580;1278;285132;135356;186650;173;135;50;32;0;14416;10573;4566;134966;270340;0;0;0;0;0;0;0;0;0;0
57;1;393;8991700;11900;39500;19200;26900;6700;500;400;15600;1600;1305600;6242600;1308600;0;0;0;0;2580;1276;286380;135898;187394;181;138;50;32;0;14460;10584;4569;135497;272260;0;0;0;0;0;0;0;0;0;0
58;1;396;8479300;11200;38400;21400;26500;6600;500;500;17300;1300;1291800;5926800;1125700;0;0;0;0;2580;1277;280396;134256;184129;176;134;50;32;0;14424;10575;4565;133864;268708;0;0;0;0;0;0;0;0;0;0
59;1;400;8592900;14900;39600;21700;29500;8100;500;500;18200;1100;1189200;5994700;1261200;0;0;0;0;2580;1277;286092;135145;187209;186;126;50;32;0;14432;10577;4557;134751;271012;0;0;0;0;0;0;0;0;0;0
60;0;403;8840300;14300;52300;164700;27300;9000;400;500;17600;1100;1298800;6247500;992000;0;0;0;0;2580;1278;284460;135161;186276;173;139;113;374;0;61128;41083;14446;134362;270052;0;0;0;0;0;0;0;0;0;0
61;0;406;8475600;13800;39700;21300;28500;7000;400;400;16800;800;1204500;5807400;1321900;0;0;0;0;2580;1278;283788;134479;185902;152;122;50;32;0;14280;10539;4553;134123;269092;0;0;0;0;0;0;0;0;0;0
62;0;410;7923200;45600;63600;24700;33500;17700;400;400;20100;3800;963600;5730000;999500;0;0;0;0;2580;1276;286380;135864;187394;141;122;50;32;0;14236;10528;4553;135519;272260;0;0;0;0;0;0;0;0;0;0
63;0;413;9635200;13400;40600;21700;29200;6600;400;400;16800;900;1251200;6177300;2063500;0;0;0;0;2580;1278;284460;134915;186276;159;130;50;32;0;14340;10554;4561;134544;270052;0;0;0;0;0;0;0;0;0;0
64;0;416;7953800;41800;38800;21800;28800;7200;500;500;18000;1300;1035700;5802400;943800;0;0;0;0;2580;1277;281740;135849;184877;165;133;50;32;0;14376;10563;4564;135469;271300;0;0;0;0;0;0;0;0;0;0
65;0;420;9175300;11500;37800;21500;28500;6300;400;500;18500;900;1241500;6354900;1419500;0;0;0;0;2580;1280;280204;134911;183948;158;137;85;409;0;93432;67963;23474;134122;269380;0;0;0;0;0;0;0;0;0;0
66;0;423;7927000;10100;37600;21400;26600;6600;400;500;16000;900;1182000;5612700;1000800;0;0;0;0;2580;1277;282412;135893;185251;152;127;50;32;0;14300;10544;4558;135532;272260;0;0;0;0;0;0;0;0;0;0
67;0;426;8632300;11400;39000;21200;29900;8300;400;600;16100;1100;1305600;5690600;1488200;0;0;0;0;2580;1279;283500;134756;185717;152;125;50;32;0;14292;10542;4556;134397;268708;0;0;0;0;0;0;0;0;0;0
68;0;430;7898500;13600;40500;21600;28600;6100;400;500;16700;1300;1161400;5676600;919900;0;0;0;0;2580;1280;284556;134581;186280;148;127;50;32;0;14284;10540;4558;134224;269764;0;0;0;0;0;0;0;0;0;0
69;0;433;8951400;10900;42200;21100;26800;7300;500;500;16900;1000;1218500;6270000;1305100;0;0;0;0;2580;1276;285036;135078;186646;151;126;50;32;0;14292;10542;4557;134719;270628;0;0;0;0;0;0;0;0;0;0
70;0;436;7710800;11500;39300;21500;28400;5800;400;500;17300;1000;1040100;5600200;933900;0;0;0;0;2580;1278;280108;134640;183944;156;128;50;32;0;14320;10549;4559;134274;268708;0;0;0;0;0;0;0;0;0;0
71;0;440;9433700;10700;43800;21600;26500;6400;400;400;16000;800;1266400;6980600;1048700;0;0;0;0;2580;1277;283084;136095;185625;168;135;54;83;0;27182;20090;6903;135655;271684;0;0;0;0;0;0;0;0;0;0
72;0;443;7943500;10400;37800;21500;27900;7300;300;400;15700;800;1158900;5576600;1076200;0;0;0;0;2580;1278;280108;134614;183944;152;128;50;32;0;14304;10545;4559;134252;269956;0;0;0;0;0;0;0;0;0;0
73;0;446;8570600;14400;52000;20500;31300;10500;400;400;17900;1300;998300;6492500;918300;0;0;0;0;2580;1278;282796;135758;185440;158;124;50;32;0;14312;10547;4555;135394;271972;0;0;0;0;0;0;0;0;0;0
74;0;450;7818000;10900;36900;22100;29800;6700;400;400;17000;900;1048800;5532300;1101900;0;0;0;0;2580;1281;279244;134359;183389;171;129;50;32;0;14384;10565;4560;133977;269092;0;0;0;0;0;0;0;0;0;0
75;0;453;8617800;23400;48200;22000;30400;9000;500;400;17600;1100;1275900;6241200;932300;0;0;0;0;2580;1277;281740;134985;184877;150;131;50;32;0;14308;10546;4562;134622;270340;0;0;0;0;0;0;0;0;0;0
76;0;456;8803500;10600;37400;22300;28900;6700;500;400;16400;900;1062100;6607900;998700;0;0;0;0;2580;1276;283372;135814;185810;164;137;57;378;0;195374;161599;53668;135078;271012;0;0;0;0;0;0;0;0;0;0
77;0;460;8308600;15300;40100;21500;28900;7900;400;1000;17600;1000;1011600;6119200;1030700;0;0;0;0;2580;1280;279532;134653;183574;159;130;50;32;0;14340;10554;4561;134282;269668;0;0;0;0;0;0;0;0;0;0
78;0;463;8561100;16200;41000;21400;28600;7300;400;500;16900;1200;1057300;5711700;1646100;0;0;0;0;2580;1280;281548;134709;184696;160;130;50;32;0;14344;10555;4561;134337;269764;0;0;0;0;0;0;0;0;0;0
79;0;466;8075300;12800;38400;21400;28900;7200;500;400;18000;1000;1110200;5888400;934000;0;0;0;0;2580;1276;282028;135162;185062;156;135;50;32;0;14348;10556;4566;134789;270916;0;0;0;0;0;0;0;0;0;0
80;0;470;8027300;10800;39800;21500;28600;6200;400;500;16800;1200;1200300;5704600;984400;0;0;0;0;2580;1281;279244;134200;183389;153;127;50;32;0;14304;10545;4558;133838;269092;0;0;0;0;0;0;0;0;0;0
81;0;473;7992500;11300;37100;22200;28900;6400;400;500;16900;900;1007700;5859800;983900;0;0;0;0;2580;1281;279244;134446;183389;169;131;50;32;0;14384;10565;4562;134064;269092;0;0;0;0;0;0;0;0;0;0
82;0;476;7970200;12100;38200;21600;28900;6200;500;400;17400;900;1028000;5902400;901700;0;0;0;0;2580;1276;282700;135854;185436;144;127;50;32;0;14268;10536;4558;135501;271300;0;0;0;0;0;0;0;0;0;0
83;0;480;8940500;11000;36800;21000;26500;5800;400;400;15900;1400;1080400;5821600;1893900;0;0;0;0;2580;1281;279916;134548;183763;154;130;50;32;0;14320;10549;4561;134182;270052;0;0;0;0;0;0;0;0;0;0
84;0;483;7647900;10900;38200;21300;30000;9300;400;500;18100;1100;1035100;5542500;927900;0;0;0;0;2580;1281;279244;134294;183389;160;128;50;32;0;14336;10553;4559;133924;269380;0;0;0;0;0;0;0;0;0;0
85;0;486;8589700;10000;38400;21400;29300;8200;500;600;17000;1100;1016500;5747200;1684100;0;0;0;0;2580;1278;281452;134674;184692;144;123;50;32;0;14252;10532;4554;134325;269380;0;0;0;0;0;0;0;0;0;0
86;0;490;7789900;11700;39300;21500;28200;6100;400;500;18200;900;1135700;5565100;951100;0;0;0;0;2580;1278;280780;135001;184318;158;127;50;32;0;14324;10550;4558;134634;270628;0;0;0;0;0;0;0;0;0;0
87;0;493;8994000;11700;38200;21400;28500;7300;500;500;17000;900;1153200;6156400;1538400;0;0;0;0;2580;1279;280492;134767;184133;163;133;50;32;0;14368;10561;4564;134389;269092;0;0;0;0;0;0;0;0;0;0
88;0;496;8274800;13500;42100;22100;28400;8300;500;500;18900;1100;1130500;5887800;1108100;0;0;0;0;2580;1276;282700;136173;185436;162;132;50;32;0;14360;10559;4563;135797;272548;0;0;0;0;0;0;0;0;0;0
89;0;500;9299000;12500;42700;21400;28400;6900;400;600;17300;1200;1094600;6967700;1092600;0;0;0;0;2580;1282;278956;134376;183204;169;134;50;32;0;14396;10568;4565;133991;269092;0;0;0;0;0;0;0;0;0;0
90;0;503;8296100;13900;37600;21400;29100;6100;500;400;17900;1200;1243000;5659800;1250100;0;0;0;0;2580;1280;280876;134828;184322;182;136;50;32;0;14456;10583;4567;134428;270052;0;0;0;0;0;0;0;0;0;0
91;0;506;8713400;33200;38400;21400;28700;6100;500;500;18000;1400;1141500;6428200;982900;0;0;0;0;2580;1278;280780;134679;184318;176;139;50;32;0;14444;10580;4570;134282;269668;0;0;0;0;0;0;0;0;0;0
92;0;510;7779100;12300;40800;22100;29300;6900;600;400;18400;900;990800;5601200;1042700;0;0;0;0;2580;1282;278284;133684;182830;161;132;50;32;0;14356;10558;4563;133309;267844;0;0;0;0;0;0;0;0;0;0
93;0;513;9271900;12500;40800;21600;29200;6800;400;400;17000;1100;1157900;6901700;1069200;0;0;0;0;2580;1277;282412;135932;185251;155;129;50;32;0;14320;10549;4560;135566;272260;0;0;0;0;0;0;0;0;0;0
94;0;516;7914200;16300;38500;21500;28500;6400;400;500;17200;1000;1081300;5699900;989100;0;0;0;0;2580;1280;279532;135287;183574;156;127;50;32;0;14316;10548;4558;134922;270340;0;0;0;0;0;0;0;0;0;0
95;0;520;9099700;11900;39500;21200;29200;10500;500;1100;17600;1000;1142300;6771700;1040500;0;0;0;0;2580;1278;282124;135713;185066;176;132;50;32;0;14416;10573;4563;135323;271300;0;0;0;0;0;0;0;0;0;0
96;0;523;8395100;12500;38700;22000;29400;6700;400;400;17500;1000;1105400;5911600;1237700;0;0;0;0;2580;1281;279916;135011;183763;171;132;50;32;0;14396;10568;4563;134626;269092;0;0;0;0;0;0;0;0;0;0
97;0;526;8656400;15500;61800;26800;46900;7600;1100;600;27200;1700;1788600;5661100;1002100;0;0;0;0;2580;1278;280780;135202;184318;155;129;50;32;0;14320;10549;4560;134836;269668;0;0;0;0;0;0;0;0;0;0
98;0;530;7942300;12000;37700;21400;29500;6300;600;400;17200;1200;1058200;5766800;976500;0;0;0;0;2580;1277;282412;134765;185251;156;125;50;32;0;14308;10546;4556;134402;270052;0;0;0;0;0;0;0;0;0;0
99;0;533;8214200;9600;39700;21500;29400;7300;500;500;16900;1200;1240100;5876700;957600;0;0;0;0;2580;1283;277996;133722;182645;150;126;50;32;0;14288;10541;4557;133364;267844;0;0;0;0;0;0;0;0;0;0
100;0;536;7929600;12700;38500;22200;29200;6800;400;500;17200;900;1089400;5578000;1121600;0;0;0;0;2580;1276;281356;134689;184688;172;135;50;32;0;14412;10572;4566;134300;270916;0;0;0;0;0;0;0;0;0;0
101;0;540;11409300;26000;40000;21600;29300;6000;500;500;17700;800;1085200;9222400;945300;0;0;0;0;2580;1281;279916;134809;183763;151;129;50;32;0;14304;10545;4560;134447;269764;0;0;0;0;0;0;0;0;0;0
102;0;543;8042400;10800;37400;21300;29300;6000;400;600;17600;900;1060300;5617500;1225100;0;0;0;0;2580;1281;279244;134789;183389;162;121;50;32;0;14316;10548;4552;134424;269092;0;0;0;0;0;0;0;0;0;0
103;0;546;7746600;12600;39500;21600;29400;9400;400;700;18900;1100;969800;5663000;965600;0;0;0;0;2580;1280;278860;134670;183200;144;128;50;32;0;14272;10537;4559;134316;269668;0;0;0;0;0;0;0;0;0;0
104;0;550;7786500;11100;39900;21200;29300;7700;400;800;18500;1000;1101800;5532600;1012400;0;0;0;0;2580;1281;279916;134509;183763;151;126;50;32;0;14292;10542;4557;134150;269764;0;0;0;0;0;0;0;0;0;0
105;0;553;8480900;19600;64900;27800;47700;11300;1100;700;29600;1700;1484500;5890200;886100;0;0;0;0;2580;1278;280780;135401;184318;165;126;50;32;0;14348;10556;4557;135028;271300;0;0;0;0;0;0;0;0;0;0
106;0;556;8023100;13700;38700;21400;28500;6800;400;500;16900;1000;1021700;5887200;975500;0;0;0;0;2580;1281;278572;134329;183015;161;131;50;32;0;14352;10557;4562;133955;269092;0;0;0;0;0;0;0;0;0;0
107;0;560;8537200;25900;105600;25900;62300;7500;800;500;16400;900;1149200;6063100;1065400;0;0;0;0;2580;1281;279916;135240;183763;168;131;50;32;0;14380;10564;4562;134859;270052;0;0;0;0;0;0;0;0;0;0
108;0;563;8239400;12800;39600;21200;29400;14600;400;500;18800;1000;987000;5903200;1200100;0;0;0;0;2580;1282;278284;134419;182830;171;125;50;32;0;14368;10561;4556;134041;269380;0;0;0;0;0;0;0;0;0;0
109;0;566;9468700;22000;62200;22700;27600;9900;400;900;17700;1000;2191400;6079200;1019800;0;0;0;0;2580;1283;277324;133942;182271;172;124;50;32;0;14368;10561;4555;133564;268420;0;0;0;0;0;0;0;0;0;0
110;0;570;8815300;14700;36800;21900;28300;5900;400;1000;16800;900;1023800;5870200;1783200;0;0;0;0;2580;1277;282412;136201;185251;170;124;50;32;0;14360;10559;4555;135825;271300;0;0;0;0;0;0;0;0;0;0
111;0;573;8269900;13500;39100;21500;26400;7000;400;500;16400;1000;1122100;5909800;1100300;0;0;0;0;2580;1283;277324;134076;182271;181;128;50;32;0;14420;10574;4559;133685;268132;0;0;0;0;0;0;0;0;0;0
112;0;576;8417700;11200;40200;21300;177400;9100;500;500;17200;1100;1245400;5766600;1113500;0;0;0;0;2580;1280;279532;134789;183574;169;131;50;32;0;14384;10565;4562;134407;270628;0;0;0;0;0;0;0;0;0;0
113;0;580;8399800;11700;57300;22100;30300;8700;400;600;18700;1100;1191600;6055500;988500;0;0;0;0;2580;1280;280204;134927;183948;164;122;50;32;0;14328;10551;4553;134559;270052;0;0;0;0;0;0;0;0;0;0
114;0;583;8399500;11800;38600;21400;28900;5800;400;500;18500;900;1117900;5838200;1304800;0;0;0;0;2580;1282;278956;134190;183204;165;124;50;32;0;14340;10554;4555;133819;268132;0;0;0;0;0;0;0;0;0;0
115;0;586;8018400;15000;37800;23100;28700;7500;500;600;17400;1600;1091400;5791900;991100;0;0;0;0;2580;1282;278956;134778;183204;180;128;50;32;0;14416;10573;4559;134388;269764;0;0;0;0;0;0;0;0;0;0
116;0;590;8352400;10300;37400;21300;28900;9100;400;700;16900;900;1158000;5517200;1539500;0;0;0;0;2580;1280;278860;134469;183200;172;127;50;32;0;14380;10564;4558;134088;269092;0;0;0;0;0;0;0;0;0;0
117;0;593;8153500;13800;38400;21700;29000;7600;500;600;17300;1000;1455300;5648500;906500;0;0;0;0;2580;1279;278156;136255;182923;205;138;50;32;0;14556;10608;4569;135830;271972;0;0;0;0;0;0;0;0;0;0
118;0;596;8637200;11800;37300;21500;29200;6000;500;400;16800;1000;1111900;5736200;1649100;0;0;0;0;2580;1282;277612;133945;182456;174;130;50;32;0;14400;10569;4561;133559;268132;0;0;0;0;0;0;0;0;0;0
119;0;600;8345700;16200;65800;28000;47900;10400;1100;700;30900;2200;1116400;5997100;1015600;0;0;0;0;2580;1279;280492;135043;184133;169;128;50;32;0;14372;10562;4559;134664;270340;0;0;0;0;0;0;0;0;0;0
120;0;603;8808400;13300;42300;21700;26700;7000;400;500;16400;1000;1131700;5829500;1696600;0;0;0;0;2580;1282;278956;134114;183204;179;126;50;32;0;14404;10570;4557;133727;268804;0;0;0;0;0;0;0;0;0;0
121;0;606;8313700;17800;39600;21600;29300;8700;500;400;18400;1100;1119800;5853500;1187300;0;0;0;0;2580;1281;278572;133790;183015;166;129;50;32;0;14364;10560;4560;133413;268420;0;0;0;0;0;0;0;0;0;0
122;0;610;9159700;13600;38500;21900;29600;6100;400;500;15400;800;1160800;6277200;1576400;0;0;0;0;2580;1281;279916;134772;183763;177;133;50;32;0;14424;10575;4564;134380;270052;0;0;0;0;0;0;0;0;0;0
123;0;613;8495200;18800;42300;20300;27500;8500;400;500;16800;1000;1171800;6167200;1006500;0;0;0;0;2580;1280;278860;134399;183200;198;143;50;32;0;14548;10606;4574;133976;269092;0;0;0;0;0;0;0;0;0;0
124;0;616;9010200;11100;43700;21400;29600;7900;500;500;17000;900;1144100;6526900;1193300;0;0;0;0;2580;1279;277484;135115;182549;192;142;50;32;0;14520;10599;4573;134699;269764;0;0;0;0;0;0;0;0;0;0
125;0;620;7832600;13000;42400;23900;34100;7100;500;500;20200;1200;1127600;5547700;998400;0;0;0;0;2580;1285;276748;133822;181901;174;133;50;32;0;14412;10572;4564;133433;267844;0;0;0;0;0;0;0;0;0;0
126;0;623;8242500;12400;37400;21600;29300;6200;500;400;17800;900;1299600;5856400;945400;0;0;0;0;2580;1279;281164;135706;184507;172;127;50;32;0;14380;10564;4558;135325;272260;0;0;0;0;0;0;0;0;0;0
127;0;626;7966600;14200;38400;21300;29300;7100;400;500;17000;900;1093000;5766100;968500;0;0;0;0;2580;1281;279244;134215;183389;182;127;50;32;0;14420;10574;4558;133824;268804;0;0;0;0;0;0;0;0;0;0
128;0;630;8672500;11600;38100;22200;26200;6800;400;400;16700;900;1289700;5811000;1415600;0;0;0;0;2580;1283;274988;134687;181061;191;128;50;32;0;14460;10584;4559;134286;268132;0;0;0;0;0;0;0;0;0;0
129;0;633;8179100;14700;41900;21400;29200;7300;500;400;17000;900;1129200;5770600;1133900;0;0;0;0;2580;1281;279244;134692;183389;196;138;50;32;0;14520;10599;4569;134276;270052;0;0;0;0;0;0;0;0;0;0
130;0;636;8289200;28500;69200;41800;31400;12300;700;900;18400;1000;1268800;5587300;1198400;0;0;0;0;2580;1283;277324;134073;182271;180;134;50;32;0;14440;10579;4565;133677;268132;0;0;0;0;0;0;0;0;0;0
131;0;640;8591500;12800;40900;21300;28800;9000;400;400;17400;1000;1317500;5796900;1331200;0;0;0;0;2580;1283;274316;134128;180687;204;137;50;32;0;14548;10606;4568;133705;269092;0;0;0;0;0;0;0;0;0;0
132;0;643;8231800;13500;39500;21600;28700;7500;400;500;16800;1000;1166600;5876600;1046000;0;0;0;0;2580;1283;274988;134788;181061;187;139;50;32;0;14488;10591;4570;134380;269764;0;0;0;0;0;0;0;0;0;0
133;0;646;7912900;12100;39700;21400;29100;6800;400;400;17700;900;1134500;5589000;1049600;0;0;0;0;2580;1281;279244;134637;183389;172;133;50;32;0;14404;10570;4564;134250;270340;0;0;0;0;0;0;0;0;0;0
134;0;650;8528500;9700;38400;21800;28900;8600;400;400;16800;1200;1137900;5588800;1661100;0;0;0;0;2580;1283;277324;134076;182271;196;146;50;32;0;14552;10607;4577;133652;267844;0;0;0;0;0;0;0;0;0;0
135;0;653;7614700;12900;41100;19200;28900;9100;400;500;16600;1200;790000;5642900;1038300;0;0;0;0;2580;1280;276524;135247;181990;178;141;50;32;0;14460;10584;4572;134846;271300;0;0;0;0;0;0;0;0;0;0
136;0;656;8296800;9700;39500;21900;30700;8200;400;900;19100;1100;1044300;5569500;1540600;0;0;0;0;2580;1280;279532;134887;183574;178;144;50;32;0;14472;10587;4575;134483;269092;0;0;0;0;0;0;0;0;0;0
137;0;660;8089100;14500;39700;21500;29400;7400;400;400;17400;900;1324700;5606000;1013700;0;0;0;0;2580;1283;278668;134524;183019;169;136;50;32;0;14404;10570;4567;134137;268804;0;0;0;0;0;0;0;0;0;0
138;0;663;8041000;11900;38800;21600;31200;7400;400;500;17000;1000;1068300;5664000;1165300;0;0;0;0;2580;1283;274988;134319;181061;161;134;50;32;0;14364;10560;4565;133942;268804;0;0;0;0;0;0;0;0;0;0
139;0;666;8222100;30700;63700;26400;39500;18800;500;1100;25300;4100;961300;5706500;1318800;0;0;0;0;2580;1284;274028;134368;180502;162;133;50;32;0;14364;10560;4564;133991;269092;0;0;0;0;0;0;0;0;0;0
140;0;670;9056000;20900;45100;21600;29300;9900;500;500;18600;1100;986800;6190500;1713600;0;0;0;0;2580;1283;277996;134192;182645;166;132;50;32;0;14376;10563;4563;133812;268132;0;0;0;0;0;0;0;0;0;0
141;0;673;8040200;35300;90400;22200;29900;7200;400;500;17600;1300;978300;5814900;1028900;0;0;0;0;2580;1278;280108;134278;183944;162;133;50;32;0;14364;10560;4564;133901;269092;0;0;0;0;0;0;0;0;0;0
142;0;676;8144700;14400;42100;22300;34100;7300;400;1000;17500;1100;931100;5713100;1346600;0;0;0;0;2580;1280;277196;134765;182364;172;132;50;32;0;14400;10569;4563;134379;270052;0;0;0;0;0;0;0;0;0;0
143;0;680;8282800;31600;69000;26000;37200;15100;300;400;21200;1700;996500;5765000;1294400;0;0;0;0;2580;1285;273740;134282;180317;168;131;50;32;0;14380;10564;4562;133901;268804;0;0;0;0;0;0;0;0;0;0
144;0;683;9823900;18700;45100;23000;29900;7500;400;400;18100;900;1349300;5751900;2561600;0;0;0;0;2580;1281;279244;134526;183389;199;147;50;32;0;14568;10611;4578;134098;269380;0;0;0;0;0;0;0;0;0;0
145;0;686;7994100;15200;45200;22500;29900;8700;400;400;18600;1400;1241700;5575900;1020300;0;0;0;0;2580;1284;274028;134272;180502;173;136;50;32;0;14420;10574;4567;133881;268804;0;0;0;0;0;0;0;0;0;0
146;0;690;8922600;16000;42500;21400;29500;9300;400;500;17900;1100;1061700;5854400;1854100;0;0;0;0;2580;1284;274028;134051;180502;183;135;50;32;0;14456;10583;4566;133651;268804;0;0;0;0;0;0;0;0;0;0
147;0;693;7996400;12900;39400;21400;28900;6400;400;500;17300;900;1213300;5579500;1061100;0;0;0;0;2580;1281;277900;133993;182641;158;127;50;32;0;14324;10550;4558;133626;268132;0;0;0;0;0;0;0;0;0;0
148;0;696;8999100;12200;45000;22500;28600;6300;400;1000;17100;1000;1280300;6303400;1265600;0;0;0;0;2580;1281;276236;135039;181805;163;130;50;32;0;14356;10558;4561;134664;269764;0;0;0;0;0;0;0;0;0;0
149;0;700;8156000;14700;40300;22300;30300;8100;400;400;18800;1300;1199400;5690300;1114900;0;0;0;0;2580;1281;275564;134710;181431;166;130;50;32;0;14368;10561;4561;134332;269380;0;0;0;0;0;0;0;0;0;0
150;0;703;8716500;14800;41500;21500;29000;8800;400;500;17100;1000;1094200;6353600;1119800;0;0;0;0;2580;1285;273740;133975;180317;153;126;50;32;0;14300;10544;4557;133614;268804;0;0;0;0;0;0;0;0;0;0
151;0;706;7920300;21000;43500;21900;28600;7700;400;500;18600;900;1166400;5597500;999200;0;0;0;0;2580;1283;274988;134556;181061;171;136;50;32;0;14412;10572;4567;134167;268804;0;0;0;0;0;0;0;0;0;0
152;0;710;8050600;11900;38700;21300;29000;9900;500;1100;17300;1000;1052800;5834200;1019900;0;0;0;0;2580;1282;273932;133974;180498;159;134;50;32;0;14356;10558;4565;133599;268132;0;0;0;0;0;0;0;0;0;0
153;0;713;8337100;15900;38900;21500;28900;6900;500;500;17000;900;1054300;5947100;1191400;0;0;0;0;2580;1283;274988;134744;181061;162;129;50;32;0;14348;10556;4560;134371;268804;0;0;0;0;0;0;0;0;0;0
154;0;716;8568400;15300;62100;27700;46500;6700;1000;700;28500;1300;1030400;6001900;1327200;0;0;0;0;2580;1281;275564;134764;181431;158;124;50;32;0;14312;10547;4555;134400;269092;0;0;0;0;0;0;0;0;0;0
155;0;720;8432000;20700;43500;22200;29200;31000;400;500;17300;900;1434500;5531100;1285800;0;0;0;0;2580;1281;276236;134874;181805;148;124;50;32;0;14272;10537;4555;134520;270052;0;0;0;0;0;0;0;0;0;0
156;0;723;7987300;14300;37200;21300;29100;6300;400;500;18200;800;1134500;5748900;963500;0;0;0;0;2580;1284;274028;134259;180502;138;121;50;32;0;14220;10524;4552;133918;269092;0;0;0;0;0;0;0;0;0;0
157;0;726;8087600;11400;37300;21700;28400;6800;400;500;17100;900;1069800;5810700;1069900;0;0;0;0;2580;1282;275948;134750;181620;148;127;50;32;0;14284;10540;4558;134393;269092;0;0;0;0;0;0;0;0;0;0
158;0;730;8456500;10800;37200;21700;29200;9200;500;500;17000;1000;1071000;6230100;1009900;0;0;0;0;2580;1281;275564;134685;181431;160;130;50;32;0;14344;10555;4561;134313;268804;0;0;0;0;0;0;0;0;0;0
159;0;733;8064700;11000;39100;21500;28600;6500;400;400;17500;900;1088500;5852100;984000;0;0;0;0;2580;1283;274316;133988;180687;162;134;50;32;0;14368;10561;4565;133610;268132;0;0;0;0;0;0;0;0;0;0
160;0;736;8324300;11700;39200;21300;28600;6400;400;400;17100;1000;1114600;5750700;1296200;0;0;0;0;2580;1283;274988;134084;181061;162;130;50;32;0;14352;10557;4561;133710;268804;0;0;0;0;0;0;0;0;0;0
161;0;740;8223900;13600;37800;21500;29300;6200;500;500;17000;800;1407900;5630300;1045700;0;0;0;0;2580;1283;274316;134236;180687;155;131;50;32;0;14328;10551;4562;133868;269092;0;0;0;0;0;0;0;0;0;0
162;0;743;8805600;13300;46400;21700;29500;7500;400;500;17100;1000;1192900;6535000;928400;0;0;0;0;2580;1284;274028;134308;180502;161;129;50;32;0;14344;10555;4560;133936;269092;0;0;0;0;0;0;0;0;0;0
163;0;746;8184500;12900;38200;21700;28600;7600;500;500;18400;800;1107500;5986900;949000;0;0;0;0;2580;1284;274028;133636;180502;147;126;50;32;0;14276;10538;4557;133281;268132;0;0;0;0;0;0;0;0;0;0
164;0;750;8364000;11000;42000;21200;28700;7100;400;500;17100;1000;1052000;6119300;1003300;0;0;0;0;2580;1283;274988;134680;181061;144;123;50;32;0;14252;10532;4554;134331;269764;0;0;0;0;0;0;0;0;0;0
165;0;753;7848000;11600;37600;21600;29700;6300;400;500;17700;1000;1056000;5528000;1125400;0;0;0;0;2580;1281;275564;134184;181431;146;129;50;32;0;14284;10540;4560;133827;268804;0;0;0;0;0;0;0;0;0;0
166;0;756;8346400;11900;39300;21300;29100;8400;400;600;17200;1000;1085400;5665400;1443900;0;0;0;0;2580;1283;274316;134389;180687;161;129;50;32;0;14344;10555;4560;134017;269092;0;0;0;0;0;0;0;0;0;0
167;0;760;8194700;12600;36900;21500;28700;6500;400;400;17500;900;1354800;5743500;958200;0;0;0;0;2580;1282;275276;134655;181246;174;136;50;32;0;14424;10575;4567;134263;269764;0;0;0;0;0;0;0;0;0;0
168;0;763;8810400;9600;37100;21900;29900;7500;400;600;16800;1100;1126400;5863500;1681900;0;0;0;0;2580;1284;274028;134111;180502;171;133;50;32;0;14400;10569;4564;133725;268132;0;0;0;0;0;0;0;0;0;0
169;0;766;7965400;12100;39600;21400;28500;7500;400;500;17200;1000;974500;5843200;1008400;0;0;0;0;2580;1284;274028;133766;180502;160;129;50;32;0;14340;10554;4560;133395;267844;0;0;0;0;0;0;0;0;0;0
170;0;770;8705700;10800;37100;21400;29100;6500;500;400;17000;1000;1117700;5629500;1821800;0;0;0;0;2580;1282;274604;134300;180872;145;128;50;32;0;14276;10538;4559;133945;269092;0;0;0;0;0;0;0;0;0;0
171;0;773;8117900;13600;42800;21500;28800;7200;400;400;16800;800;1093500;5844000;1035700;0;0;0;0;2580;1285;273068;133709;179943;158;130;50;32;0;14336;10553;4561;133339;267844;0;0;0;0;0;0;0;0;0;0
172;0;776;8425900;14200;37200;21500;28800;7200;500;400;17000;1000;1229700;5847100;1194000;0;0;0;0;2580;1283;274988;134457;181061;166;136;50;32;0;14392;10567;4567;134073;269764;0;0;0;0;0;0;0;0;0;0
173;0;780;7754100;13100;38600;22300;28900;8400;400;500;17600;1800;965100;5607900;1037100;0;0;0;0;2580;1282;275276;134762;181246;163;135;50;32;0;14376;10563;4566;134382;269092;0;0;0;0;0;0;0;0;0;0
174;0;783;9080900;11800;37900;21600;29000;6700;500;400;18200;5300;1035700;6241900;1658100;0;0;0;0;2580;1284;274700;134148;180876;154;129;50;32;0;14316;10548;4560;133783;268804;0;0;0;0;0;0;0;0;0;0
175;0;786;7680900;12400;37600;21400;28700;5900;400;400;17100;1000;1055300;5515900;973700;0;0;0;0;2580;1283;274316;134445;180687;151;131;50;32;0;14312;10547;4562;134081;269380;0;0;0;0;0;0;0;0;0;0
176;0;790;8749200;9400;41400;21300;27200;6700;400;400;16000;800;1227500;6165100;1211600;0;0;0;0;2580;1283;274988;134146;181061;163;131;50;32;0;14360;10559;4562;133770;268804;0;0;0;0;0;0;0;0;0;0
177;0;793;8163700;12200;40700;21400;28600;7000;400;400;17200;1000;1013600;5653300;1356000;0;0;0;0;2580;1282;275276;134104;181246;158;131;50;32;0;14340;10554;4562;133733;269092;0;0;0;0;0;0;0;0;0;0
178;0;796;8731800;13000;40800;21400;28800;8300;500;800;17400;1100;1113700;6331500;1127500;0;0;0;0;2580;1286;272780;133666;179758;157;135;50;32;0;14352;10557;4566;133292;267844;0;0;0;0;0;0;0;0;0;0
179;0;800;7758600;13100;36800;21800;28400;5900;400;500;16900;1000;1141100;5531900;949100;0;0;0;0;2580;1282;275948;134619;181620;155;133;50;32;0;14336;10553;4564;134249;268804;0;0;0;0;0;0;0;0;0;0
180;0;803;8911800;24100;39100;21300;29400;8600;500;1000;16200;1000;1156500;6036900;1552400;0;0;0;0;2580;1282;274604;134446;180872;152;131;50;32;0;14316;10548;4562;134081;269380;0;0;0;0;0;0;0;0;0;0
181;0;806;8045900;12700;38300;21700;28400;5900;600;400;18200;1900;1203500;5622300;1081500;0;0;0;0;2580;1283;275660;134175;181435;166;129;50;32;0;14364;10560;4560;133798;267844;0;0;0;0;0;0;0;0;0;0
182;0;810;8594900;11500;43500;21500;28300;9700;500;500;17100;1100;1186200;6197000;1052100;0;0;0;0;2580;1284;273356;133980;180128;159;132;50;32;0;14348;10556;4563;133607;268132;0;0;0;0;0;0;0;0;0;0
183;0;813;8379300;12000;38300;22300;28600;6600;400;500;17300;900;1128300;5825800;1287800;0;0;0;0;2580;1282;274604;134012;180872;177;136;50;32;0;14436;10578;4567;133617;268804;0;0;0;0;0;0;0;0;0;0
184;0;816;9174600;20400;66600;27700;48200;10500;1000;700;29200;1400;1863000;6044200;1045700;0;0;0;0;2580;1283;274988;134808;181061;165;131;50;32;0;14368;10561;4562;134430;270052;0;0;0;0;0;0;0;0;0;0
185;0;820;7796100;36300;42700;19700;29800;8100;400;400;17600;1100;1010800;5503100;1113400;0;0;0;0;2580;1285;273068;133300;179943;157;131;50;32;0;14336;10553;4562;132930;267844;0;0;0;0;0;0;0;0;0;0
186;0;823;8318500;12700;40900;21800;29400;7300;400;500;17800;1000;1209400;5974600;989900;0;0;0;0;2580;1283;275660;135218;181435;163;135;50;32;0;14376;10563;4566;134838;270724;0;0;0;0;0;0;0;0;0;0
187;0;826;7810600;11400;38200;21700;29500;6100;400;400;17300;900;1178600;5562000;931900;0;0;0;0;2580;1285;273068;133606;179943;165;138;50;32;0;14396;10568;4569;133221;268132;0;0;0;0;0;0;0;0;0;0
188;0;830;8542100;11200;36200;22100;28900;6800;400;400;16800;900;1034600;6390800;979800;0;0;0;0;2580;1283;274988;134222;181061;170;136;50;32;0;14408;10571;4567;133834;267844;0;0;0;0;0;0;0;0;0;0
189;0;833;7825200;11600;37500;22500;28600;5800;400;500;17500;900;1085400;5549600;1052800;0;0;0;0;2580;1283;274316;134046;180687;159;134;50;32;0;14356;10558;4565;133671;269092;0;0;0;0;0;0;0;0;0;0
190;0;836;8532300;10000;39200;21400;29600;7500;400;500;17000;900;1079600;5841700;1467000;0;0;0;0;2580;1286;272780;133640;179758;163;131;50;32;0;14360;10559;4562;133264;267844;0;0;0;0;0;0;0;0;0;0
191;0;840;8148600;13000;36500;22400;28500;5900;500;400;16800;1200;1454500;5533500;1022500;0;0;0;0;2580;1282;274604;134152;180872;164;137;50;32;0;14388;10566;4568;133769;269092;0;0;0;0;0;0;0;0;0;0
192;0;843;8530000;14400;37900;21900;29300;6600;500;500;17700;1000;1083900;5722100;1573700;0;0;0;0;2580;1285;273740;133972;180317;162;136;50;32;0;14376;10563;4567;133592;268804;0;0;0;0;0;0;0;0;0;0
193;0;846;7882800;11100;38300;21400;29000;8700;400;600;18500;1100;1098500;5675900;967300;0;0;0;0;2580;1283;274988;134289;181061;170;133;50;32;0;14396;10568;4564;133904;268132;0;0;0;0;0;0;0;0;0;0
194;0;850;8701300;10800;36900;19300;28900;7000;400;700;17400;1000;1164800;5810300;1583100;0;0;0;0;2580;1284;273356;133498;180128;165;133;50;32;0;14376;10563;4564;133118;268132;0;0;0;0;0;0;0;0;0;0
195;0;853;7688700;11900;37400;21500;29200;7800;500;500;17700;1100;909100;5510100;1131500;0;0;0;0;2580;1282;275948;134711;181620;167;137;50;32;0;14400;10569;4568;134325;269764;0;0;0;0;0;0;0;0;0;0
196;0;856;9107100;12300;37800;21300;29000;7400;500;500;17200;900;1231600;5911000;1824500;0;0;0;0;2580;1283;274988;134263;181061;172;139;50;32;0;14428;10576;4570;133870;268132;0;0;0;0;0;0;0;0;0;0
197;0;860;8277700;15500;39700;22400;29800;9600;500;400;17600;2000;1458800;5534500;1135500;0;0;0;0;2580;1285;273740;134167;180317;157;132;50;32;0;14340;10554;4563;133796;268804;0;0;0;0;0;0;0;0;0;0
198;0;863;8675200;13200;40400;21700;27300;6200;400;500;15700;1300;1169900;5986500;1367600;0;0;0;0;2580;1282;275276;134821;181246;175;134;50;32;0;14420;10574;4565;134430;269092;0;0;0;0;0;0;0;0;0;0
199;0;866;7744400;12400;37900;21700;28900;7400;500;400;17000;900;1180800;5492900;933200;0;0;0;0;2580;1285;273740;133957;180317;189;137;50;32;0;14488;10591;4568;133549;267844;0;0;0;0;0;0;0;0;0;0
200;0;870;8699800;9300;38700;21300;28800;7900;400;600;16800;1300;1180800;5892600;1479900;0;0;0;0;2580;1286;272780;133698;179758;180;127;50;32;0;14412;10572;4558;133309;267844;0;0;0;0;0;0;0;0;0;0
201;0;873;8036600;14300;37600;21900;28300;6800;400;400;17300;900;1139200;5581100;1177800;0;0;0;0;2580;1283;273644;133681;180313;156;127;50;32;0;14316;10548;4558;133316;268132;0;0;0;0;0;0;0;0;0;0
202;0;876;8354400;10900;39000;15300;26800;6000;300;500;16500;900;1199700;5535900;1479200;0;0;0;0;2580;1284;274700;133887;180876;164;132;50;32;0;14368;10561;4563;133509;268804;0;0;0;0;0;0;0;0;0;0
203;0;880;8242900;10600;36400;22500;28900;5900;400;400;17100;1000;1398900;5675900;1033300;0;0;0;0;2580;1284;274028;134228;180502;170;132;50;32;0;14392;10567;4563;133844;269092;0;0;0;0;0;0;0;0;0;0
204;0;883;8298200;12400;39600;21500;28500;6200;400;400;17300;1000;1136700;5571700;1438800;0;0;0;0;2580;1284;274700;134071;180876;165;127;50;32;0;14352;10557;4558;133697;268804;0;0;0;0;0;0;0;0;0;0
205;0;886;7849400;11300;40200;21300;29700;7900;400;800;17900;1100;1068400;5483800;1152800;0;0;0;0;2580;1282;275276;134900;181246;175;130;50;32;0;14404;10570;4561;134513;270052;0;0;0;0;0;0;0;0;0;0
206;0;890;8755100;12100;38900;21500;28900;8000;500;400;17800;1300;1225600;5888400;1495800;0;0;0;0;2580;1284;274028;134159;180502;166;134;50;32;0;14384;10565;4565;133777;268804;0;0;0;0;0;0;0;0;0;0
207;0;893;7869800;10700;36800;21600;29000;9600;400;400;17400;1400;1033800;5491400;1206600;0;0;0;0;2580;1286;272780;133590;179758;176;136;50;32;0;14432;10577;4567;133196;267844;0;0;0;0;0;0;0;0;0;0
208;0;896;8827100;13300;41500;22100;29500;8000;400;600;18100;1200;1169300;5910700;1598500;0;0;0;0;2580;1282;275948;134187;181620;164;131;50;32;0;14364;10560;4562;133810;269092;0;0;0;0;0;0;0;0;0;0
209;0;900;8234200;26000;40100;21900;28600;7800;400;400;16700;1000;1204300;5496600;1378200;0;0;0;0;2580;1287;271820;133568;179199;171;128;50;32;0;14380;10564;4559;133187;267844;0;0;0;0;0;0;0;0;0;0
210;0;903;8892000;22000;57600;22400;26900;8200;500;400;16500;900;1279400;6094500;1341600;0;0;0;0;2580;1284;274028;134258;180502;154;130;50;32;0;14320;10549;4561;133892;269092;0;0;0;0;0;0;0;0;0;0
211;0;906;8165600;23300;37300;21600;28600;6300;500;900;17000;900;1134100;5810800;1074000;0;0;0;0;2580;1283;274988;134287;181061;164;128;50;32;0;14352;10557;4559;133913;268804;0;0;0;0;0;0;0;0;0;0
212;0;910;8434200;13600;40800;21300;28900;7300;400;400;17000;900;1177600;5812100;1292700;0;0;0;0;2580;1285;273068;133721;179943;173;132;50;32;0;14404;10570;4563;133334;268132;0;0;0;0;0;0;0;0;0;0
213;0;913;7826600;25000;39000;21700;28600;7600;400;500;18200;1500;1132000;5464400;1075900;0;0;0;0;2580;1286;272780;133533;179758;180;137;50;32;0;14452;10582;4568;133134;267844;0;0;0;0;0;0;0;0;0;0
214;0;916;8428800;10300;37500;21200;29200;8000;400;600;16900;1700;1081200;5638400;1571300;0;0;0;0;2580;1284;274028;133962;180502;204;138;50;32;0;14552;10607;4569;133538;268804;0;0;0;0;0;0;0;0;0;0
215;0;920;8493100;13200;38500;21400;29200;6300;400;400;16600;900;1423600;5702200;1227100;0;0;0;0;2580;1283;274988;134651;181061;177;140;50;32;0;14452;10582;4571;134252;270052;0;0;0;0;0;0;0;0;0;0
216;0;923;9214500;12100;41500;21700;28900;10300;400;600;18300;1000;951000;6740200;1370800;0;0;0;0;2580;1286;272108;133617;179384;187;136;50;32;0;14476;10588;4567;133212;267844;0;0;0;0;0;0;0;0;0;0
217;0;926;8545000;17900;40800;20800;27900;6500;500;400;16600;1100;1145400;6157000;1095600;0;0;0;0;2580;1282;275948;135216;181620;157;132;50;32;0;14340;10554;4563;134845;270052;0;0;0;0;0;0;0;0;0;0
218;0;930;7984600;12100;41800;21900;29400;7000;500;400;16600;900;843300;5800500;1191200;0;0;0;0;2580;1284;274700;133490;180876;167;133;50;32;0;14384;10565;4564;133108;267844;0;0;0;0;0;0;0;0;0;0
219;0;933;8675500;17100;42200;21600;29100;10700;1200;600;18200;1100;782200;6562800;1171800;0;0;0;0;2580;1283;273644;133526;180313;175;135;50;32;0;14424;10575;4566;133134;268132;0;0;0;0;0;0;0;0;0;0
220;0;936;7981500;14300;41100;23200;30900;7300;500;500;18300;1000;1040900;5715900;1074400;0;0;0;0;2580;1284;274028;133551;180502;185;137;50;32;0;14472;10587;4568;133147;267844;0;0;0;0;0;0;0;0;0;0
221;0;940;7716100;15100;42700;22000;29100;9000;500;500;17300;1000;982700;5616900;967600;0;0;0;0;2580;1285;273740;133958;180317;178;130;50;32;0;14416;10573;4561;133568;268804;0;0;0;0;0;0;0;0;0;0
222;0;943;8400000;10800;37500;21400;29300;9100;400;600;17500;900;1096300;5733400;1417100;0;0;0;0;2580;1284;274028;134183;180502;170;133;50;32;0;14396;10568;4564;133798;269092;0;0;0;0;0;0;0;0;0;0
223;0;946;7596700;11600;40500;21400;35200;11500;400;800;20700;1900;1052000;5459200;930000;0;0;0;0;2580;1286;272780;133592;179758;181;136;50;32;0;14452;10582;4567;133193;267844;0;0;0;0;0;0;0;0;0;0
224;0;950;9596600;12300;37000;21200;26600;5500;400;400;16300;900;1073000;5784200;2606100;0;0;0;0;2580;1282;275276;134776;181246;182;138;50;32;0;14464;10585;4569;134374;269092;0;0;0;0;0;0;0;0;0;0
225;0;953;7783400;13600;40400;22000;29100;6000;400;400;17500;900;1126000;5533500;978400;0;0;0;0;2580;1285;273068;133728;179943;184;135;50;32;0;14460;10584;4566;133327;267844;0;0;0;0;0;0;0;0;0;0
226;0;956;8152800;12100;37300;23100;27100;7000;400;500;16000;900;1045100;5701800;1261400;0;0;0;0;2580;1283;274316;134142;180687;183;134;50;32;0;14452;10582;4565;133743;269092;0;0;0;0;0;0;0;0;0;0
227;0;960;7783000;12800;39700;22100;28400;8800;400;600;15700;1100;1095500;5601500;945700;0;0;0;0;2580;1283;275660;134637;181435;183;131;50;32;0;14440;10579;4562;134241;269764;0;0;0;0;0;0;0;0;0;0
228;0;963;9198000;12100;36700;21700;29200;6500;400;400;17500;900;1134400;5990700;1936200;0;0;0;0;2580;1285;273740;133503;180317;169;128;50;32;0;14372;10562;4559;133124;267844;0;0;0;0;0;0;0;0;0;0
229;0;966;7522700;12800;38500;21800;28800;6900;500;500;16900;1000;971300;5511400;900700;0;0;0;0;2580;1283;274316;134287;180687;163;128;50;32;0;14348;10556;4559;133914;269092;0;0;0;0;0;0;0;0;0;0
230;0;970;8153100;10600;40600;19200;29400;8600;400;1000;17000;900;1001000;5914400;1095800;0;0;0;0;2580;1284;274700;133939;180876;165;129;50;32;0;14360;10559;4560;133563;268804;0;0;0;0;0;0;0;0;0;0
231;0;973;8278600;12600;39200;22200;28800;6100;400;500;16900;1000;1405900;5691400;1041500;0;0;0;0;2580;1284;273356;133738;180128;166;130;50;32;0;14368;10561;4561;133360;268132;0;0;0;0;0;0;0;0;0;0
232;0;976;8585900;12100;37400;21400;28900;7100;500;400;17000;1300;1146900;5631600;1666200;0;0;0;0;2580;1284;274028;134031;180502;182;135;50;32;0;14452;10582;4566;133632;267844;0;0;0;0;0;0;0;0;0;0
233;0;980;7728500;11800;37600;21200;29400;7300;400;800;18700;1400;1101400;5509900;975600;0;0;0;0;2580;1283;274988;134737;181061;174;134;50;32;0;14416;10573;4565;134347;270052;0;0;0;0;0;0;0;0;0;0
234;0;983;8167900;10600;38300;21900;29300;7700;400;500;17000;1000;1154600;5702300;1172500;0;0;0;0;2580;1284;274700;134565;180876;177;136;50;32;0;14436;10578;4567;134170;269764;0;0;0;0;0;0;0;0;0;0
235;0;986;7852500;18800;46500;22400;34600;13600;400;500;20000;1700;865800;5879000;935700;0;0;0;0;2580;1284;274700;134822;180876;166;137;50;32;0;14396;10568;4568;134437;269764;0;0;0;0;0;0;0;0;0;0
236;0;990;8224700;11800;38300;19300;26500;6000;300;400;16000;900;1195900;5615800;1274000;0;0;0;0;2580;1282;275948;134647;181620;174;138;50;32;0;14432;10577;4569;134253;270052;0;0;0;0;0;0;0;0;0;0
237;0;993;7609000;25600;41000;21700;29900;7800;500;500;17500;900;1055200;5473900;920100;0;0;0;0;2580;1282;275276;134543;181246;163;132;50;32;0;14364;10560;4563;134166;268804;0;0;0;0;0;0;0;0;0;0
238;0;996;8511200;11700;38800;21400;28800;6600;500;400;17000;900;1138200;5979500;1255600;0;0;0;0;2580;1284;273356;134182;180128;166;129;50;32;0;14364;10560;4560;133805;269092;0;0;0;0;0;0;0;0;0;0
239;0;1000;9194100;13800;39700;21800;29700;7400;400;500;17800;1000;1735600;5971500;1338300;0;0;0;0;2580;1283;275660;134600;181435;166;126;50;32;0;14352;10557;4557;134226;268804;0;0;0;0;0;0;0;0;0;0
240;0;1003;8488700;20000;46500;22700;42100;10100;700;1400;17500;1000;1215100;5874500;1222600;0;0;0;0;2580;1283;274988;134461;181061;180;135;50;32;0;14444;10580;4566;134064;269092;0;0;0;0;0;0;0;0;0;0
241;0;1006;8120400;18700;40300;21700;29100;7700;400;600;17300;1100;1159100;5883000;929100;0;0;0;0;2580;1284;274700;134582;180876;166;130;50;32;0;14368;10561;4561;134204;269764;0;0;0;0;0;0;0;0;0;0
242;0;1010;8157900;12300;40200;21500;28600;6300;400;500;16800;900;1112700;5492800;1415200;0;0;0;0;2580;1284;274028;133896;180502;178;138;50;32;0;14448;10581;4569;133498;268804;0;0;0;0;0;0;0;0;0;0
243;0;1013;8029300;17100;63400;27900;47500;9400;1100;600;29300;1100;1311100;5559200;948500;0;0;0;0;2580;1282;275276;134920;181246;179;138;50;32;0;14452;10582;4569;134521;270052;0;0;0;0;0;0;0;0;0;0
244;0;1016;8876700;12500;36700;21300;28700;6500;400;400;17100;900;1384800;5569700;1786800;0;0;0;0;2580;1283;274988;134045;181061;189;145;50;32;0;14520;10599;4576;133629;268804;0;0;0;0;0;0;0;0;0;0
245;0;1020;8912300;16500;61200;27900;47400;8300;1100;700;28000;1200;1312800;6444400;950900;0;0;0;0;2580;1285;273068;134146;179943;194;149;50;32;0;14556;10608;4580;133721;269092;0;0;0;0;0;0;0;0;0;0
246;0;1023;8104200;11200;38100;22000;29100;6800;400;400;17200;1100;1105300;5617300;1243700;0;0;0;0;2580;1283;275660;135624;181435;188;147;50;32;0;14524;10600;4578;135207;271684;0;0;0;0;0;0;0;0;0;0
247;0;1026;7664700;17100;55300;22400;30500;20000;500;1000;19600;2300;1061500;5488800;924700;0;0;0;0;2580;1283;274316;134139;180687;169;136;50;32;0;14404;10570;4567;133752;268804;0;0;0;0;0;0;0;0;0;0
248;0;1030;8621400;10500;37900;21100;26900;5800;400;400;17000;900;1048900;5609100;1832100;0;0;0;0;2580;1284;274700;134253;180876;184;135;50;32;0;14460;10584;4566;133852;268804;0;0;0;0;0;0;0;0;0;0
249;0;1033;8147600;17600;63800;28100;66600;8700;3400;500;16000;900;1149500;5821400;957900;0;0;0;0;2580;1283;274988;134457;181061;179;133;50;32;0;14432;10577;4564;134063;269764;0;0;0;0;0;0;0;0;0;0
250;0;1036;8255500;11200;36600;21400;28600;6500;400;400;18000;1000;1144900;5502700;1474100;0;0;0;0;2580;1284;274028;134163;180502;180;139;50;32;0;14460;10584;4570;133762;269092;0;0;0;0;0;0;0;0;0;0
251;0;1040;8388000;18500;46600;22000;30200;7600;400;400;18800;2000;1213600;5985800;1027200;0;0;0;0;2580;1284;274700;134067;180876;168;140;50;32;0;14416;10573;4571;133677;268804;0;0;0;0;0;0;0;0;0;0
252;0;1043;8751300;11900;38300;21200;28500;7400;500;500;17900;900;1215800;5742700;1653500;0;0;0;0;2580;1284;274028;134836;180502;167;134;50;32;0;14388;10566;4565;134453;270052;0;0;0;0;0;0;0;0;0;0
253;0;1046;8061900;19900;63600;29000;47900;9100;1000;700;29300;1300;1233900;5574400;1036900;0;0;0;0;2580;1285;273740;134535;180317;147;130;50;32;0;14292;10542;4561;134176;269764;0;0;0;0;0;0;0;0;0;0
254;0;1050;8504200;11900;40100;21800;28400;6400;1700;400;16200;1300;1140300;5637100;1582400;0;0;0;0;2580;1284;274028;133996;180502;157;128;50;32;0;14324;10550;4559;133629;268804;0;0;0;0;0;0;0;0;0;0
255;0;1053;7523300;14600;37900;21700;28600;7400;500;400;16500;1000;980800;5490200;911400;0;0;0;0;2580;1282;275948;134817;181620;164;133;50;32;0;14372;10562;4564;134438;269764;0;0;0;0;0;0;0;0;0;0
256;0;1056;8397700;12300;39700;21800;29200;6400;500;500;16900;1000;1506300;5529900;1223400;0;0;0;0;2580;1285;273740;134036;180317;173;139;50;32;0;14432;10577;4570;133642;268804;0;0;0;0;0;0;0;0;0;0
257;0;1060;8290900;12900;41000;21500;28900;8900;500;400;17000;1100;1222900;5944200;976500;0;0;0;0;2580;1283;274988;134427;181061;168;141;50;32;0;14420;10574;4572;134036;269092;0;0;0;0;0;0;0;0;0;0
258;0;1063;8393500;15400;39400;21200;28700;8300;400;400;17200;1600;1261900;5797300;1189800;0;0;0;0;2580;1283;275660;134976;181435;167;131;50;32;0;14376;10563;4562;134596;269764;0;0;0;0;0;0;0;0;0;0
259;0;1066;7983500;14400;40800;21500;29000;8100;500;1300;18500;1100;1333900;5520500;980500;0;0;0;0;2580;1284;274028;134575;180502;165;130;50;32;0;14364;10560;4561;134198;269092;0;0;0;0;0;0;0;0;0;0
260;0;1070;7937100;10700;38300;21500;29200;6900;500;500;17200;1400;1145000;5653900;1000800;0;0;0;0;2580;1284;274028;134253;180502;168;130;50;32;0;14376;10563;4561;133873;268804;0;0;0;0;0;0;0;0;0;0
261;0;1073;8427900;18200;61100;27700;49200;10200;1100;800;31400;2200;1440000;5772000;998800;0;0;0;0;2580;1285;273068;134152;179943;162;128;50;32;0;14344;10555;4559;133780;268804;0;0;0;0;0;0;0;0;0;0
262;0;1076;8150000;11800;38600;21400;28500;6800;400;400;16500;900;1208100;5801000;1004400;0;0;0;0;2580;1284;274700;134433;180876;160;128;50;32;0;14336;10553;4559;134063;268804;0;0;0;0;0;0;0;0;0;0
263;0;1080;8123000;33100;38500;21300;27600;8000;400;400;17600;900;1260200;5734600;966900;0;0;0;0;2580;1285;273740;134051;180317;147;127;50;32;0;14280;10539;4558;133695;268804;0;0;0;0;0;0;0;0;0;0
264;0;1083;7812000;12000;39000;21300;28700;8100;400;800;18500;900;1196200;5509900;965200;0;0;0;0;2580;1284;274028;134089;180502;189;133;50;32;0;14472;10587;4564;133685;269092;0;0;0;0;0;0;0;0;0;0
265;0;1086;8033900;10600;37800;21400;29700;8500;400;500;17900;900;1036700;5909900;947800;0;0;0;0;2580;1283;275660;135128;181435;162;129;50;32;0;14348;10556;4560;134755;270724;0;0;0;0;0;0;0;0;0;0
266;0;1090;7870500;14700;40800;21400;28400;6800;500;400;16600;1000;1170200;5660300;897000;0;0;0;0;2580;1284;274028;134604;180502;164;128;50;32;0;14352;10557;4559;134230;269092;0;0;0;0;0;0;0;0;0;0
267;0;1093;7729700;13500;38300;20800;26300;6600;400;400;15700;800;1023500;5590500;981000;0;0;0;0;2580;1285;273068;134201;179943;153;127;50;32;0;14304;10545;4558;133839;268804;0;0;0;0;0;0;0;0;0;0
268;0;1096;7708700;13800;37400;21200;29400;7500;600;1200;17800;1100;1104700;5473800;989800;0;0;0;0;2580;1285;273740;134608;180317;159;125;50;32;0;14320;10549;4556;134242;269764;0;0;0;0;0;0;0;0;0;0
269;0;1100;8186100;10100;38200;21700;29600;7200;400;600;17900;900;1099700;6005400;930000;0;0;0;0;2580;1285;273740;134206;180317;155;123;50;32;0;14296;10543;4554;133846;268804;0;0;0;0;0;0;0;0;0;0
270;0;1103;7749500;13200;40400;21800;29100;7800;400;500;18100;1000;1023100;5621400;963400;0;0;0;0;2580;1284;274700;134568;180876;155;125;50;32;0;14304;10545;4556;134206;268804;0;0;0;0;0;0;0;0;0;0
271;0;1106;8106600;11300;38200;21300;29800;8000;400;500;17400;900;1106300;5978100;879800;0;0;0;0;2580;1283;274988;134757;181061;178;135;50;32;0;14436;10578;4566;134362;270052;0;0;0;0;0;0;0;0;0;0
272;0;1110;7918400;11400;36200;21900;28800;6500;500;500;17100;900;989300;5850700;944500;0;0;0;0;2580;1284;274700;134419;180876;176;138;50;32;0;14440;10579;4569;134023;268804;0;0;0;0;0;0;0;0;0;0
273;0;1113;7795200;11600;37000;21300;27200;6700;400;400;16600;900;1144800;5567800;948600;0;0;0;0;2580;1284;273356;134441;180128;158;133;50;32;0;14348;10556;4564;134068;269092;0;0;0;0;0;0;0;0;0;0
274;0;1116;8103900;11500;38400;21600;29100;6300;400;500;17700;800;1093300;5922400;949600;0;0;0;0;2580;1285;273740;134574;180317;165;133;50;32;0;14376;10563;4564;134194;269764;0;0;0;0;0;0;0;0;0;0
275;0;1120;8027400;10000;37200;21300;30300;7100;400;600;19300;1100;1046100;5955100;886200;0;0;0;0;2580;1285;273740;133944;180317;152;124;50;32;0;14288;10541;4555;133586;268804;0;0;0;0;0;0;0;0;0;0
276;0;1123;7608600;9900;37000;21500;28400;6300;400;500;16700;4700;970500;5540400;959400;0;0;0;0;2580;1286;272780;133864;179758;150;125;50;32;0;14284;10540;4556;133507;268804;0;0;0;0;0;0;0;0;0;0
277;0;1126;8667500;11000;38300;21400;28900;8500;400;500;17200;1100;1164100;5612700;1749600;0;0;0;0;2580;1282;276620;135169;181994;164;128;50;32;0;14352;10557;4559;134795;270724;0;0;0;0;0;0;0;0;0;0
278;0;1130;7688100;13300;37800;21500;29200;8600;400;500;18600;1100;1138300;5440700;965500;0;0;0;0;2580;1284;274028;134035;180502;172;129;50;32;0;14388;10566;4560;133652;269092;0;0;0;0;0;0;0;0;0;0
279;0;1133;9312700;9500;41200;21100;29300;9000;500;800;18100;1300;1161000;5680700;2323900;0;0;0;0;2580;1284;274028;134050;180502;164;128;50;32;0;14352;10557;4559;133676;268804;0;0;0;0;0;0;0;0;0;0
280;0;1136;7887800;13100;40300;21600;29300;8000;400;500;16700;1000;961200;5620700;1162700;0;0;0;0;2580;1284;274028;134139;180502;170;130;50;32;0;14384;10565;4561;133757;269092;0;0;0;0;0;0;0;0;0;0
281;0;1140;9027100;13800;41400;21600;28900;8000;400;1000;16700;1000;908200;6105200;1865800;0;0;0;0;2580;1285;273740;134208;180317;167;127;50;32;0;14360;10559;4558;133832;268804;0;0;0;0;0;0;0;0;0;0
282;0;1143;7797900;14000;40300;22100;29200;6100;500;400;17100;900;1101800;5549500;1003700;0;0;0;0;2580;1285;273740;134357;180317;181;134;50;32;0;14444;10580;4565;133960;268804;0;0;0;0;0;0;0;0;0;0
283;0;1146;9140100;11600;39300;22000;30600;8900;500;700;18700;1300;919700;6573600;1500000;0;0;0;0;2580;1286;272780;134304;179758;207;136;50;32;0;14556;10608;4567;133879;268804;0;0;0;0;0;0;0;0;0;0
284;0;1150;8056600;34000;73200;23600;30800;10300;400;500;17800;3700;997700;5874400;970600;0;0;0;0;2580;1283;275660;134687;181435;178;139;50;32;0;14452;10582;4570;134288;269764;0;0;0;0;0;0;0;0;0;0
285;0;1153;8480700;14900;38200;21100;26600;6000;400;500;15800;900;1148000;5961600;1234800;0;0;0;0;2580;1283;274316;134086;180687;195;144;50;32;0;14540;10604;4575;133665;269092;0;0;0;0;0;0;0;0;0;0
286;0;1156;7934200;17300;60900;28000;47600;15600;1100;1100;28800;1700;1258300;5526200;931800;0;0;0;0;2580;1284;274700;134000;180876;173;137;50;32;0;14424;10575;4568;133608;268804;0;0;0;0;0;0;0;0;0;0
287;0;1160;8120100;12600;36200;21300;27000;6200;400;500;15600;1100;1136800;5750200;1098300;0;0;0;0;2580;1284;274028;134669;180502;174;131;50;32;0;14404;10570;4562;134282;270052;0;0;0;0;0;0;0;0;0;0
288;0;1163;7941600;12000;42400;21700;29500;7500;400;500;17300;900;1192600;5574900;1029900;0;0;0;0;2580;1286;272780;134221;179758;168;128;50;32;0;14368;10561;4559;133843;268804;0;0;0;0;0;0;0;0;0;0
289;0;1166;8534500;12400;42700;21400;28300;6800;400;400;17200;1000;1155100;5495600;1737800;0;0;0;0;2580;1285;273740;134362;180317;153;124;50;32;0;14292;10542;4555;134003;269764;0;0;0;0;0;0;0;0;0;0
290;0;1170;7950500;12500;38500;21400;28400;6100;400;500;17700;1000;1140900;5706300;965700;0;0;0;0;2580;1285;273740;134609;180317;158;125;50;32;0;14316;10548;4556;134244;269764;0;0;0;0;0;0;0;0;0;0
291;0;1173;7842400;11800;38200;21300;28800;8200;500;600;17300;1000;982700;5538200;1174600;0;0;0;0;2580;1286;272780;133927;179758;151;126;50;32;0;14292;10542;4557;133568;268804;0;0;0;0;0;0;0;0;0;0
292;0;1176;7743400;22400;47200;24100;35700;13700;500;700;20800;1600;1056800;5510100;992100;0;0;0;0;2580;1284;274028;134127;180502;163;130;50;32;0;14356;10558;4561;133752;269092;0;0;0;0;0;0;0;0;0;0
293;0;1180;8234600;10500;39600;21400;28700;7900;400;500;18400;1000;1283200;5607300;1199600;0;0;0;0;2580;1285;273740;134744;180317;167;124;50;32;0;14348;10556;4555;134371;269764;0;0;0;0;0;0;0;0;0;0
294;0;1183;8013600;23300;63500;27000;48300;11000;1200;900;29300;1400;1369200;5469300;954500;0;0;0;0;2580;1284;274028;134238;180502;164;129;50;32;0;14356;10558;4560;133863;269092;0;0;0;0;0;0;0;0;0;0
295;0;1186;8157700;13900;71700;21600;30900;12500;400;700;20600;1300;1246700;5451900;1271800;0;0;0;0;2580;1286;272780;134233;179758;184;130;50;32;0;14440;10579;4561;133837;268804;0;0;0;0;0;0;0;0;0;0
296;0;1190;8312600;19900;43800;21600;30800;8000;400;500;17200;2100;1284900;5559500;1310100;0;0;0;0;2580;1284;274700;135103;180876;172;135;50;32;0;14412;10572;4566;134714;269764;0;0;0;0;0;0;0;0;0;0
297;0;1193;7790700;13600;41100;21500;29400;8600;300;500;18100;2500;966800;5249700;1423600;0;0;0;0;2580;1286;272780;133900;179758;177;134;50;32;0;14428;10576;4565;133507;268804;0;0;0;0;0;0;0;0;0;0
298;0;1196;8169200;28100;82400;27500;51800;13800;1200;700;38700;3100;1048600;5670500;1186100;0;0;0;0;2580;1286;272780;133912;179758;186;140;50;32;0;14488;10591;4571;133504;268804;0;0;0;0;0;0;0;0;0;0
299;0;1200;8754700;13300;72300;21200;31900;8300;600;500;16900;1100;1428600;5977500;1168500;0;0;0;0;2580;1284;274028;134474;180502;183;140;50;32;0;14476;10588;4571;134069;269092;0;0;0;0;0;0;0;0;0;0
