# scene=solar_system_v1compat_belt.json;config=RelWithAsserts;cpu=12th Gen Intel(R) Core(TM) i7-1265U;affinity=fff;ablation=none;rasterstats=1;lodstats=0;asserts_lib=1;res=1536x900;views=4;mesurees=240;chauffe=60;overhead_ns=32;resolution_ns=100
zone;median_ns;p95_ns;max_ns;pourmille_de_la_frame
FRAME;8234600;9175300;11409300;1000
Input;12800;26000;45600;1
Animation;39500;63700;105600;4
LocalXform1;21600;27500;164700;2
WorldXform1;29100;47400;177400;3
Cameras;7400;11500;31000;0
LocalXform2;400;1000;3400;0
WorldXform2;500;1000;1400;0
Trigger;17300;25300;38700;2
BuildViews;1000;2000;5300;0
Clear;1134100;1423600;2191400;137
Render;5748900;6444400;9222400;698
Present;1076200;1783200;2606100;130
RESTE;13300;24800;60400;1
Entities;0;0;0;0
XformNodes;0;0;0;0
TriggerPairs;0;0;0;0
TriggerHits;0;0;0;0
MeshesTested;2580;2580;2580;0
MeshesCulled;1283;1286;1287;0
FacesSubmitted;274988;282412;286380;0
TrisRasterized;134389;135706;136255;0
VertsTransformed;181061;185251;187394;0
TrisCov0;166;189;207;0
TrisCov1;131;140;149;0
TrisCov2to4;50;50;113;0
TrisCov5plus;32;32;409;0
TrisTightEmpty;0;0;0;0
PixelsTested;14372;14540;195374;0
PixelsTight;10562;10604;161599;0
PixelsCovered;4562;4573;53668;0
TrisEarlyRejected;134003;135207;135830;0
FacesInside;269092;271300;272548;0
InstPx0to1;0;0;0;0
InstPx1to4;0;0;0;0
InstPx4to16;0;0;0;0
InstPx16plus;0;0;0;0
FacesPx0to1;0;0;0;0
FacesPx1to4;0;0;0;0
FacesPx4to16;0;0;0;0
FacesPx16plus;0;0;0;0
VertsInside;0;0;0;0
TrisEmittedInside;0;0;0;0
