# scene=solar_system_v1compat_belt_lod_spheres.json;config=Release;cpu=12th Gen Intel(R) Core(TM) i7-1265U;affinity=4;ablation=none;clear=2;rasterstats=0;lodstats=0;asserts_lib=0;res=768x450;views=4;sdl=direct3d;mesurees=240;chauffe=60;overhead_ns=29;resolution_ns=100
zone;median_ns;p95_ns;max_ns;pourmille_de_la_frame
FRAME;1027800;1386600;2471300;1000
Input;3300;6700;51600;3
Animation;32700;37500;61800;31
LocalXform1;19200;21500;46900;18
WorldXform1;22900;24700;394900;22
Cameras;2500;4600;13900;2
LocalXform2;400;500;900;0
WorldXform2;300;400;6300;0
Trigger;11100;12400;22600;10
BuildViews;500;900;16300;0
Clear;92200;144300;184600;89
Render;484900;534200;792200;471
Present;329800;625500;1698700;320
ClearColor;44300;73300;99800;43
ClearDepth;47000;70500;98600;45
RESTE;28500;33000;169700;27
Entities;0;0;0;0
XformNodes;0;0;0;0
TriggerPairs;0;0;0;0
TriggerHits;0;0;0;0
MeshesTested;2580;2580;2580;0
MeshesCulled;1283;1286;1287;0
FacesSubmitted;14752;15080;16040;0
TrisRasterized;7186;7292;7701;0
VertsTransformed;20453;20727;21286;0
TrisCov0;0;0;0;0
TrisCov1;0;0;0;0
TrisCov2to4;0;0;0;0
TrisCov5plus;0;0;0;0
TrisTightEmpty;0;0;0;0
PixelsTested;0;0;0;0
PixelsTight;0;0;0;0
PixelsCovered;0;0;0;0
TrisEarlyRejected;6964;7060;7415;0
FacesInside;14552;14716;15512;0
InstPx0to1;0;0;0;0
InstPx1to4;0;0;0;0
InstPx4to16;0;0;0;0
InstPx16plus;0;0;0;0
FacesPx0to1;0;0;0;0
FacesPx1to4;0;0;0;0
FacesPx4to16;0;0;0;0
FacesPx16plus;0;0;0;0
VertsInside;0;0;0;0
TrisEmittedInside;0;0;0;0
LodLevel0;12;12;13;0
LodLevel1;0;0;0;0
LodLevel2;0;0;0;0
LodLevel3;1285;1291;1292;0
ClearPageFaults;0;0;0;0
LockAddrChanged;0;0;0;0
