# scene=solar_system_v1compat_belt_lod_spheres.json;config=Release;cpu=12th Gen Intel(R) Core(TM) i7-1265U;affinity=4;ablation=none;rasterstats=0;lodstats=0;asserts_lib=0;res=1536x900;views=4;sdl=direct3d;frames=300;warmup=60;overhead_ns=33;resolution_ns=100
frame;warmup;sim_millidays;frame_ns;Input_ns;Animation_ns;LocalXform1_ns;WorldXform1_ns;Cameras_ns;LocalXform2_ns;WorldXform2_ns;Trigger_ns;BuildViews_ns;Clear_ns;Render_ns;Present_ns;ClearColor_ns;ClearDepth_ns;Entities;XformNodes;TriggerPairs;TriggerHits;MeshesTested;MeshesCulled;FacesSubmitted;TrisRasterized;VertsTransformed;TrisCov0;TrisCov1;TrisCov2to4;TrisCov5plus;TrisTightEmpty;PixelsTested;PixelsTight;PixelsCovered;TrisEarlyRejected;FacesInside;InstPx0to1;InstPx1to4;InstPx4to16;InstPx16plus;FacesPx0to1;FacesPx1to4;FacesPx4to16;FacesPx16plus;VertsInside;TrisEmittedInside;LodLevel0;LodLevel1;LodLevel2;LodLevel3;ClearPageFaults;LockAddrChanged
0;1;203;32121700;337900;34300;23000;29700;13400;600;400;14700;4900;2908400;836000;23222500;2444200;463200;0;0;0;0;2580;1263;18552;8779;22892;0;0;0;0;0;0;0;0;7512;16060;0;0;0;0;0;0;0;0;0;0;14;0;0;1303;1350;1
1;1;206;5116400;1431900;36700;21500;26400;5700;300;400;13500;900;1123600;862500;1550300;580800;541700;0;0;0;0;2580;1275;17924;8525;22371;0;0;0;0;0;0;0;0;7292;15476;0;0;0;0;0;0;0;0;0;0;15;0;0;1290;0;0
2;1;210;3638000;210100;37500;22000;26600;7100;400;400;13400;900;916600;1208100;1148100;539500;374500;0;0;0;0;2580;1270;18188;8679;22593;0;0;0;0;0;0;0;0;7576;14880;0;0;0;0;0;0;0;0;0;0;15;0;0;1295;0;0
3;1;213;9279900;11100;36500;22100;26400;6600;800;300;13200;1000;1264000;863900;6987800;698900;562400;0;0;0;0;2580;1270;17152;8185;21991;0;0;0;0;0;0;0;0;7444;14724;0;0;0;0;0;0;0;0;0;0;14;0;0;1296;0;0
4;1;216;8561900;72300;118900;30300;53000;27900;400;400;25400;2900;1162600;1088800;5908000;603200;553500;0;0;0;0;2580;1270;18132;8682;22555;0;0;0;0;0;0;0;0;7950;14788;0;0;0;0;0;0;0;0;0;0;15;0;0;1295;0;0
5;1;220;4017700;20000;41800;22000;29000;13600;400;300;16000;2600;1169000;957400;1647600;698900;469500;0;0;0;0;2580;1273;17996;8624;22437;0;0;0;0;0;0;0;0;7436;15712;0;0;0;0;0;0;0;0;0;0;15;0;0;1292;0;0
6;1;223;6090100;17000;44600;22600;27200;8700;400;800;13000;2000;1113400;1224900;3539800;649200;461700;0;0;0;0;2580;1274;17092;8191;21916;0;0;0;0;0;0;0;0;7029;15704;0;0;0;0;0;0;0;0;0;0;14;0;0;1292;0;0
7;1;226;3962900;83000;160200;34400;50900;43700;400;300;23200;3500;1167800;792200;1525200;742000;424300;0;0;0;0;2580;1273;17072;8151;21911;0;0;0;0;0;0;0;0;6956;15648;0;0;0;0;0;0;0;0;0;0;14;0;0;1293;0;0
8;1;230;3344300;17100;45000;19100;23700;9000;300;400;11200;1400;1233600;785400;1151700;723200;507800;0;0;0;0;2580;1278;15940;7638;21201;0;0;0;0;0;0;0;0;6901;14616;0;0;0;0;0;0;0;0;0;0;13;0;0;1289;0;0
9;1;233;3788400;13100;41200;21600;26900;9300;300;500;12400;1200;1254600;840600;1523300;723800;529800;0;0;0;0;2580;1273;16176;7791;21404;0;0;0;0;0;0;0;0;7046;14852;0;0;0;0;0;0;0;0;0;0;13;0;0;1294;0;0
10;1;236;5681200;50200;123800;33400;49900;30600;400;600;27200;2700;1382900;1382000;2518900;699900;680800;0;0;0;0;2580;1275;16944;8111;21807;0;0;0;0;0;0;0;0;6925;15556;0;0;0;0;0;0;0;0;0;0;14;0;0;1291;0;0
11;1;240;10331600;41600;105700;29800;50700;42200;300;900;24200;2900;1121000;1168500;7621100;615600;503100;0;0;0;0;2580;1273;17128;8193;21949;0;0;0;0;0;0;0;0;7034;15740;0;0;0;0;0;0;0;0;0;0;14;0;0;1293;0;0
12;1;243;4024600;16200;48400;22700;26800;9100;400;300;14000;900;1306600;910000;1618700;740400;563900;0;0;0;0;2580;1275;17028;8159;21864;0;0;0;0;0;0;0;0;6974;15640;0;0;0;0;0;0;0;0;0;0;14;0;0;1291;0;0
13;1;246;3357200;16500;45400;19800;25900;9000;300;300;11800;1000;1287300;770300;1127700;741200;543000;0;0;0;0;2580;1275;16076;7730;21319;0;0;0;0;0;0;0;0;7003;14752;0;0;0;0;0;0;0;0;0;0;13;0;0;1292;0;0
14;1;250;3043400;12900;43500;22100;30000;7000;400;400;11100;900;1147800;779700;947700;593800;552400;0;0;0;0;2580;1273;16148;7726;21385;0;0;0;0;0;0;0;0;7003;14788;0;0;0;0;0;0;0;0;0;0;13;0;0;1294;0;0
15;1;253;3386100;10200;36800;21300;27500;6600;300;400;11400;900;1192900;820400;1214200;692400;499300;0;0;0;0;2580;1276;16936;8135;21793;0;0;0;0;0;0;0;0;7415;14688;0;0;0;0;0;0;0;0;0;0;14;0;0;1290;0;0
16;1;256;5896500;11500;44000;22500;28000;11100;300;500;13100;1400;1267200;991300;3455800;671200;594100;0;0;0;0;2580;1273;17100;8211;21930;0;0;0;0;0;0;0;0;7077;15748;0;0;0;0;0;0;0;0;0;0;14;0;0;1293;0;0
17;1;260;5655200;19600;42500;23200;28200;11200;400;500;14500;2200;1140100;1237900;3007900;598300;539600;0;0;0;0;2580;1273;17100;8172;21930;0;0;0;0;0;0;0;0;7062;15676;0;0;0;0;0;0;0;0;0;0;14;0;0;1293;0;0
18;1;263;7209700;12700;39700;22200;28700;8700;400;500;13700;900;1141300;899300;4984300;606700;533800;0;0;0;0;2580;1273;17044;8109;21892;0;0;0;0;0;0;0;0;7427;14660;0;0;0;0;0;0;0;0;0;0;14;0;0;1293;0;0
19;1;266;3586100;16700;51400;22600;24600;6900;400;200;12200;900;1107100;863500;1425700;746800;358800;0;0;0;0;2580;1276;16068;7706;21305;0;0;0;0;0;0;0;0;7063;14744;0;0;0;0;0;0;0;0;0;0;13;0;0;1291;0;0
20;1;270;3162100;15500;46200;19300;24900;8900;400;300;13000;1100;1247300;744200;986400;692200;553600;0;0;0;0;2580;1276;16040;7689;21286;0;0;0;0;0;0;0;0;7040;14652;0;0;0;0;0;0;0;0;0;0;13;0;0;1291;0;0
21;1;273;3351600;14200;42600;19300;23300;8900;400;300;11300;1500;1212600;834200;1139200;700400;509900;0;0;0;0;2580;1273;17016;8103;21873;0;0;0;0;0;0;0;0;7037;14660;0;0;0;0;0;0;0;0;0;0;14;0;0;1293;0;0
22;1;276;3163800;11200;44800;19100;24100;7800;300;300;11300;900;1143500;810200;1032200;646100;494600;0;0;0;0;2580;1271;17200;8282;22015;0;0;0;0;0;0;0;0;7250;15776;0;0;0;0;0;0;0;0;0;0;14;0;0;1295;0;0
23;1;280;3670200;18700;45800;21500;30000;11400;400;300;14000;2000;1418600;973400;1076600;607200;808500;0;0;0;0;2580;1276;16936;8132;21793;0;0;0;0;0;0;0;0;7096;14588;0;0;0;0;0;0;0;0;0;0;14;0;0;1290;0;0
24;1;283;8400300;16500;45200;22700;27100;13200;400;300;13200;1200;1210900;1027900;5873800;656400;550000;0;0;0;0;2580;1276;16040;7669;21286;0;0;0;0;0;0;0;0;7092;14652;0;0;0;0;0;0;0;0;0;0;13;0;0;1291;0;0
25;1;286;4027600;21600;84300;32400;49400;23500;400;1600;25600;1400;1113400;1004300;1611300;618800;491500;0;0;0;0;2580;1275;16076;7712;21319;0;0;0;0;0;0;0;0;7135;14752;0;0;0;0;0;0;0;0;0;0;13;0;0;1292;0;0
26;1;290;3810600;17000;46300;24800;29100;14000;400;800;14900;2600;1553500;906100;1140600;889000;657800;0;0;0;0;2580;1278;15940;7648;21201;0;0;0;0;0;0;0;0;7085;14616;0;0;0;0;0;0;0;0;0;0;13;0;0;1289;0;0
27;1;293;3676000;17200;48400;23200;27600;9800;400;700;15100;2100;1200800;1002600;1232800;616600;582500;0;0;0;0;2580;1274;17008;8170;21859;0;0;0;0;0;0;0;0;7184;15720;0;0;0;0;0;0;0;0;0;0;14;0;0;1292;0;0
28;1;296;3221700;13000;40500;22500;28100;11200;400;600;15600;1500;1260500;815200;971300;714000;545500;0;0;0;0;2580;1271;17172;8228;21996;0;0;0;0;0;0;0;0;7255;15776;0;0;0;0;0;0;0;0;0;0;14;0;0;1295;0;0
29;1;300;3050800;14400;45500;21900;27900;12700;300;600;14700;1300;1306500;661100;890000;785900;519600;0;0;0;0;2580;1279;15904;7619;21168;0;0;0;0;0;0;0;0;7109;14516;0;0;0;0;0;0;0;0;0;0;13;0;0;1288;0;0
30;1;303;2945600;14400;42100;30700;28600;12700;400;600;14600;2100;1231600;651900;876800;696300;534200;0;0;0;0;2580;1279;15848;7611;21130;0;0;0;0;0;0;0;0;7101;14560;0;0;0;0;0;0;0;0;0;0;13;0;0;1288;0;0
31;1;306;3825000;13500;41600;23000;29700;10200;400;400;105100;2100;1605800;763900;1167900;802100;801500;0;0;0;0;2580;1274;16168;7753;21390;0;0;0;0;0;0;0;0;7289;14816;0;0;0;0;0;0;0;0;0;0;13;0;0;1293;0;0
32;1;310;9523100;19100;49600;29900;31700;13000;400;500;17400;1400;1245400;1121200;6841700;510300;730900;0;0;0;0;2580;1277;16900;8076;21760;0;0;0;0;0;0;0;0;7182;14552;0;0;0;0;0;0;0;0;0;0;14;0;0;1289;0;0
33;1;313;4999300;36400;247200;33400;367000;38100;12000;1100;46100;7300;1387800;852400;1874600;723800;662200;0;0;0;0;2580;1275;16972;8138;21826;0;0;0;0;0;0;0;0;7293;15684;0;0;0;0;0;0;0;0;0;0;14;0;0;1291;0;0
34;1;316;4224100;102100;52000;24100;29500;11300;400;400;16500;1300;1403900;600200;1935000;754800;648500;0;0;0;0;2580;1276;16068;7699;21305;0;0;0;0;0;0;0;0;7334;14780;0;0;0;0;0;0;0;0;0;0;13;0;0;1291;0;0
35;1;320;3114100;14000;46400;22100;26900;9200;300;400;12900;900;1205300;607900;1126200;582900;621900;0;0;0;0;2580;1275;16076;7713;21319;0;0;0;0;0;0;0;0;7392;14688;0;0;0;0;0;0;0;0;0;0;13;0;0;1292;0;0
36;1;323;2942300;15600;46600;23500;29200;14000;400;400;14600;1200;1256000;582500;915100;717600;536800;0;0;0;0;2580;1273;16176;7721;21404;0;0;0;0;0;0;0;0;7403;14688;0;0;0;0;0;0;0;0;0;0;13;0;0;1294;0;0
37;1;326;2892000;13000;42300;21600;27000;12700;300;300;13200;1800;1251900;565400;899000;724500;526300;0;0;0;0;2580;1277;16004;7666;21253;0;0;0;0;0;0;0;0;7348;14552;0;0;0;0;0;0;0;0;0;0;13;0;0;1290;0;0
38;1;330;3399100;12800;41700;22300;27600;10300;400;400;14700;2600;1556100;660300;1002500;807400;746600;0;0;0;0;2580;1275;16972;8073;21826;0;0;0;0;0;0;0;0;7334;15612;0;0;0;0;0;0;0;0;0;0;14;0;0;1291;0;0
39;1;333;5785500;11900;40400;21800;25600;10800;300;400;14400;1000;1272900;786700;3543100;657200;613100;0;0;0;0;2580;1272;17108;8166;21944;0;0;0;0;0;0;0;0;7434;14788;0;0;0;0;0;0;0;0;0;0;14;0;0;1294;0;0
40;1;336;5518000;66400;98900;31200;56900;44200;400;1000;37000;4300;1145900;762400;3134800;629100;512800;0;0;0;0;2580;1278;15940;7610;21201;0;0;0;0;0;0;0;0;7313;14588;0;0;0;0;0;0;0;0;0;0;13;0;0;1289;0;0
41;1;340;8362900;9500;39000;22300;31700;14500;600;900;12200;1000;1113300;861000;6205900;530600;582300;0;0;0;0;2580;1275;16076;7695;21319;0;0;0;0;0;0;0;0;7398;14788;0;0;0;0;0;0;0;0;0;0;13;0;0;1292;0;0
42;1;343;3022800;16800;42100;22400;28200;7000;500;400;12200;900;1342300;575800;927100;860300;480100;0;0;0;0;2580;1277;15976;7664;21234;0;0;0;0;0;0;0;0;7360;14652;0;0;0;0;0;0;0;0;0;0;13;0;0;1290;0;0
43;1;346;3141300;17200;44500;21500;28500;10300;400;300;13100;1200;1304900;722600;932100;756800;546900;0;0;0;0;2580;1278;16864;8070;21727;0;0;0;0;0;0;0;0;7320;14580;0;0;0;0;0;0;0;0;0;0;14;0;0;1288;0;0
44;1;350;3088800;13500;43000;21600;29100;10700;400;400;13800;1300;1282300;687700;944800;771200;510600;0;0;0;0;2580;1273;17072;8169;21911;0;0;0;0;0;0;0;0;7415;15712;0;0;0;0;0;0;0;0;0;0;14;0;0;1293;0;0
45;1;353;3619900;13700;40900;21600;27500;11000;400;700;15300;1700;1867300;605700;971300;1189400;675700;0;0;0;0;2580;1277;15976;7658;21234;0;0;0;0;0;0;0;0;7342;14688;0;0;0;0;0;0;0;0;0;0;13;0;0;1290;0;0
46;1;356;4273600;16000;45900;30300;28100;10600;400;500;13400;1000;1358300;602000;2116700;673600;681800;0;0;0;0;2580;1276;16040;7643;21286;0;0;0;0;0;0;0;0;7318;14652;0;0;0;0;0;0;0;0;0;0;13;0;0;1291;0;0
47;1;360;3715700;16600;46200;24200;29700;12000;400;300;14400;1900;1415600;609000;1453600;699500;715200;0;0;0;0;2580;1278;15940;7623;21201;0;0;0;0;0;0;0;0;7311;14652;0;0;0;0;0;0;0;0;0;0;13;0;0;1289;0;0
48;1;363;2926700;14100;41700;22700;43900;11100;400;600;13900;2000;1281400;565400;887300;724500;556100;0;0;0;0;2580;1275;16076;7687;21319;0;0;0;0;0;0;0;0;7380;14752;0;0;0;0;0;0;0;0;0;0;13;0;0;1292;0;0
49;1;366;3282300;13000;41600;21900;27800;9500;400;400;13900;1400;1249300;738500;1115400;707000;540200;0;0;0;0;2580;1277;16872;8031;21741;0;0;0;0;0;0;0;0;7299;15584;0;0;0;0;0;0;0;0;0;0;14;0;0;1289;0;0
50;1;370;3222200;14500;40600;22400;27700;9500;400;600;14600;1100;1377800;543200;1125200;766500;610600;0;0;0;0;2580;1279;15008;7251;20661;0;0;0;0;0;0;0;0;6949;14680;0;0;0;0;0;0;0;0;0;0;12;0;0;1289;0;0
51;1;373;4984600;14800;43700;22500;28000;12200;300;500;14000;1000;1282000;657600;2808700;632000;648500;0;0;0;0;2580;1274;15216;7315;20845;0;0;0;0;0;0;0;0;7009;14760;0;0;0;0;0;0;0;0;0;0;12;0;0;1294;0;0
52;1;376;3653700;20000;47400;23500;29100;12500;400;600;13400;900;1167200;784300;1423500;602500;562900;0;0;0;0;2580;1276;15088;7264;20741;0;0;0;0;0;0;0;0;6962;14552;0;0;0;0;0;0;0;0;0;0;12;0;0;1292;0;0
53;1;380;3408600;17400;45400;22600;30300;12300;400;300;14300;2200;1408600;593800;1183600;748200;659300;0;0;0;0;2580;1276;15116;7269;20760;0;0;0;0;0;0;0;0;6966;14652;0;0;0;0;0;0;0;0;0;0;12;0;0;1292;0;0
54;1;383;3057700;11000;41000;22200;27800;8200;400;300;12800;900;1216900;757800;916400;679900;535900;0;0;0;0;2580;1276;16012;7652;21267;0;0;0;0;0;0;0;0;6905;14488;0;0;0;0;0;0;0;0;0;0;13;0;0;1291;0;0
55;1;386;3313800;17200;43100;22700;28900;10600;400;500;14400;1400;1446900;681800;1002400;796200;649600;0;0;0;0;2580;1275;16076;7726;21319;0;0;0;0;0;0;0;0;7158;14716;0;0;0;0;0;0;0;0;0;0;13;0;0;1292;0;0
56;1;390;3244300;15800;60100;23800;28900;9600;300;400;13300;1200;843900;782400;1426900;464200;378600;0;0;0;0;2580;1278;15044;7264;20694;0;0;0;0;0;0;0;0;6978;14652;0;0;0;0;0;0;0;0;0;0;12;0;0;1290;0;0
57;1;393;2868800;39200;80400;28600;34600;36500;500;700;22000;3200;984800;657500;927300;611700;372200;0;0;0;0;2580;1276;15144;7291;20779;0;0;0;0;0;0;0;0;6989;14780;0;0;0;0;0;0;0;0;0;0;12;0;0;1292;0;0
58;1;396;3237200;12100;38800;23000;35200;10500;300;500;14400;1100;1309000;529400;1221500;656100;651900;0;0;0;0;2580;1277;14996;7246;20670;0;0;0;0;0;0;0;0;6944;14560;0;0;0;0;0;0;0;0;0;0;12;0;0;1291;0;0
59;1;400;2932500;13600;43800;23800;31100;12300;300;400;16000;1900;1174800;644400;928400;523700;648600;0;0;0;0;2580;1277;15108;7247;20746;0;0;0;0;0;0;0;0;6958;14680;0;0;0;0;0;0;0;0;0;0;12;0;0;1291;0;0
60;0;403;3396700;14600;43000;21600;27000;10200;400;500;12500;2000;1466200;750900;1008000;705200;759600;0;0;0;0;2580;1278;15912;7650;21182;0;0;0;0;0;0;0;0;6930;15512;0;0;0;0;0;0;0;0;0;0;13;0;0;1289;0;0
61;0;406;3259100;16300;40300;21700;30100;12300;400;400;14900;2200;1438000;630200;995700;779100;657300;0;0;0;0;2580;1278;14988;7191;20656;0;0;0;0;0;0;0;0;6897;14552;0;0;0;0;0;0;0;0;0;0;12;0;0;1290;0;0
62;0;410;3243600;28300;79300;29800;46900;55900;400;1300;27500;3700;1097800;556000;1259500;546600;550400;0;0;0;0;2580;1276;15144;7305;20779;0;0;0;0;0;0;0;0;7008;14780;0;0;0;0;0;0;0;0;0;0;12;0;0;1292;0;0
63;0;413;3119400;16200;46800;22900;29900;10800;300;500;15600;1600;1288300;576600;1065600;749400;538500;0;0;0;0;2580;1278;15016;7229;20675;0;0;0;0;0;0;0;0;6934;14616;0;0;0;0;0;0;0;0;0;0;12;0;0;1290;0;0
64;0;416;3024600;13200;44200;22300;29800;10400;300;500;13800;1400;1427900;539900;880200;785800;641400;0;0;0;0;2580;1277;15052;7291;20708;0;0;0;0;0;0;0;0;6980;14716;0;0;0;0;0;0;0;0;0;0;12;0;0;1291;0;0
65;0;420;3281400;11000;38200;22200;27700;10900;400;500;14600;700;1269600;855900;992100;728800;539600;0;0;0;0;2580;1280;15812;7621;21097;0;0;0;0;0;0;0;0;6893;14588;0;0;0;0;0;0;0;0;0;0;13;0;0;1287;0;0
66;0;423;3140400;9700;39100;22500;26300;8900;300;500;12800;1200;1347100;607800;1009300;694100;651100;0;0;0;0;2580;1277;15080;7292;20727;0;0;0;0;0;0;0;0;7000;14780;0;0;0;0;0;0;0;0;0;0;12;0;0;1291;0;0
67;0;426;3562700;9900;38600;22800;28400;10400;400;500;13900;1500;1276000;671700;1375500;654300;619100;0;0;0;0;2580;1279;14952;7219;20623;0;0;0;0;0;0;0;0;6925;14560;0;0;0;0;0;0;0;0;0;0;12;0;0;1289;0;0
68;0;430;3151700;13300;39200;22400;29900;9000;300;400;15200;1300;1312800;565100;1092600;733600;578000;0;0;0;0;2580;1280;14972;7188;20628;0;0;0;0;0;0;0;0;6894;14580;0;0;0;0;0;0;0;0;0;0;12;0;0;1288;0;0
69;0;433;2842300;13600;42200;21500;27500;10700;400;400;14500;1000;1252200;534900;880300;704900;546500;0;0;0;0;2580;1276;15088;7269;20741;0;0;0;0;0;0;0;0;6985;14688;0;0;0;0;0;0;0;0;0;0;12;0;0;1292;0;0
70;0;436;2791000;11300;38600;21600;26700;10000;400;400;14100;1100;1223500;529800;873300;682300;540700;0;0;0;0;2580;1278;14960;7240;20637;0;0;0;0;0;0;0;0;6952;14560;0;0;0;0;0;0;0;0;0;0;12;0;0;1290;0;0
71;0;440;3162800;11900;50500;23800;28500;10600;400;800;16500;1300;1323900;669700;985400;693700;628900;0;0;0;0;2580;1277;16004;7701;21253;0;0;0;0;0;0;0;0;7337;14708;0;0;0;0;0;0;0;0;0;0;13;0;0;1290;0;0
72;0;443;3792300;9400;50500;22600;28000;17700;400;300;22700;900;959700;647900;1968700;549100;407400;0;0;0;0;2580;1278;14960;7240;20637;0;0;0;0;0;0;0;0;6951;14660;0;0;0;0;0;0;0;0;0;0;12;0;0;1290;0;0
73;0;446;3036400;17600;45500;22400;34900;10300;400;500;14300;1200;1246200;532400;1068700;697400;547200;0;0;0;0;2580;1278;15072;7285;20713;0;0;0;0;0;0;0;0;7001;14744;0;0;0;0;0;0;0;0;0;0;12;0;0;1290;0;0
74;0;450;2869800;11500;55600;22300;29000;11800;400;500;15300;2200;1263200;535700;882400;718500;543700;0;0;0;0;2580;1281;14852;7194;20538;0;0;0;0;0;0;0;0;6906;14552;0;0;0;0;0;0;0;0;0;0;12;0;0;1287;0;0
75;0;453;2865000;10400;40800;21900;28400;10500;400;500;13100;1000;1319400;541000;838700;795600;523200;0;0;0;0;2580;1277;15052;7270;20708;0;0;0;0;0;0;0;0;6987;14652;0;0;0;0;0;0;0;0;0;0;12;0;0;1291;0;0
76;0;456;3865300;9700;38000;22100;26800;11000;300;500;14900;2000;1366000;1181000;1153300;746800;618100;0;0;0;0;2580;1276;16040;7639;21286;0;0;0;0;0;0;0;0;6957;14680;0;0;0;0;0;0;0;0;0;0;13;0;0;1291;0;0
77;0;460;3821100;14600;43100;22800;28400;10300;300;500;13300;1500;1256000;568700;1744900;625200;629900;0;0;0;0;2580;1280;14888;7203;20571;0;0;0;0;0;0;0;0;6909;14624;0;0;0;0;0;0;0;0;0;0;12;0;0;1288;0;0
78;0;463;2982900;12100;39000;22100;27700;9300;400;400;13500;1000;1302800;594300;916300;735200;565100;0;0;0;0;2580;1280;14972;7206;20628;0;0;0;0;0;0;0;0;6915;14580;0;0;0;0;0;0;0;0;0;0;12;0;0;1288;0;0
79;0;466;2847300;11400;39900;23000;29000;9400;300;400;13900;1200;1268200;533200;879200;720400;547200;0;0;0;0;2580;1276;15088;7275;20741;0;0;0;0;0;0;0;0;6961;14724;0;0;0;0;0;0;0;0;0;0;12;0;0;1292;0;0
80;0;470;2835400;13000;41300;22500;27700;10600;300;1000;12700;1000;1266800;523800;870500;718000;548000;0;0;0;0;2580;1281;14852;7212;20538;0;0;0;0;0;0;0;0;6919;14552;0;0;0;0;0;0;0;0;0;0;12;0;0;1287;0;0
81;0;473;3033200;10900;40700;21600;29100;10100;400;300;15500;1300;1365700;543800;953500;663700;700100;0;0;0;0;2580;1281;14852;7176;20538;0;0;0;0;0;0;0;0;6882;14552;0;0;0;0;0;0;0;0;0;0;12;0;0;1287;0;0
82;0;476;3112300;8500;38100;22500;28400;8900;300;400;14600;900;1158400;606700;1185400;628900;527800;0;0;0;0;2580;1276;15116;7296;20760;0;0;0;0;0;0;0;0;7006;14716;0;0;0;0;0;0;0;0;0;0;12;0;0;1292;0;0
83;0;480;3899000;10400;63700;25600;47400;23200;300;300;25800;3500;1190100;587000;1867700;611200;575400;0;0;0;0;2580;1281;14880;7192;20557;0;0;0;0;0;0;0;0;6893;14616;0;0;0;0;0;0;0;0;0;0;12;0;0;1287;0;0
84;0;483;3096300;22000;50900;22500;30600;12800;400;1200;13700;2100;1436100;557700;900800;834400;600500;0;0;0;0;2580;1281;14852;7190;20538;0;0;0;0;0;0;0;0;6897;14588;0;0;0;0;0;0;0;0;0;0;12;0;0;1287;0;0
85;0;486;2965500;15500;41500;23500;27900;9400;300;300;14700;1700;1371700;532700;885000;790300;579700;0;0;0;0;2580;1278;15016;7220;20675;0;0;0;0;0;0;0;0;6934;14588;0;0;0;0;0;0;0;0;0;0;12;0;0;1290;0;0
86;0;490;2892700;11700;41200;22700;28500;10100;400;700;14400;2300;1248400;529100;943600;716900;530700;0;0;0;0;2580;1278;14988;7236;20656;0;0;0;0;0;0;0;0;6944;14688;0;0;0;0;0;0;0;0;0;0;12;0;0;1290;0;0
87;0;493;3076500;8800;35300;22100;27100;7800;400;300;13100;1000;1256200;674500;979500;652000;601900;0;0;0;0;2580;1279;14952;7262;20623;0;0;0;0;0;0;0;0;6960;14552;0;0;0;0;0;0;0;0;0;0;12;0;0;1289;0;0
88;0;496;3835800;12100;37300;22300;28000;9200;300;400;13700;1800;1104200;555100;1979200;620900;481100;0;0;0;0;2580;1276;15116;7336;20760;0;0;0;0;0;0;0;0;7042;14816;0;0;0;0;0;0;0;0;0;0;12;0;0;1292;0;0
89;0;500;3821900;13900;47400;22100;28000;11200;400;400;14600;1000;1724900;557200;1356100;917200;806400;0;0;0;0;2580;1282;14816;7175;20505;0;0;0;0;0;0;0;0;6882;14552;0;0;0;0;0;0;0;0;0;0;12;0;0;1286;0;0
90;0;503;2807100;18800;40300;22100;29700;9100;700;400;16100;1200;1205000;554400;857700;718000;486200;0;0;0;0;2580;1280;14944;7208;20609;0;0;0;0;0;0;0;0;6917;14616;0;0;0;0;0;0;0;0;0;0;12;0;0;1288;0;0
91;0;506;2972700;11600;40100;21500;27200;9100;400;400;13600;1100;1174700;595000;1021900;602900;570000;0;0;0;0;2580;1278;14988;7233;20656;0;0;0;0;0;0;0;0;6937;14624;0;0;0;0;0;0;0;0;0;0;12;0;0;1290;0;0
92;0;510;3194300;40600;45700;21800;27000;11500;500;400;15300;1500;1364700;582500;997400;665500;698100;0;0;0;0;2580;1282;14788;7150;20486;0;0;0;0;0;0;0;0;6845;14452;0;0;0;0;0;0;0;0;0;0;12;0;0;1286;0;0
93;0;513;3912700;12300;41400;21900;27900;10700;300;400;14000;1200;1280500;1128500;1321000;682400;595600;0;0;0;0;2580;1277;15080;7319;20727;0;0;0;0;0;0;0;0;7027;14780;0;0;0;0;0;0;0;0;0;0;12;0;0;1291;0;0
94;0;516;3044800;13200;42400;22900;29800;12500;300;500;15100;1700;1377900;544200;939700;786400;589300;0;0;0;0;2580;1280;14888;7247;20571;0;0;0;0;0;0;0;0;6941;14652;0;0;0;0;0;0;0;0;0;0;12;0;0;1288;0;0
95;0;520;2858300;12200;41600;21500;27200;10400;300;400;14100;1200;1268000;544900;875800;722500;544300;0;0;0;0;2580;1278;15044;7304;20694;0;0;0;0;0;0;0;0;7007;14716;0;0;0;0;0;0;0;0;0;0;12;0;0;1290;0;0
96;0;523;2885000;9300;40400;21400;27600;12600;300;400;15500;1000;1255600;524500;932400;656600;598100;0;0;0;0;2580;1281;14880;7229;20557;0;0;0;0;0;0;0;0;6933;14552;0;0;0;0;0;0;0;0;0;0;12;0;0;1287;0;0
97;0;526;3272900;13400;51000;23600;29100;15600;300;400;14400;2100;1389500;562200;1128800;647400;741200;0;0;0;0;2580;1278;14988;7259;20656;0;0;0;0;0;0;0;0;6959;14624;0;0;0;0;0;0;0;0;0;0;12;0;0;1290;0;0
98;0;530;4277100;11600;36600;22900;29400;9300;300;900;15200;1300;1239100;704900;2027300;650500;587100;0;0;0;0;2580;1277;15080;7236;20727;0;0;0;0;0;0;0;0;6949;14616;0;0;0;0;0;0;0;0;0;0;12;0;0;1291;0;0
99;0;533;2850800;13800;42400;21600;27700;10400;400;500;14300;1000;1247600;536400;893300;707700;538700;0;0;0;0;2580;1283;14752;7152;20453;0;0;0;0;0;0;0;0;6866;14452;0;0;0;0;0;0;0;0;0;0;12;0;0;1285;0;0
100;0;536;2821500;12300;39100;21800;27200;13200;400;600;13400;1200;1239500;538000;873700;713300;524600;0;0;0;0;2580;1276;15060;7271;20722;0;0;0;0;0;0;0;0;6971;14724;0;0;0;0;0;0;0;0;0;0;12;0;0;1292;0;0
101;0;540;2878000;11800;40800;22300;27900;10400;300;400;13700;1300;1308900;534300;865200;715300;592500;0;0;0;0;2580;1281;14880;7190;20557;0;0;0;0;0;0;0;0;6892;14580;0;0;0;0;0;0;0;0;0;0;12;0;0;1287;0;0
102;0;543;2965900;10900;40000;21600;27800;10800;300;400;13800;3700;1181400;640200;968300;568300;612300;0;0;0;0;2580;1281;14852;7248;20538;0;0;0;0;0;0;0;0;6964;14552;0;0;0;0;0;0;0;0;0;0;12;0;0;1287;0;0
103;0;546;3737700;8900;37800;22200;29000;9500;400;400;13500;1000;1309200;687900;1532300;646200;660100;0;0;0;0;2580;1280;14860;7233;20552;0;0;0;0;0;0;0;0;6949;14624;0;0;0;0;0;0;0;0;0;0;12;0;0;1288;0;0
104;0;550;2855000;30900;79600;29000;40000;21500;400;400;27200;3900;881200;648300;1001300;523300;355200;0;0;0;0;2580;1281;14880;7205;20557;0;0;0;0;0;0;0;0;6922;14580;0;0;0;0;0;0;0;0;0;0;12;0;0;1287;0;0
105;0;553;2917500;13900;40400;21800;30300;10200;400;500;14300;2200;1320200;529400;891600;753400;565800;0;0;0;0;2580;1278;14988;7307;20656;0;0;0;0;0;0;0;0;7021;14716;0;0;0;0;0;0;0;0;0;0;12;0;0;1290;0;0
106;0;556;3085300;18400;47900;22600;29500;15100;400;500;13300;1900;1416700;577600;890500;664400;751000;0;0;0;0;2580;1281;14824;7195;20519;0;0;0;0;0;0;0;0;6914;14552;0;0;0;0;0;0;0;0;0;0;12;0;0;1287;0;0
107;0;560;3000700;12200;38900;21800;28400;9900;600;400;13700;1600;1292100;528900;1012400;682100;608300;0;0;0;0;2580;1281;14880;7220;20557;0;0;0;0;0;0;0;0;6938;14616;0;0;0;0;0;0;0;0;0;0;12;0;0;1287;0;0
108;0;563;3439400;14300;40800;22400;28900;11100;400;600;12900;2900;1348200;794800;1113500;709400;637600;0;0;0;0;2580;1282;14788;7200;20486;0;0;0;0;0;0;0;0;6917;14588;0;0;0;0;0;0;0;0;0;0;12;0;0;1286;0;0
109;0;566;3498100;13300;40000;21900;29200;9200;400;400;13900;1100;1095500;725800;1432600;604200;489700;0;0;0;0;2580;1283;14724;7155;20434;0;0;0;0;0;0;0;0;6857;14524;0;0;0;0;0;0;0;0;0;0;12;0;0;1285;0;0
110;0;570;3239800;17400;45500;23100;32600;14800;400;400;14500;1700;1522400;557000;959500;820400;700000;0;0;0;0;2580;1277;15080;7345;20727;0;0;0;0;0;0;0;0;7058;14716;0;0;0;0;0;0;0;0;0;0;12;0;0;1291;0;0
111;0;573;2901000;11800;39800;21900;27700;9800;400;500;13000;2100;1261000;534600;934600;694600;565000;0;0;0;0;2580;1283;14724;7157;20434;0;0;0;0;0;0;0;0;6858;14488;0;0;0;0;0;0;0;0;0;0;12;0;0;1285;0;0
112;0;576;3124400;15200;44600;22000;29400;10800;300;400;15300;1400;1357300;575700;1010600;751100;605000;0;0;0;0;2580;1280;14888;7248;20571;0;0;0;0;0;0;0;0;6947;14688;0;0;0;0;0;0;0;0;0;0;12;0;0;1288;0;0
113;0;580;3781200;18100;42500;22600;27100;9900;600;700;16500;1500;1336200;1049800;1207300;689100;645800;0;0;0;0;2580;1280;14916;7194;20590;0;0;0;0;0;0;0;0;6916;14616;0;0;0;0;0;0;0;0;0;0;12;0;0;1288;0;0
114;0;583;3361900;15000;41800;23700;28400;10200;400;600;13600;900;1092400;711900;1296500;575000;511300;0;0;0;0;2580;1282;14816;7188;20505;0;0;0;0;0;0;0;0;6902;14488;0;0;0;0;0;0;0;0;0;0;12;0;0;1286;0;0
115;0;586;2914800;13600;46400;22400;29800;11300;400;800;14100;2400;1331600;535000;866200;779500;551300;0;0;0;0;2580;1282;14816;7214;20505;0;0;0;0;0;0;0;0;6921;14580;0;0;0;0;0;0;0;0;0;0;12;0;0;1286;0;0
116;0;590;2835500;9200;36200;21400;26300;12300;300;400;14500;1100;1267600;533300;874200;661800;604700;0;0;0;0;2580;1280;14860;7215;20552;0;0;0;0;0;0;0;0;6923;14552;0;0;0;0;0;0;0;0;0;0;12;0;0;1288;0;0
117;0;593;2931000;11400;41500;21900;28100;11400;400;700;15600;2000;1309500;545600;904100;794000;514700;0;0;0;0;2580;1279;14980;7334;20642;0;0;0;0;0;0;0;0;7019;14744;0;0;0;0;0;0;0;0;0;0;12;0;0;1289;0;0
118;0;596;3508700;14600;44300;21600;27800;12100;400;500;14400;1700;1285300;675300;1352900;637700;645100;0;0;0;0;2580;1282;14760;7164;20467;0;0;0;0;0;0;0;0;6851;14488;0;0;0;0;0;0;0;0;0;0;12;0;0;1286;0;0
119;0;600;3843000;12500;40900;21600;30900;11400;300;400;15800;800;1340000;540100;1726700;605600;732300;0;0;0;0;2580;1279;14952;7228;20623;0;0;0;0;0;0;0;0;6929;14652;0;0;0;0;0;0;0;0;0;0;12;0;0;1289;0;0
120;0;603;2919600;13700;41100;21900;27200;11800;400;600;13200;1300;1316500;531300;896400;736400;579300;0;0;0;0;2580;1282;14816;7195;20505;0;0;0;0;0;0;0;0;6901;14516;0;0;0;0;0;0;0;0;0;0;12;0;0;1286;0;0
121;0;606;2821000;10500;39000;22300;27100;10400;400;300;14800;2100;1262600;536100;856600;728900;532500;0;0;0;0;2580;1281;14824;7184;20519;0;0;0;0;0;0;0;0;6891;14524;0;0;0;0;0;0;0;0;0;0;12;0;0;1287;0;0
122;0;610;3021600;11400;39200;21400;27000;8800;400;500;13900;1400;1456300;533600;866200;844900;610300;0;0;0;0;2580;1281;14880;7210;20557;0;0;0;0;0;0;0;0;6905;14616;0;0;0;0;0;0;0;0;0;0;12;0;0;1287;0;0
123;0;613;3443700;12800;50100;22700;31500;14400;400;600;15100;1100;1142700;868600;1219500;508500;633200;0;0;0;0;2580;1280;14860;7176;20552;0;0;0;0;0;0;0;0;6850;14552;0;0;0;0;0;0;0;0;0;0;12;0;0;1288;0;0
124;0;616;4053500;11300;40100;22400;27900;10200;400;400;14800;1400;1213400;669900;1957900;634200;576900;0;0;0;0;2580;1279;14952;7233;20623;0;0;0;0;0;0;0;0;6921;14580;0;0;0;0;0;0;0;0;0;0;12;0;0;1289;0;0
125;0;620;2875100;15900;42500;22100;27900;11500;300;500;14600;1400;1266300;542900;887900;712600;553200;0;0;0;0;2580;1285;14652;7136;20368;0;0;0;0;0;0;0;0;6828;14452;0;0;0;0;0;0;0;0;0;0;12;0;0;1283;0;0
126;0;623;3060300;11700;38500;21800;27600;13000;400;400;14000;1900;1433900;532900;919600;691000;741800;0;0;0;0;2580;1279;14980;7289;20642;0;0;0;0;0;0;0;0;6972;14780;0;0;0;0;0;0;0;0;0;0;12;0;0;1289;0;0
127;0;626;2824300;11200;37300;22300;27200;11700;400;600;13600;1700;1254700;528700;876100;704900;549000;0;0;0;0;2580;1281;14852;7171;20538;0;0;0;0;0;0;0;0;6876;14516;0;0;0;0;0;0;0;0;0;0;12;0;0;1287;0;0
128;0;630;3404000;11000;41400;21700;28400;10100;400;400;12800;1400;1541000;615600;1064200;780700;757700;0;0;0;0;2580;1283;14752;7211;20453;0;0;0;0;0;0;0;0;6910;14488;0;0;0;0;0;0;0;0;0;0;12;0;0;1285;0;0
129;0;633;3008900;10600;43100;21900;28600;10000;300;400;14900;2100;1189200;644500;994500;616300;569100;0;0;0;0;2580;1281;14852;7214;20538;0;0;0;0;0;0;0;0;6890;14616;0;0;0;0;0;0;0;0;0;0;12;0;0;1287;0;0
130;0;636;3722500;9600;39000;22700;27900;11000;300;500;13400;1500;1256600;668900;1568600;642600;612600;0;0;0;0;2580;1283;14724;7159;20434;0;0;0;0;0;0;0;0;6864;14488;0;0;0;0;0;0;0;0;0;0;12;0;0;1285;0;0
131;0;640;2931500;17300;41100;24200;28300;11600;400;400;14000;900;1315000;532500;899400;744900;569300;0;0;0;0;2580;1283;14724;7180;20434;0;0;0;0;0;0;0;0;6866;14552;0;0;0;0;0;0;0;0;0;0;12;0;0;1285;0;0
132;0;643;2854600;11800;39700;21500;28000;9000;400;400;14700;1200;1296300;523800;866200;740700;554300;0;0;0;0;2580;1283;14752;7201;20453;0;0;0;0;0;0;0;0;6877;14580;0;0;0;0;0;0;0;0;0;0;12;0;0;1285;0;0
133;0;646;3066200;9600;39500;21700;28800;7300;400;1200;12800;800;1313800;576400;1012800;709100;603600;0;0;0;0;2580;1281;14852;7243;20538;0;0;0;0;0;0;0;0;6937;14652;0;0;0;0;0;0;0;0;0;0;12;0;0;1287;0;0
134;0;650;3111500;10000;41100;22500;27400;11000;300;400;14000;1000;1052000;542400;1292200;582900;467800;0;0;0;0;2580;1283;14724;7132;20434;0;0;0;0;0;0;0;0;6799;14452;0;0;0;0;0;0;0;0;0;0;12;0;0;1285;0;0
135;0;653;3383700;15700;44800;23600;29000;12400;300;400;14100;1200;1113100;559300;1473800;586300;524900;0;0;0;0;2580;1280;14888;7283;20571;0;0;0;0;0;0;0;0;6962;14716;0;0;0;0;0;0;0;0;0;0;12;0;0;1288;0;0
136;0;656;2977300;14500;48400;24500;32500;13400;300;200;15800;1400;1355500;549400;877400;795100;559100;0;0;0;0;2580;1280;14888;7258;20571;0;0;0;0;0;0;0;0;6945;14552;0;0;0;0;0;0;0;0;0;0;12;0;0;1288;0;0
137;0;660;2830600;10800;40100;21600;27800;9800;400;300;13400;900;1254700;524600;888400;636400;617600;0;0;0;0;2580;1283;14780;7216;20472;0;0;0;0;0;0;0;0;6925;14516;0;0;0;0;0;0;0;0;0;0;12;0;0;1285;0;0
138;0;663;3482300;13100;40800;21900;30500;13700;400;300;15100;1000;1411900;784400;1109300;769100;642000;0;0;0;0;2580;1283;14752;7200;20453;0;0;0;0;0;0;0;0;6902;14516;0;0;0;0;0;0;0;0;0;0;12;0;0;1285;0;0
139;0;666;3160000;14400;42300;21500;26700;7500;300;900;19400;1100;1236900;569000;1175100;587900;647700;0;0;0;0;2580;1284;14688;7179;20401;0;0;0;0;0;0;0;0;6882;14552;0;0;0;0;0;0;0;0;0;0;12;0;0;1284;0;0
140;0;670;3491500;16300;40400;23000;28700;9300;400;500;14400;1300;1161700;696600;1378000;656900;503400;0;0;0;0;2580;1283;14752;7186;20453;0;0;0;0;0;0;0;0;6898;14488;0;0;0;0;0;0;0;0;0;0;12;0;0;1285;0;0
141;0;673;3023400;15100;50500;22600;27800;14100;400;600;14700;1000;1396000;529600;907800;758100;637000;0;0;0;0;2580;1278;14960;7200;20637;0;0;0;0;0;0;0;0;6908;14552;0;0;0;0;0;0;0;0;0;0;12;0;0;1290;0;0
142;0;676;2825300;12500;40600;22300;28300;10900;400;300;13300;1500;1228000;534000;891200;689200;538400;0;0;0;0;2580;1280;14916;7252;20590;0;0;0;0;0;0;0;0;6951;14616;0;0;0;0;0;0;0;0;0;0;12;0;0;1288;0;0
143;0;680;3422000;13100;39600;24000;29000;17400;300;400;16700;2200;1205900;916700;1102800;562000;643000;0;0;0;0;2580;1285;14652;7159;20368;0;0;0;0;0;0;0;0;6866;14516;0;0;0;0;0;0;0;0;0;0;12;0;0;1283;0;0
144;0;683;3241600;14000;40600;22400;27800;8800;300;500;13700;1000;1342600;531900;1198100;625400;716400;0;0;0;0;2580;1281;14852;7206;20538;0;0;0;0;0;0;0;0;6882;14588;0;0;0;0;0;0;0;0;0;0;12;0;0;1287;0;0
145;0;686;3806600;9100;37100;21400;29400;9000;300;300;12700;1300;1009500;736700;1813200;539600;467500;0;0;0;0;2580;1284;14688;7184;20401;0;0;0;0;0;0;0;0;6886;14516;0;0;0;0;0;0;0;0;0;0;12;0;0;1284;0;0
146;0;690;2982500;13200;42800;21900;27400;10500;400;300;14800;1600;1353400;522400;924000;625600;726600;0;0;0;0;2580;1284;14688;7149;20401;0;0;0;0;0;0;0;0;6845;14516;0;0;0;0;0;0;0;0;0;0;12;0;0;1284;0;0
147;0;693;3044200;12600;38500;21500;30100;11200;400;500;14300;1300;1418800;532700;919900;636900;780900;0;0;0;0;2580;1281;14796;7196;20500;0;0;0;0;0;0;0;0;6897;14488;0;0;0;0;0;0;0;0;0;0;12;0;0;1287;0;0
148;0;696;3228600;12500;42300;22400;35800;12000;300;300;14000;1300;1496700;597500;946700;721400;773800;0;0;0;0;2580;1281;14852;7245;20538;0;0;0;0;0;0;0;0;6948;14580;0;0;0;0;0;0;0;0;0;0;12;0;0;1287;0;0
149;0;700;3242000;22500;50800;23100;30200;12200;400;500;14400;1500;1369400;546700;1123000;730900;637500;0;0;0;0;2580;1281;14824;7225;20519;0;0;0;0;0;0;0;0;6925;14588;0;0;0;0;0;0;0;0;0;0;12;0;0;1287;0;0
150;0;703;3736700;19800;45800;21700;27100;8000;400;400;11900;800;1058000;679700;1818000;661300;394700;0;0;0;0;2580;1285;14652;7168;20368;0;0;0;0;0;0;0;0;6871;14516;0;0;0;0;0;0;0;0;0;0;12;0;0;1283;0;0
151;0;706;3030600;11300;39000;21800;27700;8400;400;400;13400;1600;1289600;542100;1029000;680700;607800;0;0;0;0;2580;1283;14752;7177;20453;0;0;0;0;0;0;0;0;6872;14516;0;0;0;0;0;0;0;0;0;0;12;0;0;1285;0;0
152;0;710;2994200;16700;45100;22600;27500;12400;400;300;14900;1800;1242900;532200;1034500;673200;568700;0;0;0;0;2580;1282;14732;7156;20448;0;0;0;0;0;0;0;0;6855;14488;0;0;0;0;0;0;0;0;0;0;12;0;0;1286;0;0
153;0;713;3038500;12100;41400;21600;27500;9100;400;300;13800;1900;1326900;536400;1003300;631600;693900;0;0;0;0;2580;1283;14752;7216;20453;0;0;0;0;0;0;0;0;6923;14516;0;0;0;0;0;0;0;0;0;0;12;0;0;1285;0;0
154;0;716;3126400;12500;43200;22400;29400;10300;300;400;16600;1100;1298700;546100;1101800;709300;587500;0;0;0;0;2580;1281;14824;7212;20519;0;0;0;0;0;0;0;0;6923;14552;0;0;0;0;0;0;0;0;0;0;12;0;0;1287;0;0
155;0;720;4154000;12500;41100;22700;29700;13000;300;400;16700;1400;1218300;590600;2120800;711500;504100;0;0;0;0;2580;1281;14852;7217;20538;0;0;0;0;0;0;0;0;6928;14616;0;0;0;0;0;0;0;0;0;0;12;0;0;1287;0;0
156;0;723;2851800;13700;41200;22400;28500;9800;300;500;13300;1200;1164900;551700;961400;650300;513700;0;0;0;0;2580;1284;14688;7165;20401;0;0;0;0;0;0;0;0;6887;14552;0;0;0;0;0;0;0;0;0;0;12;0;0;1284;0;0
157;0;726;2805000;12300;45100;22000;28400;9500;400;300;13500;1700;1248900;528700;852800;717700;530600;0;0;0;0;2580;1282;14816;7216;20505;0;0;0;0;0;0;0;0;6924;14552;0;0;0;0;0;0;0;0;0;0;12;0;0;1286;0;0
158;0;730;3042400;12700;40900;21400;27500;10000;400;300;13500;700;1465000;548500;861000;699800;763900;0;0;0;0;2580;1281;14824;7205;20519;0;0;0;0;0;0;0;0;6910;14516;0;0;0;0;0;0;0;0;0;0;12;0;0;1287;0;0
159;0;733;3044300;11400;40300;22400;29200;9400;400;400;13100;800;1265800;578900;1034200;693600;570500;0;0;0;0;2580;1283;14724;7170;20434;0;0;0;0;0;0;0;0;6861;14488;0;0;0;0;0;0;0;0;0;0;12;0;0;1285;0;0
160;0;736;3047700;15800;42500;22900;31600;13700;300;400;15300;1800;1332100;544400;975100;645000;686200;0;0;0;0;2580;1283;14752;7161;20453;0;0;0;0;0;0;0;0;6857;14516;0;0;0;0;0;0;0;0;0;0;12;0;0;1285;0;0
161;0;740;3494900;8600;36100;21600;29100;8800;300;300;13800;1200;970600;564700;1716900;522400;446200;0;0;0;0;2580;1283;14724;7180;20434;0;0;0;0;0;0;0;0;6882;14552;0;0;0;0;0;0;0;0;0;0;12;0;0;1285;0;0
162;0;743;2814100;13800;43000;21500;28600;11100;300;300;13700;1700;1248700;519900;866300;715600;531700;0;0;0;0;2580;1284;14688;7169;20401;0;0;0;0;0;0;0;0;6876;14552;0;0;0;0;0;0;0;0;0;0;12;0;0;1284;0;0
163;0;746;2799900;9600;37000;22400;28500;8700;300;300;14600;1100;1248600;551300;835900;659600;588200;0;0;0;0;2580;1284;14688;7146;20401;0;0;0;0;0;0;0;0;6849;14488;0;0;0;0;0;0;0;0;0;0;12;0;0;1284;0;0
164;0;750;2870600;9600;37400;21700;27700;10400;400;300;14000;1100;1304900;530000;872200;676800;627600;0;0;0;0;2580;1283;14752;7200;20453;0;0;0;0;0;0;0;0;6909;14580;0;0;0;0;0;0;0;0;0;0;12;0;0;1285;0;0
165;0;753;3018100;14600;41900;23900;28900;12100;400;800;15800;2000;1266800;573700;994500;664800;601300;0;0;0;0;2580;1281;14824;7188;20519;0;0;0;0;0;0;0;0;6896;14516;0;0;0;0;0;0;0;0;0;0;12;0;0;1287;0;0
166;0;756;3636000;8600;56200;23600;38100;24400;300;300;18500;1400;897500;676200;1821200;483800;412400;0;0;0;0;2580;1283;14724;7173;20434;0;0;0;0;0;0;0;0;6879;14552;0;0;0;0;0;0;0;0;0;0;12;0;0;1285;0;0
167;0;760;2763600;16900;61500;21900;29900;12000;300;300;13000;900;947300;681500;934400;531300;415200;0;0;0;0;2580;1282;14788;7217;20486;0;0;0;0;0;0;0;0;6912;14580;0;0;0;0;0;0;0;0;0;0;12;0;0;1286;0;0
168;0;763;3284200;10700;38200;21500;27500;7400;400;300;12500;1200;1434700;542600;1146400;718300;715600;0;0;0;0;2580;1284;14688;7184;20401;0;0;0;0;0;0;0;0;6882;14488;0;0;0;0;0;0;0;0;0;0;12;0;0;1284;0;0
169;0;766;3025200;21700;46000;22700;29000;11200;400;400;15500;1200;1409200;524000;900100;701700;706500;0;0;0;0;2580;1284;14688;7155;20401;0;0;0;0;0;0;0;0;6856;14452;0;0;0;0;0;0;0;0;0;0;12;0;0;1284;0;0
170;0;770;3007300;12400;37200;21500;27700;11000;300;300;13700;1300;1343100;537700;958500;698700;643100;0;0;0;0;2580;1282;14760;7219;20467;0;0;0;0;0;0;0;0;6931;14552;0;0;0;0;0;0;0;0;0;0;12;0;0;1286;0;0
171;0;773;3650600;11200;40300;22600;28600;10500;500;300;15100;2000;1190200;600900;1686300;641300;548200;0;0;0;0;2580;1285;14624;7118;20349;0;0;0;0;0;0;0;0;6815;14452;0;0;0;0;0;0;0;0;0;0;12;0;0;1283;0;0
172;0;776;3069500;37400;83400;31100;38300;20300;400;500;18200;1900;971200;741900;1042800;557600;411200;0;0;0;0;2580;1283;14752;7184;20453;0;0;0;0;0;0;0;0;6882;14580;0;0;0;0;0;0;0;0;0;0;12;0;0;1285;0;0
173;0;780;2896000;11800;38900;21600;27200;12000;400;500;14700;1400;1257700;569900;892100;723400;533200;0;0;0;0;2580;1282;14788;7208;20486;0;0;0;0;0;0;0;0;6912;14552;0;0;0;0;0;0;0;0;0;0;12;0;0;1286;0;0
174;0;783;2821700;14100;40400;22000;26900;9400;300;400;13400;1200;1264900;531000;856900;696800;566500;0;0;0;0;2580;1284;14716;7176;20420;0;0;0;0;0;0;0;0;6891;14516;0;0;0;0;0;0;0;0;0;0;12;0;0;1284;0;0
175;0;786;2908200;10100;40300;26700;26400;9900;300;400;13800;1800;1223200;518000;999000;619900;602400;0;0;0;0;2580;1283;14724;7192;20434;0;0;0;0;0;0;0;0;6901;14588;0;0;0;0;0;0;0;0;0;0;12;0;0;1285;0;0
176;0;790;3553400;9600;35500;21800;26200;8600;400;400;13800;1300;1040500;761100;1551200;593600;444000;0;0;0;0;2580;1283;14752;7144;20453;0;0;0;0;0;0;0;0;6842;14516;0;0;0;0;0;0;0;0;0;0;12;0;0;1285;0;0
177;0;793;3079000;15700;49000;24800;30800;14400;400;400;14200;900;1362200;591600;930500;735900;624700;0;0;0;0;2580;1282;14788;7184;20486;0;0;0;0;0;0;0;0;6890;14552;0;0;0;0;0;0;0;0;0;0;12;0;0;1286;0;0
178;0;796;2943400;14600;39200;22600;28800;10700;300;300;14900;800;1263600;538000;967900;720500;542200;0;0;0;0;2580;1286;14588;7144;20316;0;0;0;0;0;0;0;0;6836;14452;0;0;0;0;0;0;0;0;0;0;12;0;0;1282;0;0
179;0;800;2988000;12900;42200;21700;28600;10400;300;600;13900;1600;1400900;537200;873300;856800;543100;0;0;0;0;2580;1282;14816;7186;20505;0;0;0;0;0;0;0;0;6882;14516;0;0;0;0;0;0;0;0;0;0;12;0;0;1286;0;0
180;0;803;2819300;10200;40100;21400;26600;9000;300;400;13900;1300;1230900;530700;890700;703100;527300;0;0;0;0;2580;1282;14760;7230;20467;0;0;0;0;0;0;0;0;6936;14588;0;0;0;0;0;0;0;0;0;0;12;0;0;1286;0;0
181;0;806;3820100;14000;39000;22100;27700;9400;400;400;12900;1200;1469300;548800;1633700;801400;667100;0;0;0;0;2580;1283;14780;7221;20472;0;0;0;0;0;0;0;0;6915;14452;0;0;0;0;0;0;0;0;0;0;12;0;0;1285;0;0
182;0;810;2765300;12000;37800;21600;26600;8400;300;400;13500;800;1213500;523600;867400;662900;548900;0;0;0;0;2580;1284;14660;7144;20382;0;0;0;0;0;0;0;0;6837;14488;0;0;0;0;0;0;0;0;0;0;12;0;0;1284;0;0
183;0;813;2832000;10900;37700;21700;26900;10100;300;500;13000;1100;1272300;524800;871500;650900;620200;0;0;0;0;2580;1282;14760;7154;20467;0;0;0;0;0;0;0;0;6847;14516;0;0;0;0;0;0;0;0;0;0;12;0;0;1286;0;0
184;0;816;3072300;9500;39100;22700;27800;10100;300;400;14000;1200;1535500;525400;838700;831100;702900;0;0;0;0;2580;1283;14752;7193;20453;0;0;0;0;0;0;0;0;6898;14616;0;0;0;0;0;0;0;0;0;0;12;0;0;1285;0;0
185;0;820;2879700;10900;38600;22000;28100;9100;800;400;15500;1600;1317100;527100;866000;660000;656100;0;0;0;0;2580;1285;14624;7127;20349;0;0;0;0;0;0;0;0;6822;14452;0;0;0;0;0;0;0;0;0;0;12;0;0;1283;0;0
186;0;823;2936700;11000;39900;22100;28800;12400;400;500;14600;1300;1285500;529000;951000;749400;535500;0;0;0;0;2580;1283;14780;7204;20472;0;0;0;0;0;0;0;0;6896;14644;0;0;0;0;0;0;0;0;0;0;12;0;0;1285;0;0
187;0;826;3129600;19800;177600;24400;32200;12800;400;400;15500;2700;978500;542000;1216800;480700;495900;0;0;0;0;2580;1285;14624;7150;20349;0;0;0;0;0;0;0;0;6835;14488;0;0;0;0;0;0;0;0;0;0;12;0;0;1283;0;0
188;0;830;2843000;13100;39300;22800;29900;12900;400;400;13700;1600;1260700;526400;877300;735100;524900;0;0;0;0;2580;1283;14752;7178;20453;0;0;0;0;0;0;0;0;6870;14452;0;0;0;0;0;0;0;0;0;0;12;0;0;1285;0;0
189;0;833;3095000;10800;38300;21500;28200;9100;400;500;13000;1600;1434200;553300;945200;862000;571600;0;0;0;0;2580;1283;14724;7170;20434;0;0;0;0;0;0;0;0;6873;14552;0;0;0;0;0;0;0;0;0;0;12;0;0;1285;0;0
190;0;836;2824700;8900;36800;21800;28300;7100;400;500;12300;2100;1198400;586100;874600;612000;585100;0;0;0;0;2580;1286;14588;7129;20316;0;0;0;0;0;0;0;0;6835;14452;0;0;0;0;0;0;0;0;0;0;12;0;0;1282;0;0
191;0;840;2818400;11500;39800;21600;27700;9800;400;600;14200;1300;1257800;535900;857600;637900;619400;0;0;0;0;2580;1282;14760;7177;20467;0;0;0;0;0;0;0;0;6868;14552;0;0;0;0;0;0;0;0;0;0;12;0;0;1286;0;0
192;0;843;3592000;11700;39500;22000;27000;9600;400;400;12800;2300;1407600;535700;1482100;777100;629200;0;0;0;0;2580;1285;14652;7161;20368;0;0;0;0;0;0;0;0;6850;14516;0;0;0;0;0;0;0;0;0;0;12;0;0;1283;0;0
193;0;846;2839300;12300;39500;21600;32200;10300;400;400;12800;1200;1243700;521800;900600;705200;537500;0;0;0;0;2580;1283;14752;7166;20453;0;0;0;0;0;0;0;0;6869;14488;0;0;0;0;0;0;0;0;0;0;12;0;0;1285;0;0
194;0;850;3170600;11100;45900;23900;23400;10300;300;400;12900;1100;1386100;467100;1148900;636100;748200;0;0;0;0;2580;1284;14660;7154;20382;0;0;0;0;0;0;0;0;6843;14488;0;0;0;0;0;0;0;0;0;0;12;0;0;1284;0;0
195;0;853;2956800;13700;41900;21900;36800;10900;600;700;13700;1700;1313700;541700;917500;639000;674200;0;0;0;0;2580;1282;14816;7230;20505;0;0;0;0;0;0;0;0;6916;14580;0;0;0;0;0;0;0;0;0;0;12;0;0;1286;0;0
196;0;856;2918200;13000;41400;22200;27700;10200;300;500;20800;1600;1311700;531400;895700;739600;570700;0;0;0;0;2580;1283;14752;7186;20453;0;0;0;0;0;0;0;0;6867;14488;0;0;0;0;0;0;0;0;0;0;12;0;0;1285;0;0
197;0;860;2928100;12000;46500;20100;24100;10300;300;400;13100;800;1321100;483400;955000;637600;683200;0;0;0;0;2580;1285;14652;7161;20368;0;0;0;0;0;0;0;0;6857;14516;0;0;0;0;0;0;0;0;0;0;12;0;0;1283;0;0
198;0;863;3253300;11300;38100;22500;29200;9400;300;400;13700;1100;1114100;511300;1418600;649300;464200;0;0;0;0;2580;1282;14788;7233;20486;0;0;0;0;0;0;0;0;6923;14552;0;0;0;0;0;0;0;0;0;0;12;0;0;1286;0;0
199;0;866;3178000;12400;42000;20400;26900;131300;300;600;14100;2200;1371700;498200;1014400;649900;721300;0;0;0;0;2580;1285;14652;7161;20368;0;0;0;0;0;0;0;0;6846;14452;0;0;0;0;0;0;0;0;0;0;12;0;0;1283;0;0
200;0;870;3144100;31000;60500;24700;37800;17100;400;1100;15100;1400;999200;863500;1041800;461300;534400;0;0;0;0;2580;1286;14588;7120;20316;0;0;0;0;0;0;0;0;6821;14452;0;0;0;0;0;0;0;0;0;0;12;0;0;1282;0;0
201;0;873;2739000;11700;38500;21700;27000;9600;300;500;12900;1000;1145900;578100;855400;638100;506900;0;0;0;0;2580;1283;14696;7121;20415;0;0;0;0;0;0;0;0;6831;14488;0;0;0;0;0;0;0;0;0;0;12;0;0;1285;0;0
202;0;876;2890800;10800;41900;19200;24100;8200;300;400;13000;1300;1393800;510600;832400;702400;690000;0;0;0;0;2580;1284;14716;7167;20420;0;0;0;0;0;0;0;0;6859;14516;0;0;0;0;0;0;0;0;0;0;12;0;0;1284;0;0
203;0;880;3115500;10600;38500;22600;29400;8000;500;500;12400;1200;1377800;610500;955400;710400;664800;0;0;0;0;2580;1284;14688;7185;20401;0;0;0;0;0;0;0;0;6874;14552;0;0;0;0;0;0;0;0;0;0;12;0;0;1284;0;0
204;0;883;4488500;9100;36400;21300;27500;7800;300;500;13000;2100;1260600;682000;2242300;649300;608100;0;0;0;0;2580;1284;14716;7166;20420;0;0;0;0;0;0;0;0;6875;14516;0;0;0;0;0;0;0;0;0;0;12;0;0;1284;0;0
205;0;886;2884100;19000;49500;24700;30900;11500;400;600;15900;1400;1301900;507800;880000;764200;536700;0;0;0;0;2580;1282;14788;7178;20486;0;0;0;0;0;0;0;0;6874;14616;0;0;0;0;0;0;0;0;0;0;12;0;0;1286;0;0
206;0;890;2866800;14200;40300;29300;23900;8700;400;400;11700;800;1375200;465300;861400;619800;754700;0;0;0;0;2580;1284;14688;7174;20401;0;0;0;0;0;0;0;0;6872;14516;0;0;0;0;0;0;0;0;0;0;12;0;0;1284;0;0
207;0;893;2844700;11600;40700;23500;24200;8900;300;300;12800;900;1314100;514000;851700;666900;644800;0;0;0;0;2580;1286;14588;7116;20316;0;0;0;0;0;0;0;0;6822;14452;0;0;0;0;0;0;0;0;0;0;12;0;0;1282;0;0
208;0;896;3509000;10500;39800;23300;29400;7700;300;400;11600;1500;1399700;567100;1380100;666000;732800;0;0;0;0;2580;1282;14816;7165;20505;0;0;0;0;0;0;0;0;6860;14552;0;0;0;0;0;0;0;0;0;0;12;0;0;1286;0;0
209;0;900;2823300;16800;53600;22100;27500;11100;300;400;12300;1100;1282500;477000;845900;558000;723800;0;0;0;0;2580;1287;14524;7140;20264;0;0;0;0;0;0;0;0;6838;14452;0;0;0;0;0;0;0;0;0;0;12;0;0;1281;0;0
210;0;903;3088600;14300;48400;23500;32500;14400;400;400;26100;2600;1022600;833300;1011200;491400;528600;0;0;0;0;2580;1284;14688;7166;20401;0;0;0;0;0;0;0;0;6862;14552;0;0;0;0;0;0;0;0;0;0;12;0;0;1284;0;0
211;0;906;2972800;11000;37500;21800;30500;7700;300;300;13000;1300;1440900;478300;892100;605900;834100;0;0;0;0;2580;1283;14752;7185;20453;0;0;0;0;0;0;0;0;6881;14516;0;0;0;0;0;0;0;0;0;0;12;0;0;1285;0;0
212;0;910;2831800;10400;38800;23800;23300;9800;400;400;12200;1100;1366900;461600;845100;635900;730300;0;0;0;0;2580;1285;14624;7146;20349;0;0;0;0;0;0;0;0;6843;14488;0;0;0;0;0;0;0;0;0;0;12;0;0;1283;0;0
213;0;913;2888100;9500;42600;22800;29300;7600;300;300;12100;1200;1276700;499700;950900;603600;672400;0;0;0;0;2580;1286;14588;7108;20316;0;0;0;0;0;0;0;0;6801;14452;0;0;0;0;0;0;0;0;0;0;12;0;0;1282;0;0
214;0;916;3197600;8300;38900;22600;26700;11300;400;300;14200;1000;1302900;648000;1003400;667100;632800;0;0;0;0;2580;1284;14688;7165;20401;0;0;0;0;0;0;0;0;6844;14516;0;0;0;0;0;0;0;0;0;0;12;0;0;1284;0;0
215;0;920;3037600;10300;37200;21900;26800;9300;400;600;12700;2200;1474700;540100;857500;598000;876100;0;0;0;0;2580;1283;14752;7209;20453;0;0;0;0;0;0;0;0;6890;14616;0;0;0;0;0;0;0;0;0;0;12;0;0;1285;0;0
216;0;923;2888000;13400;38900;22700;28000;10200;400;800;13000;1600;1309600;524700;884600;629100;679700;0;0;0;0;2580;1286;14560;7112;20297;0;0;0;0;0;0;0;0;6808;14452;0;0;0;0;0;0;0;0;0;0;12;0;0;1282;0;0
217;0;926;2955300;10500;39700;25800;22600;9300;300;400;12100;1700;1380700;533200;882000;664000;715700;0;0;0;0;2580;1282;14816;7232;20505;0;0;0;0;0;0;0;0;6926;14616;0;0;0;0;0;0;0;0;0;0;12;0;0;1286;0;0
218;0;930;2946400;13600;50000;19900;24500;7300;300;300;12400;1200;1466800;463700;844700;624200;842100;0;0;0;0;2580;1284;14716;7119;20420;0;0;0;0;0;0;0;0;6805;14452;0;0;0;0;0;0;0;0;0;0;12;0;0;1284;0;0
219;0;933;3335600;8500;36200;21500;34700;7900;300;300;12900;900;1231200;607900;1328000;602300;627300;0;0;0;0;2580;1283;14696;7145;20415;0;0;0;0;0;0;0;0;6826;14488;0;0;0;0;0;0;0;0;0;0;12;0;0;1285;0;0
220;0;936;3617000;42300;55500;21800;26700;14500;300;600;13600;1400;1351400;689700;1330700;689600;660500;0;0;0;0;2580;1284;14688;7117;20401;0;0;0;0;0;0;0;0;6807;14452;0;0;0;0;0;0;0;0;0;0;12;0;0;1284;0;0
221;0;940;2928400;14800;41800;20700;24800;9600;300;1100;16300;1000;1391200;464900;901400;626000;763900;0;0;0;0;2580;1285;14652;7158;20368;0;0;0;0;0;0;0;0;6854;14516;0;0;0;0;0;0;0;0;0;0;12;0;0;1283;0;0
222;0;943;2944300;12000;37700;21900;27800;7800;300;500;11200;1100;1401000;512000;871500;645000;755100;0;0;0;0;2580;1284;14688;7181;20401;0;0;0;0;0;0;0;0;6873;14552;0;0;0;0;0;0;0;0;0;0;12;0;0;1284;0;0
223;0;946;2894900;11400;38200;22200;30800;8400;400;400;11900;1100;1376200;508900;848200;686700;687800;0;0;0;0;2580;1286;14588;7122;20316;0;0;0;0;0;0;0;0;6822;14452;0;0;0;0;0;0;0;0;0;0;12;0;0;1282;0;0
224;0;950;3038400;9400;37700;22100;28700;8500;300;300;12700;800;1323300;574600;977700;650800;671000;0;0;0;0;2580;1282;14788;7235;20486;0;0;0;0;0;0;0;0;6922;14552;0;0;0;0;0;0;0;0;0;0;12;0;0;1286;0;0
225;0;953;3440500;9100;38600;23200;27600;10200;400;300;14600;1800;1156800;501400;1561200;619100;536600;0;0;0;0;2580;1285;14624;7148;20349;0;0;0;0;0;0;0;0;6831;14452;0;0;0;0;0;0;0;0;0;0;12;0;0;1283;0;0
226;0;956;2925000;16600;53700;24100;30700;12500;400;500;14700;5000;1360400;479100;885700;819700;539700;0;0;0;0;2580;1283;14724;7181;20434;0;0;0;0;0;0;0;0;6873;14552;0;0;0;0;0;0;0;0;0;0;12;0;0;1285;0;0
227;0;960;3020800;10800;40300;21100;24400;8300;300;400;11500;900;1476000;490800;899900;669200;806000;0;0;0;0;2580;1283;14780;7183;20472;0;0;0;0;0;0;0;0;6878;14580;0;0;0;0;0;0;0;0;0;0;12;0;0;1285;0;0
228;0;963;2992800;10200;35900;19600;24400;10400;300;400;11100;1700;1440500;540500;859800;822800;617100;0;0;0;0;2580;1285;14652;7151;20368;0;0;0;0;0;0;0;0;6858;14452;0;0;0;0;0;0;0;0;0;0;12;0;0;1283;0;0
229;0;966;2848200;15900;40800;23000;31500;8600;300;900;11200;1000;1321200;520300;835800;665900;654300;0;0;0;0;2580;1283;14724;7167;20434;0;0;0;0;0;0;0;0;6868;14552;0;0;0;0;0;0;0;0;0;0;12;0;0;1285;0;0
230;0;970;3938900;7600;37500;21400;28500;8200;400;400;11900;1400;1247600;631300;1899300;658600;586700;0;0;0;0;2580;1284;14716;7150;20420;0;0;0;0;0;0;0;0;6858;14516;0;0;0;0;0;0;0;0;0;0;12;0;0;1284;0;0
231;0;973;2943000;15800;43600;22800;33900;11300;300;600;13700;1100;1405800;481100;873300;849700;554700;0;0;0;0;2580;1284;14660;7122;20382;0;0;0;0;0;0;0;0;6818;14488;0;0;0;0;0;0;0;0;0;0;12;0;0;1284;0;0
232;0;976;2930700;11900;40300;21600;26700;8700;300;400;12200;1100;1345600;548600;872800;651600;692500;0;0;0;0;2580;1284;14688;7164;20401;0;0;0;0;0;0;0;0;6857;14452;0;0;0;0;0;0;0;0;0;0;12;0;0;1284;0;0
233;0;980;2889100;10500;40200;22100;26400;10400;400;400;11900;1100;1363600;519600;846500;640100;722700;0;0;0;0;2580;1283;14752;7195;20453;0;0;0;0;0;0;0;0;6897;14616;0;0;0;0;0;0;0;0;0;0;12;0;0;1285;0;0
234;0;983;2816300;9200;40300;21500;28300;6900;300;400;11900;1100;1257300;572500;823700;630700;625500;0;0;0;0;2580;1284;14716;7196;20420;0;0;0;0;0;0;0;0;6885;14580;0;0;0;0;0;0;0;0;0;0;12;0;0;1284;0;0
235;0;986;3636000;9700;38300;21800;29800;14200;400;600;13000;900;1312100;576600;1568700;650900;659800;0;0;0;0;2580;1284;14716;7203;20420;0;0;0;0;0;0;0;0;6899;14580;0;0;0;0;0;0;0;0;0;0;12;0;0;1284;0;0
236;0;990;2895100;11200;37600;21900;28200;9300;400;400;14100;1300;1300500;554600;876000;613500;686000;0;0;0;0;2580;1282;14816;7215;20505;0;0;0;0;0;0;0;0;6905;14616;0;0;0;0;0;0;0;0;0;0;12;0;0;1286;0;0
237;0;993;2881400;9600;38800;23600;23400;9300;300;400;11700;1200;1271100;532600;916600;625700;644100;0;0;0;0;2580;1282;14788;7198;20486;0;0;0;0;0;0;0;0;6901;14516;0;0;0;0;0;0;0;0;0;0;12;0;0;1286;0;0
238;0;996;2891200;8800;36500;21400;26900;10500;300;600;15100;1000;1278700;582000;866900;634800;642500;0;0;0;0;2580;1284;14660;7184;20382;0;0;0;0;0;0;0;0;6883;14552;0;0;0;0;0;0;0;0;0;0;12;0;0;1284;0;0
239;0;1000;2802000;10200;37800;24500;24300;8300;300;400;11900;700;1246100;549100;846300;602700;640200;0;0;0;0;2580;1283;14780;7213;20472;0;0;0;0;0;0;0;0;6930;14516;0;0;0;0;0;0;0;0;0;0;12;0;0;1285;0;0
240;0;1003;2826400;12100;40500;22700;28000;9100;300;400;11800;900;1298800;528500;830700;643600;653500;0;0;0;0;2580;1283;14752;7212;20453;0;0;0;0;0;0;0;0;6905;14552;0;0;0;0;0;0;0;0;0;0;12;0;0;1285;0;0
241;0;1006;4087100;8900;36100;21900;27400;12500;300;600;13700;1400;1492200;1087500;1322400;903800;585200;0;0;0;0;2580;1284;14716;7181;20420;0;0;0;0;0;0;0;0;6892;14580;0;0;0;0;0;0;0;0;0;0;12;0;0;1284;0;0
242;0;1010;3019300;40700;97700;30100;42500;20900;300;800;25500;2600;893400;499700;1308500;549100;342800;0;0;0;0;2580;1284;14688;7160;20401;0;0;0;0;0;0;0;0;6844;14516;0;0;0;0;0;0;0;0;0;0;12;0;0;1284;0;0
243;0;1013;3134400;10400;47200;23300;25800;13000;300;400;13100;1800;1324500;574200;1056600;634600;687700;0;0;0;0;2580;1282;14788;7212;20486;0;0;0;0;0;0;0;0;6900;14616;0;0;0;0;0;0;0;0;0;0;12;0;0;1286;0;0
244;0;1016;3008400;13600;41200;22900;24000;9900;300;400;12100;1000;1328600;512800;1000600;609600;718100;0;0;0;0;2580;1283;14752;7172;20453;0;0;0;0;0;0;0;0;6858;14516;0;0;0;0;0;0;0;0;0;0;12;0;0;1285;0;0
245;0;1020;3037900;15800;46700;22000;25700;11100;400;300;11200;1900;1351300;536000;973100;605000;745200;0;0;0;0;2580;1285;14624;7170;20349;0;0;0;0;0;0;0;0;6835;14552;0;0;0;0;0;0;0;0;0;0;12;0;0;1283;0;0
246;0;1023;3596500;20400;43900;23200;29800;11000;300;400;13000;1700;1381200;542000;1487600;670900;709500;0;0;0;0;2580;1283;14780;7244;20472;0;0;0;0;0;0;0;0;6924;14708;0;0;0;0;0;0;0;0;0;0;12;0;0;1285;0;0
247;0;1026;2874000;10400;39200;22300;24400;8200;400;300;11500;1000;1366900;484900;869500;595600;769900;0;0;0;0;2580;1283;14724;7173;20434;0;0;0;0;0;0;0;0;6868;14516;0;0;0;0;0;0;0;0;0;0;12;0;0;1285;0;0
248;0;1030;2891000;11000;40800;22000;29600;9400;400;300;12100;2100;1351800;505700;868400;628200;722600;0;0;0;0;2580;1284;14716;7148;20420;0;0;0;0;0;0;0;0;6834;14516;0;0;0;0;0;0;0;0;0;0;12;0;0;1284;0;0
249;0;1033;2901200;11800;38300;22400;27900;11000;300;300;12200;1300;1315300;572400;846300;676600;635100;0;0;0;0;2580;1283;14752;7195;20453;0;0;0;0;0;0;0;0;6879;14580;0;0;0;0;0;0;0;0;0;0;12;0;0;1285;0;0
250;0;1036;2793100;13800;43800;19900;23900;10600;300;300;12700;800;1278000;515900;836700;618400;658600;0;0;0;0;2580;1284;14688;7165;20401;0;0;0;0;0;0;0;0;6845;14552;0;0;0;0;0;0;0;0;0;0;12;0;0;1284;0;0
251;0;1040;3147400;8300;36400;22300;29600;9400;300;200;12500;900;1410100;582000;992900;644700;763000;0;0;0;0;2580;1284;14716;7147;20420;0;0;0;0;0;0;0;0;6831;14516;0;0;0;0;0;0;0;0;0;0;12;0;0;1284;0;0
252;0;1043;3207500;9600;39500;21500;29200;9300;400;300;14000;1600;1152800;532700;1290500;649400;501600;0;0;0;0;2580;1284;14688;7196;20401;0;0;0;0;0;0;0;0;6877;14616;0;0;0;0;0;0;0;0;0;0;12;0;0;1284;0;0
253;0;1046;2898000;11700;45400;19600;25600;10100;400;300;11800;1800;1408900;457400;867900;687900;719600;0;0;0;0;2580;1285;14652;7196;20368;0;0;0;0;0;0;0;0;6899;14580;0;0;0;0;0;0;0;0;0;0;12;0;0;1283;0;0
254;0;1050;2919800;8500;35200;19100;23500;8100;300;300;10800;1900;1343900;538100;888900;698600;641800;0;0;0;0;2580;1284;14688;7152;20401;0;0;0;0;0;0;0;0;6863;14516;0;0;0;0;0;0;0;0;0;0;12;0;0;1284;0;0
255;0;1053;2847900;10300;38700;24600;23800;8500;300;400;11300;900;1303700;538100;850100;646000;655800;0;0;0;0;2580;1282;14816;7219;20505;0;0;0;0;0;0;0;0;6918;14580;0;0;0;0;0;0;0;0;0;0;12;0;0;1286;0;0
256;0;1056;3073300;10500;38900;24100;24900;7200;300;200;11700;600;1300300;653700;965700;633600;665800;0;0;0;0;2580;1285;14652;7157;20368;0;0;0;0;0;0;0;0;6845;14516;0;0;0;0;0;0;0;0;0;0;12;0;0;1283;0;0
257;0;1060;3455800;13400;46100;19300;25500;9000;300;500;12600;1200;1253700;614800;1414300;658900;593900;0;0;0;0;2580;1283;14752;7213;20453;0;0;0;0;0;0;0;0;6896;14552;0;0;0;0;0;0;0;0;0;0;12;0;0;1285;0;0
258;0;1063;2840400;13300;43600;23800;26200;8700;400;400;11400;1000;1283400;515700;873800;628800;653900;0;0;0;0;2580;1283;14780;7234;20472;0;0;0;0;0;0;0;0;6934;14580;0;0;0;0;0;0;0;0;0;0;12;0;0;1285;0;0
259;0;1066;2891100;9600;36100;21300;28900;8000;300;400;10800;1600;1323300;544400;861600;667200;655100;0;0;0;0;2580;1284;14688;7179;20401;0;0;0;0;0;0;0;0;6880;14552;0;0;0;0;0;0;0;0;0;0;12;0;0;1284;0;0
260;0;1070;2879300;8500;35800;21400;27000;6800;300;600;10900;1300;1325300;579300;823300;685400;639200;0;0;0;0;2580;1284;14688;7187;20401;0;0;0;0;0;0;0;0;6891;14516;0;0;0;0;0;0;0;0;0;0;12;0;0;1284;0;0
261;0;1073;3003500;9200;38400;18700;23800;8200;300;500;11300;1700;1228800;577200;1046100;617300;610400;0;0;0;0;2580;1285;14624;7159;20349;0;0;0;0;0;0;0;0;6859;14516;0;0;0;0;0;0;0;0;0;0;12;0;0;1283;0;0
262;0;1076;3052600;16900;46100;23000;31300;17100;400;600;15400;1400;1314500;554400;988600;686500;627200;0;0;0;0;2580;1284;14716;7177;20420;0;0;0;0;0;0;0;0;6884;14516;0;0;0;0;0;0;0;0;0;0;12;0;0;1284;0;0
263;0;1080;3191300;10100;36800;22400;27300;8400;400;300;13900;1400;1191400;566800;1215600;659500;531200;0;0;0;0;2580;1285;14652;7163;20368;0;0;0;0;0;0;0;0;6873;14516;0;0;0;0;0;0;0;0;0;0;12;0;0;1283;0;0
264;0;1083;2887200;11900;46000;19800;30100;9200;400;400;12700;1800;1373900;475000;867300;667900;705300;0;0;0;0;2580;1284;14688;7168;20401;0;0;0;0;0;0;0;0;6869;14552;0;0;0;0;0;0;0;0;0;0;12;0;0;1284;0;0
265;0;1086;2889500;8900;38100;21800;27800;6100;300;400;11600;900;1270300;585300;880000;663500;605900;0;0;0;0;2580;1283;14780;7223;20472;0;0;0;0;0;0;0;0;6924;14644;0;0;0;0;0;0;0;0;0;0;12;0;0;1285;0;0
266;0;1090;2846600;10100;38200;23600;24300;9200;400;200;12300;800;1279300;579400;829400;656300;621800;0;0;0;0;2580;1284;14688;7217;20401;0;0;0;0;0;0;0;0;6915;14552;0;0;0;0;0;0;0;0;0;0;12;0;0;1284;0;0
267;0;1093;3114200;9500;38800;19100;23800;8800;300;500;12400;1000;1467900;613400;873300;650000;816400;0;0;0;0;2580;1285;14624;7157;20349;0;0;0;0;0;0;0;0;6862;14516;0;0;0;0;0;0;0;0;0;0;12;0;0;1283;0;0
268;0;1096;3282900;12100;39100;23200;24500;7200;300;300;18700;1300;1247900;582400;1278500;585800;660300;0;0;0;0;2580;1285;14652;7169;20368;0;0;0;0;0;0;0;0;6880;14580;0;0;0;0;0;0;0;0;0;0;12;0;0;1283;0;0
269;0;1100;2858400;39300;57800;33100;26400;15500;400;700;13500;2000;1197400;567700;864500;586900;609300;0;0;0;0;2580;1285;14652;7174;20368;0;0;0;0;0;0;0;0;6889;14516;0;0;0;0;0;0;0;0;0;0;12;0;0;1283;0;0
270;0;1103;2818100;9600;39500;23100;23200;7600;300;400;11500;1200;1290200;516200;853000;623300;665200;0;0;0;0;2580;1284;14716;7202;20420;0;0;0;0;0;0;0;0;6918;14516;0;0;0;0;0;0;0;0;0;0;12;0;0;1284;0;0
271;0;1106;2885000;12200;38000;21600;28200;8500;300;200;11500;1300;1332700;541800;849900;618900;713000;0;0;0;0;2580;1283;14752;7199;20453;0;0;0;0;0;0;0;0;6899;14616;0;0;0;0;0;0;0;0;0;0;12;0;0;1285;0;0
272;0;1110;3742000;8100;35000;21700;29500;7400;200;400;11600;1300;1286900;565700;1732800;644000;642200;0;0;0;0;2580;1284;14716;7173;20420;0;0;0;0;0;0;0;0;6866;14516;0;0;0;0;0;0;0;0;0;0;12;0;0;1284;0;0
273;0;1113;3076300;21700;46800;26700;30800;12000;1400;800;17800;3400;1340400;536300;980100;863600;475800;0;0;0;0;2580;1284;14660;7153;20382;0;0;0;0;0;0;0;0;6855;14552;0;0;0;0;0;0;0;0;0;0;12;0;0;1284;0;0
274;0;1116;3119600;11500;43100;23400;26900;9900;400;800;13700;3600;1180500;634300;1126000;650200;527900;0;0;0;0;2580;1285;14652;7195;20368;0;0;0;0;0;0;0;0;6901;14580;0;0;0;0;0;0;0;0;0;0;12;0;0;1283;0;0
275;0;1120;2902700;10700;45800;18800;26000;10900;300;300;12200;1100;1391900;469300;875200;683300;707600;0;0;0;0;2580;1285;14652;7164;20368;0;0;0;0;0;0;0;0;6880;14516;0;0;0;0;0;0;0;0;0;0;12;0;0;1283;0;0
276;0;1123;2927900;10900;40500;23300;24100;7700;300;300;11400;1600;1344400;536900;884900;705900;636700;0;0;0;0;2580;1286;14588;7147;20316;0;0;0;0;0;0;0;0;6864;14516;0;0;0;0;0;0;0;0;0;0;12;0;0;1282;0;0
277;0;1126;3060500;7600;38600;23200;25700;7400;300;400;11700;1700;1408500;542100;952500;782500;624600;0;0;0;0;2580;1282;14844;7230;20524;0;0;0;0;0;0;0;0;6933;14644;0;0;0;0;0;0;0;0;0;0;12;0;0;1286;0;0
278;0;1130;2850200;11600;41400;22600;27000;8500;300;400;12000;1500;1320800;526400;841800;673200;646600;0;0;0;0;2580;1284;14688;7168;20401;0;0;0;0;0;0;0;0;6867;14552;0;0;0;0;0;0;0;0;0;0;12;0;0;1284;0;0
279;0;1133;3403700;9400;39200;21600;29500;8500;300;400;11900;600;1241300;635900;1361400;648000;590300;0;0;0;0;2580;1284;14688;7155;20401;0;0;0;0;0;0;0;0;6853;14516;0;0;0;0;0;0;0;0;0;0;12;0;0;1284;0;0
280;0;1136;2865400;11300;41400;22300;27600;8800;400;500;15500;1000;1290000;532300;870200;590000;697800;0;0;0;0;2580;1284;14688;7172;20401;0;0;0;0;0;0;0;0;6876;14552;0;0;0;0;0;0;0;0;0;0;12;0;0;1284;0;0
281;0;1140;2862700;8000;37800;22300;28100;8000;300;300;10900;1100;1300400;550600;855700;672200;626200;0;0;0;0;2580;1285;14652;7186;20368;0;0;0;0;0;0;0;0;6889;14516;0;0;0;0;0;0;0;0;0;0;12;0;0;1283;0;0
282;0;1143;2859000;9400;38200;21900;25600;8200;400;300;11700;900;1257900;608300;838200;632600;624200;0;0;0;0;2580;1285;14652;7185;20368;0;0;0;0;0;0;0;0;6873;14516;0;0;0;0;0;0;0;0;0;0;12;0;0;1283;0;0
283;0;1146;3031500;11100;45200;18800;23500;8100;300;300;12300;800;1382400;633800;855500;744200;635200;0;0;0;0;2580;1286;14588;7139;20316;0;0;0;0;0;0;0;0;6830;14516;0;0;0;0;0;0;0;0;0;0;12;0;0;1282;0;0
284;0;1150;2969400;9700;36800;19900;22900;8500;300;300;12000;1400;1319500;539100;957800;651700;666300;0;0;0;0;2580;1283;14780;7233;20472;0;0;0;0;0;0;0;0;6921;14580;0;0;0;0;0;0;0;0;0;0;12;0;0;1285;0;0
285;0;1153;3201600;9200;40800;22500;26000;9000;400;300;13600;900;1206900;571200;1207100;624800;581300;0;0;0;0;2580;1283;14724;7184;20434;0;0;0;0;0;0;0;0;6860;14552;0;0;0;0;0;0;0;0;0;0;12;0;0;1285;0;0
286;0;1156;2816600;10300;40900;21300;29000;9500;400;400;12100;1500;1243400;560300;848300;624300;618400;0;0;0;0;2580;1284;14716;7168;20420;0;0;0;0;0;0;0;0;6868;14516;0;0;0;0;0;0;0;0;0;0;12;0;0;1284;0;0
287;0;1160;2910500;9200;37100;21400;29600;7600;300;400;12200;2000;1390900;495800;868800;734100;656200;0;0;0;0;2580;1284;14688;7207;20401;0;0;0;0;0;0;0;0;6906;14616;0;0;0;0;0;0;0;0;0;0;12;0;0;1284;0;0
288;0;1163;2896300;9200;38900;23600;27500;7200;400;200;11700;800;1157300;638400;934800;628800;526600;0;0;0;0;2580;1286;14588;7172;20316;0;0;0;0;0;0;0;0;6875;14516;0;0;0;0;0;0;0;0;0;0;12;0;0;1282;0;0
289;0;1166;3675400;9400;39200;21400;27400;9100;300;800;11000;800;1142700;581600;1784000;625100;515200;0;0;0;0;2580;1285;14652;7192;20368;0;0;0;0;0;0;0;0;6912;14580;0;0;0;0;0;0;0;0;0;0;12;0;0;1283;0;0
290;0;1170;3712000;9200;43400;22000;29900;8200;300;300;12600;1100;1304300;703200;1531900;695000;607200;0;0;0;0;2580;1285;14652;7175;20368;0;0;0;0;0;0;0;0;6895;14580;0;0;0;0;0;0;0;0;0;0;12;0;0;1283;0;0
291;0;1173;2804000;12800;42800;19200;24000;8900;400;400;12400;1000;1320400;462500;860000;596800;722600;0;0;0;0;2580;1286;14588;7168;20316;0;0;0;0;0;0;0;0;6879;14516;0;0;0;0;0;0;0;0;0;0;12;0;0;1282;0;0
292;0;1176;2883100;8600;36500;21300;27800;7100;400;1100;12400;1000;1258000;601700;865300;643100;612900;0;0;0;0;2580;1284;14688;7180;20401;0;0;0;0;0;0;0;0;6880;14552;0;0;0;0;0;0;0;0;0;0;12;0;0;1284;0;0
293;0;1180;3395900;7700;36900;21300;28700;8000;300;500;13500;1000;1282500;748400;1201700;687000;591800;0;0;0;0;2580;1285;14652;7209;20368;0;0;0;0;0;0;0;0;6924;14580;0;0;0;0;0;0;0;0;0;0;12;0;0;1283;0;0
294;0;1183;2833600;14900;45100;22900;25000;8700;300;400;13200;1100;1349400;456400;859100;640500;707800;0;0;0;0;2580;1284;14688;7183;20401;0;0;0;0;0;0;0;0;6888;14552;0;0;0;0;0;0;0;0;0;0;12;0;0;1284;0;0
295;0;1186;3116000;9200;36500;21400;30600;7700;400;400;12000;1000;1206900;660500;1088800;610600;595600;0;0;0;0;2580;1286;14588;7143;20316;0;0;0;0;0;0;0;0;6845;14516;0;0;0;0;0;0;0;0;0;0;12;0;0;1282;0;0
296;0;1190;2897800;36700;79400;27000;38800;28100;400;300;19900;4800;934900;653900;1000100;561800;371700;0;0;0;0;2580;1284;14716;7206;20420;0;0;0;0;0;0;0;0;6895;14580;0;0;0;0;0;0;0;0;0;0;12;0;0;1284;0;0
297;0;1193;2886300;9900;39900;25000;23900;8100;300;300;11000;1700;1278300;574800;871700;675500;601900;0;0;0;0;2580;1286;14588;7146;20316;0;0;0;0;0;0;0;0;6844;14516;0;0;0;0;0;0;0;0;0;0;12;0;0;1282;0;0
298;0;1196;3146500;10900;40800;19000;26000;9400;300;400;11700;900;1300500;580900;1105900;677500;622100;0;0;0;0;2580;1286;14588;7139;20316;0;0;0;0;0;0;0;0;6817;14516;0;0;0;0;0;0;0;0;0;0;12;0;0;1282;0;0
299;0;1200;3102700;18300;46100;24300;30500;13700;500;400;15000;1800;1431300;584300;894600;696000;734000;0;0;0;0;2580;1284;14688;7191;20401;0;0;0;0;0;0;0;0;6870;14552;0;0;0;0;0;0;0;0;0;0;12;0;0;1284;0;0
