# scene=solar_system_v1compat_belt_lod_spheres.json;config=Release;cpu=12th Gen Intel(R) Core(TM) i7-1265U;affinity=4;ablation=none;clear=3;rasterstats=0;lodstats=0;asserts_lib=0;res=1536x900;views=4;sdl=direct3d;mesurees=240;chauffe=60;overhead_ns=32;resolution_ns=100
zone;median_ns;p95_ns;max_ns;pourmille_de_la_frame
FRAME;2353700;3676900;4868200;1000
Input;10500;23200;41000;4
Animation;40300;58700;86200;17
LocalXform1;20800;24200;47900;8
WorldXform1;26100;34500;43400;11
Cameras;8700;17400;31000;3
LocalXform2;400;600;12300;0
WorldXform2;400;1000;2100;0
Trigger;13700;17500;53000;5
BuildViews;1400;2800;5600;0
Clear;544100;709200;937600;231
Render;618400;782400;1637700;262
Present;991900;2199500;3237300;421
ClearColor;266500;361700;477400;113
ClearDepth;272000;354500;614400;115
RESTE;56000;90500;143300;23
Entities;0;0;0;0
XformNodes;0;0;0;0
TriggerPairs;0;0;0;0
TriggerHits;0;0;0;0
MeshesTested;2580;2580;2580;0
MeshesCulled;1283;1286;1287;0
FacesSubmitted;14752;15080;16040;0
TrisRasterized;7186;7292;7701;0
VertsTransformed;20453;20727;21286;0
TrisCov0;0;0;0;0
TrisCov1;0;0;0;0
TrisCov2to4;0;0;0;0
TrisCov5plus;0;0;0;0
TrisTightEmpty;0;0;0;0
PixelsTested;0;0;0;0
PixelsTight;0;0;0;0
PixelsCovered;0;0;0;0
TrisEarlyRejected;6889;6985;7337;0
FacesInside;14552;14716;15512;0
InstPx0to1;0;0;0;0
InstPx1to4;0;0;0;0
InstPx4to16;0;0;0;0
InstPx16plus;0;0;0;0
FacesPx0to1;0;0;0;0
FacesPx1to4;0;0;0;0
FacesPx4to16;0;0;0;0
FacesPx16plus;0;0;0;0
VertsInside;0;0;0;0
TrisEmittedInside;0;0;0;0
LodLevel0;12;12;13;0
LodLevel1;0;0;0;0
LodLevel2;0;0;0;0
LodLevel3;1285;1291;1292;0
ClearPageFaults;0;0;0;0
LockAddrChanged;0;0;0;0
