# scene=solar_system_v1compat_belt_lod_spheres.json;config=Release;cpu=12th Gen Intel(R) Core(TM) i7-1265U;affinity=4;ablation=none;clear=2;rasterstats=0;lodstats=0;asserts_lib=0;res=1536x900;views=4;sdl=direct3d;mesurees=240;chauffe=60;overhead_ns=32;resolution_ns=100
zone;median_ns;p95_ns;max_ns;pourmille_de_la_frame
FRAME;2416700;3767800;5800100;1000
Input;10700;27200;58900;4
Animation;39600;64600;89300;16
LocalXform1;20800;27800;128500;8
WorldXform1;25800;34600;70700;10
Cameras;8200;16200;34200;3
LocalXform2;400;500;1100;0
WorldXform2;300;600;1400;0
Trigger;12800;16800;21300;5
BuildViews;1100;2600;12600;0
Clear;522700;693600;1440900;216
Render;589100;725900;2234400;243
Present;1111700;2259900;4456300;460
ClearColor;263700;352700;1058300;109
ClearDepth;257500;347600;536400;106
RESTE;52700;100100;204000;21
Entities;0;0;0;0
XformNodes;0;0;0;0
TriggerPairs;0;0;0;0
TriggerHits;0;0;0;0
MeshesTested;2580;2580;2580;0
MeshesCulled;1283;1286;1287;0
FacesSubmitted;14752;15080;16040;0
TrisRasterized;7186;7292;7701;0
VertsTransformed;20453;20727;21286;0
TrisCov0;0;0;0;0
TrisCov1;0;0;0;0
TrisCov2to4;0;0;0;0
TrisCov5plus;0;0;0;0
TrisTightEmpty;0;0;0;0
PixelsTested;0;0;0;0
PixelsTight;0;0;0;0
PixelsCovered;0;0;0;0
TrisEarlyRejected;6889;6985;7337;0
FacesInside;14552;14716;15512;0
InstPx0to1;0;0;0;0
InstPx1to4;0;0;0;0
InstPx4to16;0;0;0;0
InstPx16plus;0;0;0;0
FacesPx0to1;0;0;0;0
FacesPx1to4;0;0;0;0
FacesPx4to16;0;0;0;0
FacesPx16plus;0;0;0;0
VertsInside;0;0;0;0
TrisEmittedInside;0;0;0;0
LodLevel0;12;12;13;0
LodLevel1;0;0;0;0
LodLevel2;0;0;0;0
LodLevel3;1285;1291;1292;0
ClearPageFaults;0;0;0;0
LockAddrChanged;0;0;0;0
