# scene=solar_system_v1compat_belt_lod_spheres.json;config=Release;cpu=12th Gen Intel(R) Core(TM) i7-1265U;affinity=4;ablation=none;clear=2;rasterstats=0;lodstats=0;asserts_lib=0;res=1536x900;views=4;sdl=direct3d;mesurees=240;chauffe=60;overhead_ns=34;resolution_ns=100
zone;median_ns;p95_ns;max_ns;pourmille_de_la_frame
FRAME;2260700;3511700;6866700;1000
Input;10400;20400;50600;4
Animation;39400;51100;109800;17
LocalXform1;20400;23700;81200;9
WorldXform1;25400;30700;64100;11
Cameras;8300;13100;35400;3
LocalXform2;400;500;700;0
WorldXform2;400;900;2300;0
Trigger;12800;14900;33700;5
BuildViews;1100;2300;7100;0
Clear;494600;637200;876800;218
Render;608800;690800;1310200;269
Present;980000;2151100;5675800;433
ClearColor;247700;326200;524100;109
ClearDepth;249600;317700;384900;110
RESTE;39700;99100;182600;17
Entities;0;0;0;0
XformNodes;0;0;0;0
TriggerPairs;0;0;0;0
TriggerHits;0;0;0;0
MeshesTested;2580;2580;2580;0
MeshesCulled;1283;1286;1287;0
FacesSubmitted;14752;15080;16040;0
TrisRasterized;7186;7292;7701;0
VertsTransformed;20453;20727;21286;0
TrisCov0;0;0;0;0
TrisCov1;0;0;0;0
TrisCov2to4;0;0;0;0
TrisCov5plus;0;0;0;0
TrisTightEmpty;0;0;0;0
PixelsTested;0;0;0;0
PixelsTight;0;0;0;0
PixelsCovered;0;0;0;0
TrisEarlyRejected;6889;6985;7337;0
FacesInside;14552;14716;15512;0
InstPx0to1;0;0;0;0
InstPx1to4;0;0;0;0
InstPx4to16;0;0;0;0
InstPx16plus;0;0;0;0
FacesPx0to1;0;0;0;0
FacesPx1to4;0;0;0;0
FacesPx4to16;0;0;0;0
FacesPx16plus;0;0;0;0
VertsInside;0;0;0;0
TrisEmittedInside;0;0;0;0
LodLevel0;12;12;13;0
LodLevel1;0;0;0;0
LodLevel2;0;0;0;0
LodLevel3;1285;1291;1292;0
ClearPageFaults;0;0;0;0
LockAddrChanged;0;0;0;0
