# scene=solar_system_v1compat_belt_lod_spheres.json;config=Release;cpu=12th Gen Intel(R) Core(TM) i7-1265U;affinity=4;ablation=none;clear=0;rasterstats=0;lodstats=0;asserts_lib=0;res=768x450;views=4;sdl=direct3d;frames=300;warmup=60;overhead_ns=40;resolution_ns=100
frame;warmup;sim_millidays;frame_ns;Input_ns;Animation_ns;LocalXform1_ns;WorldXform1_ns;Cameras_ns;LocalXform2_ns;WorldXform2_ns;Trigger_ns;BuildViews_ns;Clear_ns;Render_ns;Present_ns;ClearColor_ns;ClearDepth_ns;Entities;XformNodes;TriggerPairs;TriggerHits;MeshesTested;MeshesCulled;FacesSubmitted;TrisRasterized;VertsTransformed;TrisCov0;TrisCov1;TrisCov2to4;TrisCov5plus;TrisTightEmpty;PixelsTested;PixelsTight;PixelsCovered;TrisEarlyRejected;FacesInside;InstPx0to1;InstPx1to4;InstPx4to16;InstPx16plus;FacesPx0to1;FacesPx1to4;FacesPx4to16;FacesPx16plus;VertsInside;TrisEmittedInside;LodLevel0;LodLevel1;LodLevel2;LodLevel3;ClearPageFaults;LockAddrChanged
0;1;203;21972800;248100;51000;24700;33800;12200;900;400;14100;3000;603300;635000;17717000;462500;138000;0;0;0;0;2580;1263;17880;8453;22518;0;0;0;0;0;0;0;0;7604;15388;0;0;0;0;0;0;0;0;0;0;13;1;0;1303;337;1
1;1;206;3139900;645000;35000;21400;26400;5800;400;500;12900;800;227300;621500;1505600;107300;118900;0;0;0;0;2580;1275;17252;8199;21997;0;0;0;0;0;0;0;0;7407;14804;0;0;0;0;0;0;0;0;0;0;14;1;0;1290;0;0
2;1;210;1943200;145800;36900;19500;24900;6000;400;400;13200;1000;217300;688200;755100;107200;109000;0;0;0;0;2580;1270;18188;8679;22593;0;0;0;0;0;0;0;0;7728;14880;0;0;0;0;0;0;0;0;0;0;15;0;0;1295;0;0
3;1;213;1704800;132300;36100;21100;24100;6000;400;400;11400;800;155000;584900;697700;74700;79700;0;0;0;0;2580;1270;17152;8185;21991;0;0;0;0;0;0;0;0;7576;14724;0;0;0;0;0;0;0;0;0;0;14;0;0;1296;0;0
4;1;216;1457500;8700;36900;19900;24400;7500;500;300;13300;1400;199400;616600;494000;104900;93400;0;0;0;0;2580;1270;18132;8682;22555;0;0;0;0;0;0;0;0;8064;14788;0;0;0;0;0;0;0;0;0;0;15;0;0;1295;0;0
5;1;220;1766200;6300;34100;19400;23700;6500;400;300;11600;1000;173500;614500;843300;80700;91700;0;0;0;0;2580;1273;17324;8300;22063;0;0;0;0;0;0;0;0;7548;15040;0;0;0;0;0;0;0;0;0;0;14;1;0;1292;0;0
6;1;223;3662400;96600;37700;19500;36800;18300;400;800;19500;4700;133500;664000;2589700;79100;53900;0;0;0;0;2580;1274;16420;7861;21542;0;0;0;0;0;0;0;0;7111;15032;0;0;0;0;0;0;0;0;0;0;13;1;0;1292;0;0
7;1;226;1614700;14600;37400;21600;25800;6300;400;400;13300;900;238700;624700;595700;106700;131100;0;0;0;0;2580;1273;17072;8151;21911;0;0;0;0;0;0;0;0;7101;15648;0;0;0;0;0;0;0;0;0;0;14;0;0;1293;0;0
8;1;230;1234900;6700;36300;19200;24300;4100;500;400;11900;700;151800;579800;369000;86200;64900;0;0;0;0;2580;1278;15940;7638;21201;0;0;0;0;0;0;0;0;7013;14616;0;0;0;0;0;0;0;0;0;0;13;0;0;1289;0;0
9;1;233;1146400;4100;36600;19200;23600;4000;300;300;12600;500;97600;583100;335600;49000;47600;0;0;0;0;2580;1273;16176;7791;21404;0;0;0;0;0;0;0;0;7171;14852;0;0;0;0;0;0;0;0;0;0;13;0;0;1294;0;0
10;1;236;1143300;4400;35600;20800;23500;4100;300;300;12200;500;82900;609100;321000;39300;43000;0;0;0;0;2580;1275;16944;8111;21807;0;0;0;0;0;0;0;0;7084;15556;0;0;0;0;0;0;0;0;0;0;14;0;0;1291;0;0
11;1;240;1117800;3100;35200;19500;23300;3100;400;300;10800;400;77600;594400;318600;35600;41700;0;0;0;0;2580;1273;16456;7867;21575;0;0;0;0;0;0;0;0;7145;15068;0;0;0;0;0;0;0;0;0;0;13;1;0;1293;0;0
12;1;243;1104700;3200;34200;19600;23600;3500;300;300;11100;500;80400;589700;308700;37500;41900;0;0;0;0;2580;1275;16356;7843;21490;0;0;0;0;0;0;0;0;7112;14968;0;0;0;0;0;0;0;0;0;0;13;1;0;1291;0;0
13;1;246;1098500;3400;32500;19600;23000;2900;300;400;11000;400;83600;578400;313300;40500;42400;0;0;0;0;2580;1275;16076;7730;21319;0;0;0;0;0;0;0;0;7150;14752;0;0;0;0;0;0;0;0;0;0;13;0;0;1292;0;0
14;1;250;1182700;3800;32400;19500;23000;3200;300;300;12100;500;81700;582200;394700;39200;42100;0;0;0;0;2580;1273;16148;7726;21385;0;0;0;0;0;0;0;0;7152;14788;0;0;0;0;0;0;0;0;0;0;13;0;0;1294;0;0
15;1;253;1195600;4600;33800;19100;23700;4600;300;300;12200;1000;119800;581900;363200;60600;57300;0;0;0;0;2580;1276;16936;8135;21793;0;0;0;0;0;0;0;0;7566;14688;0;0;0;0;0;0;0;0;0;0;14;0;0;1290;0;0
16;1;256;1380300;4400;33900;19300;23300;4500;400;300;12300;900;118500;650000;479900;60200;57400;0;0;0;0;2580;1273;16428;7885;21556;0;0;0;0;0;0;0;0;7203;15076;0;0;0;0;0;0;0;0;0;0;13;1;0;1293;0;0
17;1;260;2513400;12300;38200;19500;26300;10500;300;300;12800;3500;115700;621800;1613100;63700;50900;0;0;0;0;2580;1273;16428;7844;21556;0;0;0;0;0;0;0;0;7183;15004;0;0;0;0;0;0;0;0;0;0;13;1;0;1293;0;0
18;1;263;1465300;6800;35100;19300;24300;6800;400;400;11600;800;151100;593300;582600;82900;66300;0;0;0;0;2580;1273;17044;8109;21892;0;0;0;0;0;0;0;0;7576;14660;0;0;0;0;0;0;0;0;0;0;14;0;0;1293;0;0
19;1;266;1369900;7400;34400;19300;23900;5100;400;400;11600;800;110200;587800;538000;54500;55000;0;0;0;0;2580;1276;16068;7706;21305;0;0;0;0;0;0;0;0;7192;14744;0;0;0;0;0;0;0;0;0;0;13;0;0;1291;0;0
20;1;270;1164000;5000;33900;19200;23300;3800;400;300;11700;600;91600;559000;385400;45600;45500;0;0;0;0;2580;1276;16040;7689;21286;0;0;0;0;0;0;0;0;7177;14652;0;0;0;0;0;0;0;0;0;0;13;0;0;1291;0;0
21;1;273;1325800;4200;32600;19000;23100;3800;300;300;12800;500;90200;642700;467700;43800;45900;0;0;0;0;2580;1273;17016;8103;21873;0;0;0;0;0;0;0;0;7187;14660;0;0;0;0;0;0;0;0;0;0;14;0;0;1293;0;0
22;1;276;1162200;5400;33600;19600;23700;3400;300;300;12300;600;93200;606800;332800;47700;44900;0;0;0;0;2580;1271;16528;7962;21641;0;0;0;0;0;0;0;0;7273;15104;0;0;0;0;0;0;0;0;0;0;13;1;0;1295;0;0
23;1;280;1209500;3900;33100;19600;23000;3900;400;400;12200;600;81400;658300;343900;39300;41600;0;0;0;0;2580;1276;16936;8132;21793;0;0;0;0;0;0;0;0;7069;14588;0;0;0;0;0;0;0;0;0;0;14;0;0;1290;0;0
24;1;283;1090600;4000;32600;19500;23200;3300;400;400;12400;700;80100;574000;310900;38900;40600;0;0;0;0;2580;1276;16040;7669;21286;0;0;0;0;0;0;0;0;7047;14652;0;0;0;0;0;0;0;0;0;0;13;0;0;1291;0;0
25;1;286;1075100;3400;32900;20800;23000;3400;300;300;12200;1000;77500;570700;301100;37800;39300;0;0;0;0;2580;1275;16076;7712;21319;0;0;0;0;0;0;0;0;7094;14752;0;0;0;0;0;0;0;0;0;0;13;0;0;1292;0;0
26;1;290;1171400;3700;32800;19500;22900;3100;400;200;11100;500;78600;560000;409200;37900;40300;0;0;0;0;2580;1278;15940;7648;21201;0;0;0;0;0;0;0;0;7066;14616;0;0;0;0;0;0;0;0;0;0;13;0;0;1289;0;0
27;1;293;1247300;4300;33600;26300;23500;4200;400;300;11600;800;119300;607900;384300;63500;55200;0;0;0;0;2580;1274;17008;8170;21859;0;0;0;0;0;0;0;0;7217;15720;0;0;0;0;0;0;0;0;0;0;14;0;0;1292;0;0
28;1;296;1261700;4700;33800;19100;23500;5200;300;400;11400;900;103000;639000;390700;55700;46600;0;0;0;0;2580;1271;17172;8228;21996;0;0;0;0;0;0;0;0;7252;15776;0;0;0;0;0;0;0;0;0;0;14;0;0;1295;0;0
29;1;300;2530700;4800;33500;149300;25600;9300;400;300;84500;1500;246900;666200;1268900;86800;159800;0;0;0;0;2580;1279;15904;7619;21168;0;0;0;0;0;0;0;0;7035;14516;0;0;0;0;0;0;0;0;0;0;13;0;0;1288;0;0
30;1;303;2695400;26400;41100;19500;26600;10800;400;300;13900;1300;199800;571900;1746800;118700;79400;0;0;0;0;2580;1279;15848;7611;21130;0;0;0;0;0;0;0;0;7060;14560;0;0;0;0;0;0;0;0;0;0;13;0;0;1288;0;0
31;1;306;1372600;11700;37300;20100;23700;6200;400;400;12800;1100;203400;563000;459200;91000;110000;0;0;0;0;2580;1274;16168;7753;21390;0;0;0;0;0;0;0;0;7252;14816;0;0;0;0;0;0;0;0;0;0;13;0;0;1293;0;0
32;1;310;1307700;6600;34500;19300;24100;4600;400;300;12400;1000;140900;633300;399200;73900;66500;0;0;0;0;2580;1277;16900;8076;21760;0;0;0;0;0;0;0;0;7111;14552;0;0;0;0;0;0;0;0;0;0;14;0;0;1289;0;0
33;1;313;1367800;5000;33600;19100;24200;4000;500;300;11300;700;111900;571200;556000;56800;54700;0;0;0;0;2580;1275;16972;8138;21826;0;0;0;0;0;0;0;0;7207;15684;0;0;0;0;0;0;0;0;0;0;14;0;0;1291;0;0
34;1;316;1076900;4900;33200;19100;23200;4300;400;400;11400;700;127300;482200;343000;57100;69100;0;0;0;0;2580;1276;16068;7699;21305;0;0;0;0;0;0;0;0;7241;14780;0;0;0;0;0;0;0;0;0;0;13;0;0;1291;0;0
35;1;320;1024300;3700;33200;19300;24200;3500;300;300;10900;700;89700;468300;336100;42200;46900;0;0;0;0;2580;1275;16076;7713;21319;0;0;0;0;0;0;0;0;7375;14688;0;0;0;0;0;0;0;0;0;0;13;0;0;1292;0;0
36;1;323;959900;4500;32800;21200;21400;3700;300;300;10000;500;87900;451100;295200;40900;46400;0;0;0;0;2580;1273;16176;7721;21404;0;0;0;0;0;0;0;0;7514;14688;0;0;0;0;0;0;0;0;0;0;13;0;0;1294;0;0
37;1;326;1024100;3400;32700;18800;20300;3600;300;300;9900;400;82300;443600;380100;39400;42700;0;0;0;0;2580;1277;16004;7666;21253;0;0;0;0;0;0;0;0;7486;14552;0;0;0;0;0;0;0;0;0;0;13;0;0;1290;0;0
38;1;330;1157200;4100;31100;17300;23500;4800;400;300;12000;500;85400;525400;422000;43600;41500;0;0;0;0;2580;1275;16972;8073;21826;0;0;0;0;0;0;0;0;7489;15612;0;0;0;0;0;0;0;0;0;0;14;0;0;1291;0;0
39;1;333;1196900;4800;33800;19200;23900;4600;500;300;11600;700;125700;575900;364900;62100;62500;0;0;0;0;2580;1272;17108;8166;21944;0;0;0;0;0;0;0;0;7587;14788;0;0;0;0;0;0;0;0;0;0;14;0;0;1294;0;0
40;1;336;1266700;4200;33700;19200;23500;4300;400;300;11400;600;112400;528100;497500;56300;55500;0;0;0;0;2580;1278;15940;7610;21201;0;0;0;0;0;0;0;0;7429;14588;0;0;0;0;0;0;0;0;0;0;13;0;0;1289;0;0
41;1;340;1525700;7900;48300;20100;29500;19100;400;300;15000;1200;126600;516200;703700;79200;46100;0;0;0;0;2580;1275;16076;7695;21319;0;0;0;0;0;0;0;0;7514;14788;0;0;0;0;0;0;0;0;0;0;13;0;0;1292;0;0
42;1;343;2316300;5100;30700;17000;22500;5600;300;200;10700;500;115000;437700;1641600;67300;47000;0;0;0;0;2580;1277;15976;7664;21234;0;0;0;0;0;0;0;0;7490;14652;0;0;0;0;0;0;0;0;0;0;13;0;0;1290;0;0
43;1;346;1562700;10100;34300;17000;24100;5700;400;300;11500;700;215100;533700;679200;95600;119100;0;0;0;0;2580;1278;16864;8070;21727;0;0;0;0;0;0;0;0;7484;14580;0;0;0;0;0;0;0;0;0;0;14;0;0;1288;0;0
44;1;350;1224800;7100;34300;19200;23900;5100;400;300;11400;800;123900;571500;395300;66900;56500;0;0;0;0;2580;1273;17072;8169;21911;0;0;0;0;0;0;0;0;7575;15712;0;0;0;0;0;0;0;0;0;0;14;0;0;1293;0;0
45;1;353;1064800;4700;34100;19100;23300;4500;400;300;12100;700;110500;497500;327900;59600;50300;0;0;0;0;2580;1277;15976;7658;21234;0;0;0;0;0;0;0;0;7489;14688;0;0;0;0;0;0;0;0;0;0;13;0;0;1290;0;0
46;1;356;1025500;3800;32800;19400;22800;3400;400;400;12300;400;89000;495200;316900;44100;44500;0;0;0;0;2580;1276;16040;7643;21286;0;0;0;0;0;0;0;0;7470;14652;0;0;0;0;0;0;0;0;0;0;13;0;0;1291;0;0
47;1;360;1045400;3400;32600;19600;23300;3100;400;400;12000;600;79700;513200;328100;37600;41600;0;0;0;0;2580;1278;15940;7623;21201;0;0;0;0;0;0;0;0;7451;14652;0;0;0;0;0;0;0;0;0;0;13;0;0;1289;0;0
48;1;363;997700;3200;33000;19600;23700;3300;300;300;11100;400;83800;492000;299100;39900;43400;0;0;0;0;2580;1275;16076;7687;21319;0;0;0;0;0;0;0;0;7511;14752;0;0;0;0;0;0;0;0;0;0;13;0;0;1292;0;0
49;1;366;1047100;3100;32100;20800;23100;2600;400;300;11000;400;77300;546200;300800;35900;40900;0;0;0;0;2580;1277;16872;8031;21741;0;0;0;0;0;0;0;0;7440;15584;0;0;0;0;0;0;0;0;0;0;14;0;0;1289;0;0
50;1;370;987800;3200;32400;19400;23000;2700;400;200;10800;400;78700;466900;321100;36600;41800;0;0;0;0;2580;1279;15008;7251;20661;0;0;0;0;0;0;0;0;7079;14680;0;0;0;0;0;0;0;0;0;0;12;0;0;1289;0;0
51;1;373;1088200;3400;32600;19500;23100;3100;400;300;11000;400;77400;507300;381100;37600;39400;0;0;0;0;2580;1274;15216;7315;20845;0;0;0;0;0;0;0;0;7145;14760;0;0;0;0;0;0;0;0;0;0;12;0;0;1294;0;0
52;1;376;1046300;4100;33300;19100;23200;5000;400;300;11500;500;109300;463000;346200;58800;49300;0;0;0;0;2580;1276;15088;7264;20741;0;0;0;0;0;0;0;0;7085;14552;0;0;0;0;0;0;0;0;0;0;12;0;0;1292;0;0
53;1;380;1259700;3900;33300;21100;80200;4300;500;300;11200;800;83400;487900;500600;47600;35400;0;0;0;0;2580;1276;15116;7269;20760;0;0;0;0;0;0;0;0;7080;14652;0;0;0;0;0;0;0;0;0;0;12;0;0;1292;0;0
54;1;383;2256400;6100;34100;19500;23700;6500;400;400;12000;900;212600;575300;1331500;110200;101100;0;0;0;0;2580;1276;16012;7652;21267;0;0;0;0;0;0;0;0;7045;14488;0;0;0;0;0;0;0;0;0;0;13;0;0;1291;0;0
55;1;386;1216400;9400;35700;19200;21600;12900;300;300;14500;2900;125300;501000;439100;75400;49000;0;0;0;0;2580;1275;16076;7726;21319;0;0;0;0;0;0;0;0;7295;14716;0;0;0;0;0;0;0;0;0;0;13;0;0;1292;0;0
56;1;390;2030600;7000;29800;17100;21900;4700;400;400;11000;600;121100;415100;1376200;67000;53600;0;0;0;0;2580;1278;15044;7264;20694;0;0;0;0;0;0;0;0;7074;14652;0;0;0;0;0;0;0;0;0;0;12;0;0;1290;0;0
57;1;393;1211100;8500;36300;19200;24600;6300;500;300;12900;900;162000;488800;415600;87900;73500;0;0;0;0;2580;1276;15144;7291;20779;0;0;0;0;0;0;0;0;7111;14780;0;0;0;0;0;0;0;0;0;0;12;0;0;1292;0;0
58;1;396;1249900;4900;33200;21200;25100;11500;500;500;13400;1100;122500;473800;511100;68400;53600;0;0;0;0;2580;1277;14996;7246;20670;0;0;0;0;0;0;0;0;7073;14560;0;0;0;0;0;0;0;0;0;0;12;0;0;1291;0;0
59;1;400;1094100;5800;34100;19200;23900;4200;500;300;13000;1200;111100;483600;365800;57600;52800;0;0;0;0;2580;1277;15108;7247;20746;0;0;0;0;0;0;0;0;7075;14680;0;0;0;0;0;0;0;0;0;0;12;0;0;1291;0;0
60;0;403;1231800;4300;33100;19500;23700;3600;400;400;12300;400;94800;615200;395500;50300;44200;0;0;0;0;2580;1278;15912;7650;21182;0;0;0;0;0;0;0;0;7058;15512;0;0;0;0;0;0;0;0;0;0;13;0;0;1289;0;0
61;0;406;1012600;5000;33700;19600;23300;3800;400;400;12500;600;92400;469900;322700;48700;43100;0;0;0;0;2580;1278;14988;7191;20656;0;0;0;0;0;0;0;0;7023;14552;0;0;0;0;0;0;0;0;0;0;12;0;0;1290;0;0
62;0;410;1010400;3200;33000;19400;23300;3600;400;400;11600;600;84600;474700;326800;42800;41300;0;0;0;0;2580;1276;15144;7305;20779;0;0;0;0;0;0;0;0;7125;14780;0;0;0;0;0;0;0;0;0;0;12;0;0;1292;0;0
63;0;413;1005900;3100;32500;19700;23100;3200;400;300;12000;600;82200;484800;314400;41200;40600;0;0;0;0;2580;1278;15016;7229;20675;0;0;0;0;0;0;0;0;7060;14616;0;0;0;0;0;0;0;0;0;0;12;0;0;1290;0;0
64;0;416;1070500;2800;33100;19500;23100;2800;500;300;11000;500;80400;471600;396500;40100;39800;0;0;0;0;2580;1277;15052;7291;20708;0;0;0;0;0;0;0;0;7115;14716;0;0;0;0;0;0;0;0;0;0;12;0;0;1291;0;0
65;0;420;1564100;3900;34200;20500;23500;4500;500;300;11000;500;109400;654000;669600;52000;56900;0;0;0;0;2580;1280;15812;7621;21097;0;0;0;0;0;0;0;0;7042;14588;0;0;0;0;0;0;0;0;0;0;13;0;0;1287;0;0
66;0;423;1334200;11400;37800;19200;24800;9200;400;300;13000;1400;170300;476000;535600;80400;88800;0;0;0;0;2580;1277;15080;7292;20727;0;0;0;0;0;0;0;0;7115;14780;0;0;0;0;0;0;0;0;0;0;12;0;0;1291;0;0
67;0;426;1495400;12000;45500;21300;29800;11900;500;300;12100;1700;153800;492000;674300;80800;71600;0;0;0;0;2580;1279;14952;7219;20623;0;0;0;0;0;0;0;0;7043;14560;0;0;0;0;0;0;0;0;0;0;12;0;0;1289;0;0
68;0;430;1094000;9100;30700;17400;25500;3700;300;200;10400;400;126200;430900;412400;76300;49300;0;0;0;0;2580;1280;14972;7188;20628;0;0;0;0;0;0;0;0;7000;14580;0;0;0;0;0;0;0;0;0;0;12;0;0;1288;0;0
69;0;433;1289200;3300;30400;17200;21500;3400;300;300;10000;400;128800;463400;585000;66900;61300;0;0;0;0;2580;1276;15088;7269;20741;0;0;0;0;0;0;0;0;7044;14688;0;0;0;0;0;0;0;0;0;0;12;0;0;1292;0;0
70;0;436;989700;5300;30000;16900;20700;4700;300;300;9800;600;103000;439700;332000;51500;51000;0;0;0;0;2580;1278;14960;7240;20637;0;0;0;0;0;0;0;0;6993;14560;0;0;0;0;0;0;0;0;0;0;12;0;0;1290;0;0
71;0;440;1122500;2700;28400;18800;22200;2700;300;300;10400;500;105500;503400;399700;41400;63500;0;0;0;0;2580;1277;16004;7701;21253;0;0;0;0;0;0;0;0;7415;14708;0;0;0;0;0;0;0;0;0;0;13;0;0;1290;0;0
72;0;443;1012800;4100;33600;19100;23300;3700;400;300;12300;600;87800;472700;326500;41800;45400;0;0;0;0;2580;1278;14960;7240;20637;0;0;0;0;0;0;0;0;7007;14660;0;0;0;0;0;0;0;0;0;0;12;0;0;1290;0;0
73;0;446;984600;3300;32900;19300;23400;3500;400;300;11000;500;83400;474800;304000;40800;42000;0;0;0;0;2580;1278;15072;7285;20713;0;0;0;0;0;0;0;0;7056;14744;0;0;0;0;0;0;0;0;0;0;12;0;0;1290;0;0
74;0;450;996000;3400;32700;19400;22800;2800;400;300;10800;300;86800;461800;326300;40900;45300;0;0;0;0;2580;1281;14852;7194;20538;0;0;0;0;0;0;0;0;6968;14552;0;0;0;0;0;0;0;0;0;0;12;0;0;1287;0;0
75;0;453;1006200;3200;33100;21500;25200;3000;400;300;12100;400;85900;490300;304100;42700;42800;0;0;0;0;2580;1277;15052;7270;20708;0;0;0;0;0;0;0;0;7022;14652;0;0;0;0;0;0;0;0;0;0;12;0;0;1291;0;0
76;0;456;1222800;3000;32200;19300;23000;3700;400;300;11000;400;79700;704500;317200;38100;41200;0;0;0;0;2580;1276;16040;7639;21286;0;0;0;0;0;0;0;0;7050;14680;0;0;0;0;0;0;0;0;0;0;13;0;0;1291;0;0
77;0;460;1004900;3300;33500;19300;23400;2800;400;300;11100;400;77400;477700;326900;36800;40000;0;0;0;0;2580;1280;14888;7203;20571;0;0;0;0;0;0;0;0;6975;14624;0;0;0;0;0;0;0;0;0;0;12;0;0;1288;0;0
78;0;463;1481200;3200;32400;19000;23000;2600;400;300;10900;600;80900;489600;788400;39100;41400;0;0;0;0;2580;1280;14972;7206;20628;0;0;0;0;0;0;0;0;6981;14580;0;0;0;0;0;0;0;0;0;0;12;0;0;1288;0;0
79;0;466;1443700;17900;44700;20600;25100;9700;400;600;12700;1900;262600;499600;511000;154300;106600;0;0;0;0;2580;1276;15088;7275;20741;0;0;0;0;0;0;0;0;7045;14724;0;0;0;0;0;0;0;0;0;0;12;0;0;1292;0;0
80;0;470;1226100;6400;35000;19000;24300;6500;400;300;12000;1500;179300;475300;434300;104300;74400;0;0;0;0;2580;1281;14852;7212;20538;0;0;0;0;0;0;0;0;6980;14552;0;0;0;0;0;0;0;0;0;0;12;0;0;1287;0;0
81;0;473;1092200;5500;34300;19000;23500;5200;400;300;11500;900;123700;482200;356000;65100;57900;0;0;0;0;2580;1281;14852;7176;20538;0;0;0;0;0;0;0;0;6949;14552;0;0;0;0;0;0;0;0;0;0;12;0;0;1287;0;0
82;0;476;1207700;4800;37200;19600;24700;4300;300;200;13700;1200;96500;469600;505000;50200;45400;0;0;0;0;2580;1276;15116;7296;20760;0;0;0;0;0;0;0;0;7097;14716;0;0;0;0;0;0;0;0;0;0;12;0;0;1292;0;0
83;0;480;2998800;4100;35300;20600;25100;4200;400;300;16000;400;85600;484800;2293500;48200;36200;0;0;0;0;2580;1281;14880;7192;20557;0;0;0;0;0;0;0;0;7004;14616;0;0;0;0;0;0;0;0;0;0;12;0;0;1287;0;0
84;0;483;1519200;9500;36000;21300;25800;6100;400;400;12400;900;189600;480400;703400;97800;90900;0;0;0;0;2580;1281;14852;7190;20538;0;0;0;0;0;0;0;0;6977;14588;0;0;0;0;0;0;0;0;0;0;12;0;0;1287;0;0
85;0;486;1125600;7100;35400;19400;24000;4800;300;300;11700;800;125400;481300;384000;66700;57800;0;0;0;0;2580;1278;15016;7220;20675;0;0;0;0;0;0;0;0;6970;14588;0;0;0;0;0;0;0;0;0;0;12;0;0;1290;0;0
86;0;490;1067600;4800;34500;19300;23900;4600;400;300;11100;700;92100;486300;358600;46400;45100;0;0;0;0;2580;1278;14988;7236;20656;0;0;0;0;0;0;0;0;6987;14688;0;0;0;0;0;0;0;0;0;0;12;0;0;1290;0;0
87;0;493;1010900;3600;32700;19400;23900;3600;400;300;11300;600;84700;479100;322600;42000;42300;0;0;0;0;2580;1279;14952;7262;20623;0;0;0;0;0;0;0;0;7019;14552;0;0;0;0;0;0;0;0;0;0;12;0;0;1289;0;0
88;0;496;1007400;3300;32700;19400;23200;3100;400;300;11300;1100;85500;484400;315200;40400;44600;0;0;0;0;2580;1276;15116;7336;20760;0;0;0;0;0;0;0;0;7089;14816;0;0;0;0;0;0;0;0;0;0;12;0;0;1292;0;0
89;0;500;1045500;3300;32700;19800;23400;3400;400;400;11200;500;82000;462900;376900;38300;43500;0;0;0;0;2580;1282;14816;7175;20505;0;0;0;0;0;0;0;0;6933;14552;0;0;0;0;0;0;0;0;0;0;12;0;0;1286;0;0
90;0;503;1006500;4500;32500;19300;23300;3400;400;300;11400;500;88700;466400;327300;44100;44300;0;0;0;0;2580;1280;14944;7208;20609;0;0;0;0;0;0;0;0;6945;14616;0;0;0;0;0;0;0;0;0;0;12;0;0;1288;0;0
91;0;506;1029000;3100;33400;19500;22900;3900;500;300;10800;400;77600;476200;352000;36500;40500;0;0;0;0;2580;1278;14988;7233;20656;0;0;0;0;0;0;0;0;6988;14624;0;0;0;0;0;0;0;0;0;0;12;0;0;1290;0;0
92;0;510;1115800;11700;33100;19700;22800;4500;400;300;12000;700;115700;460600;404900;60600;54200;0;0;0;0;2580;1282;14788;7150;20486;0;0;0;0;0;0;0;0;6932;14452;0;0;0;0;0;0;0;0;0;0;12;0;0;1286;0;0
93;0;513;1123700;4600;34100;19200;23800;4800;400;300;11500;700;128300;478900;385400;63200;64200;0;0;0;0;2580;1277;15080;7319;20727;0;0;0;0;0;0;0;0;7110;14780;0;0;0;0;0;0;0;0;0;0;12;0;0;1291;0;0
94;0;516;1328400;4000;33100;19100;23500;5600;400;400;12300;1000;138200;469300;588500;67900;69500;0;0;0;0;2580;1280;14888;7247;20571;0;0;0;0;0;0;0;0;7005;14652;0;0;0;0;0;0;0;0;0;0;12;0;0;1288;0;0
95;0;520;1220600;5800;36100;21300;26100;5400;400;300;12800;600;95600;517700;469100;53000;42100;0;0;0;0;2580;1278;15044;7304;20694;0;0;0;0;0;0;0;0;7057;14716;0;0;0;0;0;0;0;0;0;0;12;0;0;1290;0;0
96;0;523;1991000;3300;32400;19200;27600;3600;300;300;12100;400;94800;467700;1285600;49200;45400;0;0;0;0;2580;1281;14880;7229;20557;0;0;0;0;0;0;0;0;7007;14552;0;0;0;0;0;0;0;0;0;0;12;0;0;1287;0;0
97;0;526;1174100;6400;34000;19100;23700;4500;400;400;12100;1100;153500;552200;337000;88600;64200;0;0;0;0;2580;1278;14988;7259;20656;0;0;0;0;0;0;0;0;7034;14624;0;0;0;0;0;0;0;0;0;0;12;0;0;1290;0;0
98;0;530;1054700;4200;56100;19100;23500;4100;400;300;11700;600;101000;497600;307800;51700;48900;0;0;0;0;2580;1277;15080;7236;20727;0;0;0;0;0;0;0;0;6988;14616;0;0;0;0;0;0;0;0;0;0;12;0;0;1291;0;0
99;0;533;982700;3700;33400;19500;23400;4500;400;400;11900;800;103600;485900;268300;43900;59400;0;0;0;0;2580;1283;14752;7152;20453;0;0;0;0;0;0;0;0;6901;14452;0;0;0;0;0;0;0;0;0;0;12;0;0;1285;0;0
100;0;536;997700;3300;32900;19400;23600;2800;400;300;10700;500;92700;496000;288300;48000;44100;0;0;0;0;2580;1276;15060;7271;20722;0;0;0;0;0;0;0;0;7012;14724;0;0;0;0;0;0;0;0;0;0;12;0;0;1292;0;0
101;0;540;979700;4100;33200;19500;23000;3400;400;400;11700;700;81100;490200;273800;39200;41500;0;0;0;0;2580;1281;14880;7190;20557;0;0;0;0;0;0;0;0;6906;14580;0;0;0;0;0;0;0;0;0;0;12;0;0;1287;0;0
102;0;543;1212100;3300;32200;19300;23000;2600;300;300;12000;500;100900;492200;497300;59800;40800;0;0;0;0;2580;1281;14852;7248;20538;0;0;0;0;0;0;0;0;6959;14552;0;0;0;0;0;0;0;0;0;0;12;0;0;1287;0;0
103;0;546;1115500;6500;34600;19100;23600;4200;400;400;11400;700;138300;503400;341400;65100;72900;0;0;0;0;2580;1280;14860;7233;20552;0;0;0;0;0;0;0;0;6948;14624;0;0;0;0;0;0;0;0;0;0;12;0;0;1288;0;0
104;0;550;1066600;4800;33200;19100;23300;3900;300;800;12000;600;121000;490600;327400;61200;58600;0;0;0;0;2580;1281;14880;7205;20557;0;0;0;0;0;0;0;0;6923;14580;0;0;0;0;0;0;0;0;0;0;12;0;0;1287;0;0
105;0;553;1032900;3700;33600;20800;22900;3800;400;300;11300;400;94300;509000;303500;49500;44400;0;0;0;0;2580;1278;14988;7307;20656;0;0;0;0;0;0;0;0;7044;14716;0;0;0;0;0;0;0;0;0;0;12;0;0;1290;0;0
106;0;556;1050600;4100;33800;19300;23500;4100;400;300;11300;700;114000;483700;325400;57000;56100;0;0;0;0;2580;1281;14824;7195;20519;0;0;0;0;0;0;0;0;6972;14552;0;0;0;0;0;0;0;0;0;0;12;0;0;1287;0;0
107;0;560;1085800;4200;33400;19300;23600;4400;300;300;11300;800;111600;482900;346900;57800;53400;0;0;0;0;2580;1281;14880;7220;20557;0;0;0;0;0;0;0;0;7028;14616;0;0;0;0;0;0;0;0;0;0;12;0;0;1287;0;0
108;0;563;1092500;5000;33500;19000;23400;5100;400;500;12300;1100;117400;482900;362900;57500;59200;0;0;0;0;2580;1282;14788;7200;20486;0;0;0;0;0;0;0;0;7020;14588;0;0;0;0;0;0;0;0;0;0;12;0;0;1286;0;0
109;0;566;1322000;5200;36000;19900;24700;4500;300;300;12600;1700;103300;456400;625600;54300;48000;0;0;0;0;2580;1283;14724;7155;20434;0;0;0;0;0;0;0;0;6982;14524;0;0;0;0;0;0;0;0;0;0;12;0;0;1285;0;0
110;0;570;1047200;5300;34700;19600;25100;3200;300;300;12200;1200;135200;483200;296800;84000;49800;0;0;0;0;2580;1277;15080;7345;20727;0;0;0;0;0;0;0;0;7158;14716;0;0;0;0;0;0;0;0;0;0;12;0;0;1291;0;0
111;0;573;1218100;3100;33000;19400;23300;3300;300;300;12200;400;183400;493600;417500;51100;131700;0;0;0;0;2580;1283;14724;7157;20434;0;0;0;0;0;0;0;0;6976;14488;0;0;0;0;0;0;0;0;0;0;12;0;0;1285;0;0
112;0;576;1002000;4500;33300;21300;25100;5000;400;300;11900;600;108400;493100;258800;59700;48300;0;0;0;0;2580;1280;14888;7248;20571;0;0;0;0;0;0;0;0;7070;14688;0;0;0;0;0;0;0;0;0;0;12;0;0;1288;0;0
113;0;580;1010600;3200;32900;19200;23100;2900;400;300;11900;500;91800;504000;289700;46200;45300;0;0;0;0;2580;1280;14916;7194;20590;0;0;0;0;0;0;0;0;7012;14616;0;0;0;0;0;0;0;0;0;0;12;0;0;1288;0;0
114;0;583;970700;22900;32600;19100;23100;3400;300;300;11000;600;83900;473700;271100;40200;43300;0;0;0;0;2580;1282;14816;7188;20505;0;0;0;0;0;0;0;0;7012;14488;0;0;0;0;0;0;0;0;0;0;12;0;0;1286;0;0
115;0;586;962200;3100;33100;19300;23100;2900;400;300;11300;500;80000;492400;266900;37400;42200;0;0;0;0;2580;1282;14816;7214;20505;0;0;0;0;0;0;0;0;7026;14580;0;0;0;0;0;0;0;0;0;0;12;0;0;1286;0;0
116;0;590;960400;3600;32500;21300;23000;14000;500;400;11900;500;77400;480000;265500;36900;40100;0;0;0;0;2580;1280;14860;7215;20552;0;0;0;0;0;0;0;0;7008;14552;0;0;0;0;0;0;0;0;0;0;12;0;0;1288;0;0
117;0;593;1029700;3200;32100;18800;23000;3200;300;300;11100;600;89900;488100;329600;44600;44800;0;0;0;0;2580;1279;14980;7334;20642;0;0;0;0;0;0;0;0;7105;14744;0;0;0;0;0;0;0;0;0;0;12;0;0;1289;0;0
118;0;596;1015900;5600;32500;19400;23500;3600;300;300;11900;600;108300;495400;284500;55900;51900;0;0;0;0;2580;1282;14760;7164;20467;0;0;0;0;0;0;0;0;6940;14488;0;0;0;0;0;0;0;0;0;0;12;0;0;1286;0;0
119;0;600;1020400;4100;32600;19600;40600;3600;400;300;12100;700;87700;484200;304300;43200;44000;0;0;0;0;2580;1279;14952;7228;20623;0;0;0;0;0;0;0;0;7010;14652;0;0;0;0;0;0;0;0;0;0;12;0;0;1289;0;0
120;0;603;956500;3500;32900;21400;24600;3100;400;400;11500;600;82800;479600;266800;39400;42600;0;0;0;0;2580;1282;14816;7195;20505;0;0;0;0;0;0;0;0;6978;14516;0;0;0;0;0;0;0;0;0;0;12;0;0;1286;0;0
121;0;606;969700;3200;31700;19300;22900;2900;400;200;11000;400;77800;483500;287000;37800;39500;0;0;0;0;2580;1281;14824;7184;20519;0;0;0;0;0;0;0;0;6970;14524;0;0;0;0;0;0;0;0;0;0;12;0;0;1287;0;0
122;0;610;1061100;4300;33000;31800;23300;3800;400;500;11000;600;95300;485900;340000;48200;46400;0;0;0;0;2580;1281;14880;7210;20557;0;0;0;0;0;0;0;0;7000;14616;0;0;0;0;0;0;0;0;0;0;12;0;0;1287;0;0
123;0;613;1068300;4500;32600;19100;23200;4200;300;300;11300;600;116000;492600;332900;57400;58200;0;0;0;0;2580;1280;14860;7176;20552;0;0;0;0;0;0;0;0;6967;14552;0;0;0;0;0;0;0;0;0;0;12;0;0;1288;0;0
124;0;616;1071400;3800;34200;21500;27900;5600;400;500;12100;800;106700;472400;356500;60600;44900;0;0;0;0;2580;1279;14952;7233;20623;0;0;0;0;0;0;0;0;7018;14580;0;0;0;0;0;0;0;0;0;0;12;0;0;1289;0;0
125;0;620;998900;5600;34700;21300;23000;2600;400;300;13000;400;95900;473500;299000;47000;48500;0;0;0;0;2580;1285;14652;7136;20368;0;0;0;0;0;0;0;0;6933;14452;0;0;0;0;0;0;0;0;0;0;12;0;0;1283;0;0
126;0;623;996700;3400;32300;19300;23000;2500;400;400;11000;500;98300;497200;279300;49100;48700;0;0;0;0;2580;1279;14980;7289;20642;0;0;0;0;0;0;0;0;7071;14780;0;0;0;0;0;0;0;0;0;0;12;0;0;1289;0;0
127;0;626;958600;3200;33000;19300;23400;2600;400;300;11400;600;98100;485300;251900;42100;55500;0;0;0;0;2580;1281;14852;7171;20538;0;0;0;0;0;0;0;0;6963;14516;0;0;0;0;0;0;0;0;0;0;12;0;0;1287;0;0
128;0;630;987700;3200;45200;20600;23100;2900;400;900;12000;500;89400;486500;274700;45100;43700;0;0;0;0;2580;1283;14752;7211;20453;0;0;0;0;0;0;0;0;6994;14488;0;0;0;0;0;0;0;0;0;0;12;0;0;1285;0;0
129;0;633;963500;3500;32900;19200;23000;3000;400;300;12200;600;85100;491400;262400;44300;40300;0;0;0;0;2580;1281;14852;7214;20538;0;0;0;0;0;0;0;0;7004;14616;0;0;0;0;0;0;0;0;0;0;12;0;0;1287;0;0
130;0;636;954500;3500;33200;19500;23300;2900;400;200;11000;500;80100;489000;262600;40400;39400;0;0;0;0;2580;1283;14724;7159;20434;0;0;0;0;0;0;0;0;6948;14488;0;0;0;0;0;0;0;0;0;0;12;0;0;1285;0;0
131;0;640;1006600;3000;32900;19400;22800;20200;700;400;12000;1000;78700;469600;308900;40000;38300;0;0;0;0;2580;1283;14724;7180;20434;0;0;0;0;0;0;0;0;6972;14552;0;0;0;0;0;0;0;0;0;0;12;0;0;1285;0;0
132;0;643;1095600;3900;32800;21500;24600;3500;400;300;12800;600;80900;480600;406200;40400;40000;0;0;0;0;2580;1283;14752;7201;20453;0;0;0;0;0;0;0;0;7002;14580;0;0;0;0;0;0;0;0;0;0;12;0;0;1285;0;0
133;0;646;1035900;4300;33900;19000;23100;4100;400;300;12300;700;107000;497300;303200;48900;57800;0;0;0;0;2580;1281;14852;7243;20538;0;0;0;0;0;0;0;0;7021;14652;0;0;0;0;0;0;0;0;0;0;12;0;0;1287;0;0
134;0;650;1009500;4300;33400;19000;23300;3300;300;400;11200;800;99300;484700;300600;54100;44500;0;0;0;0;2580;1283;14724;7132;20434;0;0;0;0;0;0;0;0;6934;14452;0;0;0;0;0;0;0;0;0;0;12;0;0;1285;0;0
135;0;653;977600;3800;33100;19400;23300;3200;400;300;11300;700;89000;494000;254100;45200;42700;0;0;0;0;2580;1280;14888;7283;20571;0;0;0;0;0;0;0;0;7075;14716;0;0;0;0;0;0;0;0;0;0;12;0;0;1288;0;0
136;0;656;953600;2900;32200;19500;23000;2800;500;300;12200;600;81300;482400;268300;39200;41100;0;0;0;0;2580;1280;14888;7258;20571;0;0;0;0;0;0;0;0;7041;14552;0;0;0;0;0;0;0;0;0;0;12;0;0;1288;0;0
137;0;660;973300;3000;32100;19400;23900;2400;300;300;11900;600;77100;484200;289600;36600;40100;0;0;0;0;2580;1283;14780;7216;20472;0;0;0;0;0;0;0;0;7019;14516;0;0;0;0;0;0;0;0;0;0;12;0;0;1285;0;0
138;0;663;1053700;3500;32900;19100;23000;2800;500;300;11600;500;85600;487400;357000;42900;41600;0;0;0;0;2580;1283;14752;7200;20453;0;0;0;0;0;0;0;0;7026;14516;0;0;0;0;0;0;0;0;0;0;12;0;0;1285;0;0
139;0;666;1058600;5700;34600;19100;24100;5000;300;300;11300;1000;111300;505500;308800;61300;49300;0;0;0;0;2580;1284;14688;7179;20401;0;0;0;0;0;0;0;0;6995;14552;0;0;0;0;0;0;0;0;0;0;12;0;0;1284;0;0
140;0;670;1078000;4600;32800;19000;23400;5100;400;500;11400;800;117600;484000;335300;58700;58000;0;0;0;0;2580;1283;14752;7186;20453;0;0;0;0;0;0;0;0;6997;14488;0;0;0;0;0;0;0;0;0;0;12;0;0;1285;0;0
141;0;673;1210500;5700;35500;19500;23700;6800;500;300;12900;600;96400;486400;491700;57200;38400;0;0;0;0;2580;1278;14960;7200;20637;0;0;0;0;0;0;0;0;6995;14552;0;0;0;0;0;0;0;0;0;0;12;0;0;1290;0;0
142;0;676;956300;3100;32600;19400;24300;2800;400;300;11000;400;104300;468700;262300;53500;50300;0;0;0;0;2580;1280;14916;7252;20590;0;0;0;0;0;0;0;0;7041;14616;0;0;0;0;0;0;0;0;0;0;12;0;0;1288;0;0
143;0;680;1047000;2300;32800;19200;22900;1900;400;300;10900;400;72400;555400;299600;34700;37200;0;0;0;0;2580;1285;14652;7159;20368;0;0;0;0;0;0;0;0;6939;14516;0;0;0;0;0;0;0;0;0;0;12;0;0;1283;0;0
144;0;683;977300;3200;55000;19200;23000;3700;400;300;12200;500;81100;476900;272200;41200;39500;0;0;0;0;2580;1281;14852;7206;20538;0;0;0;0;0;0;0;0;7001;14588;0;0;0;0;0;0;0;0;0;0;12;0;0;1287;0;0
145;0;686;947200;3300;33000;19500;23300;2700;400;300;10800;500;78600;478000;251400;38100;40000;0;0;0;0;2580;1284;14688;7184;20401;0;0;0;0;0;0;0;0;6975;14516;0;0;0;0;0;0;0;0;0;0;12;0;0;1284;0;0
146;0;690;989600;3500;32300;19200;23000;2700;400;300;44700;600;75900;478800;280700;36600;38800;0;0;0;0;2580;1284;14688;7149;20401;0;0;0;0;0;0;0;0;6949;14516;0;0;0;0;0;0;0;0;0;0;12;0;0;1284;0;0
147;0;693;959200;3100;32500;19200;23300;2700;400;300;10500;500;80300;496200;259800;38800;41100;0;0;0;0;2580;1281;14796;7196;20500;0;0;0;0;0;0;0;0;6981;14488;0;0;0;0;0;0;0;0;0;0;12;0;0;1287;0;0
148;0;696;1075200;3800;33500;19300;22900;2700;400;300;11800;400;78200;508300;363800;39100;38800;0;0;0;0;2580;1281;14852;7245;20538;0;0;0;0;0;0;0;0;7024;14580;0;0;0;0;0;0;0;0;0;0;12;0;0;1287;0;0
149;0;700;1050600;4500;52900;19100;23200;3600;400;300;12300;600;86600;488800;328100;42900;43000;0;0;0;0;2580;1281;14824;7225;20519;0;0;0;0;0;0;0;0;7019;14588;0;0;0;0;0;0;0;0;0;0;12;0;0;1287;0;0
150;0;703;975600;4000;32700;19100;23000;3100;400;300;10900;600;100300;490800;261700;43600;56300;0;0;0;0;2580;1285;14652;7168;20368;0;0;0;0;0;0;0;0;6948;14516;0;0;0;0;0;0;0;0;0;0;12;0;0;1283;0;0
151;0;706;972500;3300;43800;19500;22900;2600;400;300;12000;600;79500;477600;281400;39700;39400;0;0;0;0;2580;1283;14752;7177;20453;0;0;0;0;0;0;0;0;6954;14516;0;0;0;0;0;0;0;0;0;0;12;0;0;1285;0;0
152;0;710;1000100;3700;32900;19600;23100;2900;400;300;11100;500;83100;495000;298300;41400;41100;0;0;0;0;2580;1282;14732;7156;20448;0;0;0;0;0;0;0;0;6918;14488;0;0;0;0;0;0;0;0;0;0;12;0;0;1286;0;0
153;0;713;959200;4600;32600;19500;23000;3100;400;400;11100;400;82700;486100;266900;40600;41700;0;0;0;0;2580;1283;14752;7216;20453;0;0;0;0;0;0;0;0;6975;14516;0;0;0;0;0;0;0;0;0;0;12;0;0;1285;0;0
154;0;716;997400;3100;32500;19400;22800;2800;300;300;11500;400;74400;483200;312000;35000;38900;0;0;0;0;2580;1281;14824;7212;20519;0;0;0;0;0;0;0;0;6985;14552;0;0;0;0;0;0;0;0;0;0;12;0;0;1287;0;0
155;0;720;1067400;4200;33000;19000;23400;3300;400;300;10800;800;105400;487800;349200;54000;50500;0;0;0;0;2580;1281;14852;7217;20538;0;0;0;0;0;0;0;0;7023;14616;0;0;0;0;0;0;0;0;0;0;12;0;0;1287;0;0
156;0;723;1101700;4900;34100;19100;23300;4600;400;300;11200;800;114100;493500;366700;58100;55400;0;0;0;0;2580;1284;14688;7165;20401;0;0;0;0;0;0;0;0;6964;14552;0;0;0;0;0;0;0;0;0;0;12;0;0;1284;0;0
157;0;726;1189700;3700;33200;19400;23500;3600;300;300;11300;900;96800;466200;500200;50000;46200;0;0;0;0;2580;1282;14816;7216;20505;0;0;0;0;0;0;0;0;6996;14552;0;0;0;0;0;0;0;0;0;0;12;0;0;1286;0;0
158;0;730;1201500;68500;33900;19100;23200;3700;400;300;12200;600;117000;472300;421000;64300;52100;0;0;0;0;2580;1281;14824;7205;20519;0;0;0;0;0;0;0;0;6976;14516;0;0;0;0;0;0;0;0;0;0;12;0;0;1287;0;0
159;0;733;1052600;3800;33300;21300;24900;3800;300;300;12800;800;94100;479100;348200;47800;45300;0;0;0;0;2580;1283;14724;7170;20434;0;0;0;0;0;0;0;0;6949;14488;0;0;0;0;0;0;0;0;0;0;12;0;0;1285;0;0
160;0;736;1001200;3900;32900;19300;23000;3500;400;300;11200;600;90100;465200;319400;44400;45100;0;0;0;0;2580;1283;14752;7161;20453;0;0;0;0;0;0;0;0;6950;14516;0;0;0;0;0;0;0;0;0;0;12;0;0;1285;0;0
161;0;740;1011800;3000;32800;19400;22900;3000;400;300;12100;500;83800;471500;333800;40300;43100;0;0;0;0;2580;1283;14724;7180;20434;0;0;0;0;0;0;0;0;6959;14552;0;0;0;0;0;0;0;0;0;0;12;0;0;1285;0;0
162;0;743;957800;3200;32700;19300;22900;3000;400;300;11000;400;80400;456400;298600;39000;41000;0;0;0;0;2580;1284;14688;7169;20401;0;0;0;0;0;0;0;0;6964;14552;0;0;0;0;0;0;0;0;0;0;12;0;0;1284;0;0
163;0;746;1122500;3700;33300;20500;25700;3300;400;300;12100;700;100500;479100;412000;50400;49600;0;0;0;0;2580;1284;14688;7146;20401;0;0;0;0;0;0;0;0;6918;14488;0;0;0;0;0;0;0;0;0;0;12;0;0;1284;0;0
164;0;750;1118800;8500;35300;19200;23800;5800;400;400;12300;1000;127100;464400;389400;72400;54200;0;0;0;0;2580;1283;14752;7200;20453;0;0;0;0;0;0;0;0;6944;14580;0;0;0;0;0;0;0;0;0;0;12;0;0;1285;0;0
165;0;753;1033600;3900;33200;19300;24300;4000;400;300;12300;800;107100;476300;324300;60800;45800;0;0;0;0;2580;1281;14824;7188;20519;0;0;0;0;0;0;0;0;6946;14516;0;0;0;0;0;0;0;0;0;0;12;0;0;1287;0;0
166;0;756;1024600;3100;33900;19400;23500;3200;400;300;11000;500;86800;479900;334300;44300;41700;0;0;0;0;2580;1283;14724;7173;20434;0;0;0;0;0;0;0;0;6925;14552;0;0;0;0;0;0;0;0;0;0;12;0;0;1285;0;0
167;0;760;995000;2900;32600;20100;23200;2600;400;300;12200;400;78900;513400;278700;38700;39800;0;0;0;0;2580;1282;14788;7217;20486;0;0;0;0;0;0;0;0;6958;14580;0;0;0;0;0;0;0;0;0;0;12;0;0;1286;0;0
168;0;763;961100;3500;33200;19400;23300;3200;300;300;11100;500;81200;483400;272000;40500;40100;0;0;0;0;2580;1284;14688;7184;20401;0;0;0;0;0;0;0;0;6926;14488;0;0;0;0;0;0;0;0;0;0;12;0;0;1284;0;0
169;0;766;1010000;3200;32300;19500;22900;2700;400;800;10900;600;78000;542700;265600;37300;40200;0;0;0;0;2580;1284;14688;7155;20401;0;0;0;0;0;0;0;0;6896;14452;0;0;0;0;0;0;0;0;0;0;12;0;0;1284;0;0
170;0;770;1141400;3600;32800;19900;23300;3000;400;300;10900;500;87300;488600;441100;43300;43400;0;0;0;0;2580;1282;14760;7219;20467;0;0;0;0;0;0;0;0;6959;14552;0;0;0;0;0;0;0;0;0;0;12;0;0;1286;0;0
171;0;773;1211300;5900;33900;19000;23700;5300;400;300;11200;800;119500;528200;431800;62500;56200;0;0;0;0;2580;1285;14624;7118;20349;0;0;0;0;0;0;0;0;6848;14452;0;0;0;0;0;0;0;0;0;0;12;0;0;1283;0;0
172;0;776;1190800;6100;37500;19200;25600;6700;300;300;11900;1400;120600;470400;459400;71300;48000;0;0;0;0;2580;1283;14752;7184;20453;0;0;0;0;0;0;0;0;6903;14580;0;0;0;0;0;0;0;0;0;0;12;0;0;1285;0;0
173;0;780;1115400;4400;33600;19100;23400;4600;400;500;12400;700;144100;496500;343700;85300;58200;0;0;0;0;2580;1282;14788;7208;20486;0;0;0;0;0;0;0;0;6957;14552;0;0;0;0;0;0;0;0;0;0;12;0;0;1286;0;0
174;0;783;1028500;4400;33100;19300;23100;3600;400;300;11300;1200;112900;504100;286100;59100;53100;0;0;0;0;2580;1284;14716;7176;20420;0;0;0;0;0;0;0;0;6939;14516;0;0;0;0;0;0;0;0;0;0;12;0;0;1284;0;0
175;0;786;976100;3400;32800;19700;23000;3200;300;300;12200;600;95000;483700;271600;47300;47100;0;0;0;0;2580;1283;14724;7192;20434;0;0;0;0;0;0;0;0;6946;14588;0;0;0;0;0;0;0;0;0;0;12;0;0;1285;0;0
176;0;790;986600;2900;32600;19400;22900;2900;400;300;10900;800;78400;490700;294700;35800;42100;0;0;0;0;2580;1283;14752;7144;20453;0;0;0;0;0;0;0;0;6890;14516;0;0;0;0;0;0;0;0;0;0;12;0;0;1285;0;0
177;0;793;967200;3100;33100;19500;23100;3400;400;300;11100;500;79100;496300;269400;39200;38800;0;0;0;0;2580;1282;14788;7184;20486;0;0;0;0;0;0;0;0;6941;14552;0;0;0;0;0;0;0;0;0;0;12;0;0;1286;0;0
178;0;796;950800;3500;32500;19200;23100;2700;400;300;11000;600;79500;484100;265200;39300;39800;0;0;0;0;2580;1286;14588;7144;20316;0;0;0;0;0;0;0;0;6916;14452;0;0;0;0;0;0;0;0;0;0;12;0;0;1282;0;0
179;0;800;956600;3200;32800;19500;23100;2500;400;200;11300;700;80100;479000;276500;40200;39500;0;0;0;0;2580;1282;14816;7186;20505;0;0;0;0;0;0;0;0;6993;14516;0;0;0;0;0;0;0;0;0;0;12;0;0;1286;0;0
180;0;803;975200;3100;32600;19700;23000;2600;300;300;10700;500;78200;511800;264800;38200;39600;0;0;0;0;2580;1282;14760;7230;20467;0;0;0;0;0;0;0;0;7038;14588;0;0;0;0;0;0;0;0;0;0;12;0;0;1286;0;0
181;0;806;941900;3000;32900;19600;23100;2400;400;300;10500;600;78700;480300;263000;38500;39700;0;0;0;0;2580;1283;14780;7221;20472;0;0;0;0;0;0;0;0;7025;14452;0;0;0;0;0;0;0;0;0;0;12;0;0;1285;0;0
182;0;810;949000;3300;33000;19500;22900;2400;300;200;10700;400;77700;472600;276900;38400;39000;0;0;0;0;2580;1284;14660;7144;20382;0;0;0;0;0;0;0;0;6943;14488;0;0;0;0;0;0;0;0;0;0;12;0;0;1284;0;0
183;0;813;927100;3200;32600;19400;22900;2700;400;300;10600;500;77800;472100;255300;38800;38500;0;0;0;0;2580;1282;14760;7154;20467;0;0;0;0;0;0;0;0;6946;14516;0;0;0;0;0;0;0;0;0;0;12;0;0;1286;0;0
184;0;816;934900;3000;32100;19400;22900;2600;300;300;11700;600;78500;470800;263700;40000;38100;0;0;0;0;2580;1283;14752;7193;20453;0;0;0;0;0;0;0;0;6986;14616;0;0;0;0;0;0;0;0;0;0;12;0;0;1285;0;0
185;0;820;948800;3200;32300;19500;23100;2500;400;300;11900;500;75500;477500;274700;38200;37000;0;0;0;0;2580;1285;14624;7127;20349;0;0;0;0;0;0;0;0;6933;14452;0;0;0;0;0;0;0;0;0;0;12;0;0;1283;0;0
186;0;823;1078800;3100;32600;21600;24600;2600;500;300;12600;500;78700;476400;395000;40600;37700;0;0;0;0;2580;1283;14780;7204;20472;0;0;0;0;0;0;0;0;7002;14644;0;0;0;0;0;0;0;0;0;0;12;0;0;1285;0;0
187;0;826;1077700;4600;34400;19000;23300;4200;400;400;11200;800;114500;504500;330500;65300;48700;0;0;0;0;2580;1285;14624;7150;20349;0;0;0;0;0;0;0;0;6934;14488;0;0;0;0;0;0;0;0;0;0;12;0;0;1283;0;0
188;0;830;1123800;4400;33000;19300;23300;5100;500;400;12200;800;104500;480300;410300;58800;45200;0;0;0;0;2580;1283;14752;7178;20453;0;0;0;0;0;0;0;0;6969;14452;0;0;0;0;0;0;0;0;0;0;12;0;0;1285;0;0
189;0;833;996800;3400;33100;19300;23400;3700;300;300;10800;500;93400;475500;303200;43400;49400;0;0;0;0;2580;1283;14724;7170;20434;0;0;0;0;0;0;0;0;6963;14552;0;0;0;0;0;0;0;0;0;0;12;0;0;1285;0;0
190;0;836;981900;3800;32400;21000;23100;15300;500;400;12100;500;79500;477100;285600;34400;44800;0;0;0;0;2580;1286;14588;7129;20316;0;0;0;0;0;0;0;0;6899;14452;0;0;0;0;0;0;0;0;0;0;12;0;0;1282;0;0
191;0;840;976900;3300;32600;19300;23700;2900;400;400;11100;500;81400;483500;288300;37600;43100;0;0;0;0;2580;1282;14760;7177;20467;0;0;0;0;0;0;0;0;6959;14552;0;0;0;0;0;0;0;0;0;0;12;0;0;1286;0;0
192;0;843;952100;3400;33000;19600;23100;2600;400;300;12100;400;82700;476600;269000;40300;41800;0;0;0;0;2580;1285;14652;7161;20368;0;0;0;0;0;0;0;0;6953;14516;0;0;0;0;0;0;0;0;0;0;12;0;0;1283;0;0
193;0;846;941800;3600;32500;19400;23300;2400;400;300;11600;400;79400;476900;262300;37500;41500;0;0;0;0;2580;1283;14752;7166;20453;0;0;0;0;0;0;0;0;6981;14488;0;0;0;0;0;0;0;0;0;0;12;0;0;1285;0;0
194;0;850;1106100;3200;32000;21000;22900;2400;400;300;10700;300;76400;500000;406500;35100;40600;0;0;0;0;2580;1284;14660;7154;20382;0;0;0;0;0;0;0;0;6974;14488;0;0;0;0;0;0;0;0;0;0;12;0;0;1284;0;0
195;0;853;1061500;6100;34400;20000;23400;4800;400;300;12500;700;120100;488500;320400;64200;54600;0;0;0;0;2580;1282;14816;7230;20505;0;0;0;0;0;0;0;0;7053;14580;0;0;0;0;0;0;0;0;0;0;12;0;0;1286;0;0
196;0;856;1011100;4400;33100;19400;23300;3700;400;300;12300;600;110300;488800;267800;62100;47900;0;0;0;0;2580;1283;14752;7186;20453;0;0;0;0;0;0;0;0;7013;14488;0;0;0;0;0;0;0;0;0;0;12;0;0;1285;0;0
197;0;860;991500;3500;32600;19500;23000;3100;400;300;11600;600;88800;485400;294100;44100;44100;0;0;0;0;2580;1285;14652;7161;20368;0;0;0;0;0;0;0;0;6976;14516;0;0;0;0;0;0;0;0;0;0;12;0;0;1283;0;0
198;0;863;979300;3100;32800;19400;23200;2700;400;300;10600;400;86400;500400;271400;43200;42800;0;0;0;0;2580;1282;14788;7233;20486;0;0;0;0;0;0;0;0;7035;14552;0;0;0;0;0;0;0;0;0;0;12;0;0;1286;0;0
199;0;866;999400;3000;32900;19300;23100;2800;44700;500;12500;600;78700;481400;256300;38800;39400;0;0;0;0;2580;1285;14652;7161;20368;0;0;0;0;0;0;0;0;6956;14452;0;0;0;0;0;0;0;0;0;0;12;0;0;1283;0;0
200;0;870;969200;3100;32700;19400;23100;2700;400;300;11100;400;81000;482800;283500;40100;40400;0;0;0;0;2580;1286;14588;7120;20316;0;0;0;0;0;0;0;0;6909;14452;0;0;0;0;0;0;0;0;0;0;12;0;0;1282;0;0
201;0;873;956000;3600;32700;19300;23100;2500;400;300;11100;500;79700;483700;269900;39200;40000;0;0;0;0;2580;1283;14696;7121;20415;0;0;0;0;0;0;0;0;6907;14488;0;0;0;0;0;0;0;0;0;0;12;0;0;1285;0;0
202;0;876;947400;3300;32300;19400;23000;2700;400;300;11000;400;73300;489800;263100;34000;38700;0;0;0;0;2580;1284;14716;7167;20420;0;0;0;0;0;0;0;0;6956;14516;0;0;0;0;0;0;0;0;0;0;12;0;0;1284;0;0
203;0;880;988900;3300;32900;19400;23200;2700;400;300;10600;700;83100;480300;304500;39800;42600;0;0;0;0;2580;1284;14688;7185;20401;0;0;0;0;0;0;0;0;6982;14552;0;0;0;0;0;0;0;0;0;0;12;0;0;1284;0;0
204;0;883;1112000;4300;32500;19000;23500;3200;300;300;11900;700;95400;491600;393800;47900;47100;0;0;0;0;2580;1284;14716;7166;20420;0;0;0;0;0;0;0;0;6946;14516;0;0;0;0;0;0;0;0;0;0;12;0;0;1284;0;0
205;0;886;1015400;7400;34300;19500;23000;4100;400;300;12000;1300;94400;480900;308100;49900;44300;0;0;0;0;2580;1282;14788;7178;20486;0;0;0;0;0;0;0;0;6966;14616;0;0;0;0;0;0;0;0;0;0;12;0;0;1286;0;0
206;0;890;1014100;3600;33400;19300;23000;3700;300;300;11300;700;94800;490000;304400;48500;45700;0;0;0;0;2580;1284;14688;7174;20401;0;0;0;0;0;0;0;0;6966;14516;0;0;0;0;0;0;0;0;0;0;12;0;0;1284;0;0
207;0;893;960200;4400;32700;19700;23000;2800;400;300;11100;500;89900;478100;254100;45700;43800;0;0;0;0;2580;1286;14588;7116;20316;0;0;0;0;0;0;0;0;6906;14452;0;0;0;0;0;0;0;0;0;0;12;0;0;1282;0;0
208;0;896;956200;3100;33200;19400;23400;3800;400;300;10600;400;82100;485200;265600;40200;41400;0;0;0;0;2580;1282;14816;7165;20505;0;0;0;0;0;0;0;0;6955;14552;0;0;0;0;0;0;0;0;0;0;12;0;0;1286;0;0
209;0;900;1091000;3200;32500;19300;22800;2700;400;300;11500;500;80100;477600;411700;39100;40600;0;0;0;0;2580;1287;14524;7140;20264;0;0;0;0;0;0;0;0;6921;14452;0;0;0;0;0;0;0;0;0;0;12;0;0;1281;0;0
210;0;903;1024200;4500;34500;19300;23300;3700;400;300;11400;1000;104300;509100;282900;60000;43800;0;0;0;0;2580;1284;14688;7166;20401;0;0;0;0;0;0;0;0;6955;14552;0;0;0;0;0;0;0;0;0;0;12;0;0;1284;0;0
211;0;906;988000;3700;32800;19500;23000;3200;300;400;12000;500;93300;494900;259200;48700;43700;0;0;0;0;2580;1283;14752;7185;20453;0;0;0;0;0;0;0;0;6961;14516;0;0;0;0;0;0;0;0;0;0;12;0;0;1285;0;0
212;0;910;968100;3500;32700;19500;23200;3100;400;300;10800;500;84000;479200;282200;41500;41900;0;0;0;0;2580;1285;14624;7146;20349;0;0;0;0;0;0;0;0;6922;14488;0;0;0;0;0;0;0;0;0;0;12;0;0;1283;0;0
213;0;913;983200;3100;32600;20100;22900;2900;300;300;10700;400;80600;524400;255800;39800;40500;0;0;0;0;2580;1286;14588;7108;20316;0;0;0;0;0;0;0;0;6856;14452;0;0;0;0;0;0;0;0;0;0;12;0;0;1282;0;0
214;0;916;945600;3400;32600;19200;22900;2800;400;400;11800;500;73100;485300;263100;33600;39200;0;0;0;0;2580;1284;14688;7165;20401;0;0;0;0;0;0;0;0;6920;14516;0;0;0;0;0;0;0;0;0;0;12;0;0;1284;0;0
215;0;920;965600;3000;32400;20000;22900;2900;400;300;11700;500;77700;483900;281200;37400;39400;0;0;0;0;2580;1283;14752;7209;20453;0;0;0;0;0;0;0;0;6962;14616;0;0;0;0;0;0;0;0;0;0;12;0;0;1285;0;0
216;0;923;935800;3100;32300;20000;22800;3100;400;300;10800;500;79500;473100;259400;40000;38900;0;0;0;0;2580;1286;14560;7112;20297;0;0;0;0;0;0;0;0;6876;14452;0;0;0;0;0;0;0;0;0;0;12;0;0;1282;0;0
217;0;926;946000;3300;32200;19400;22900;2800;300;300;11000;500;76400;482200;266100;38500;37400;0;0;0;0;2580;1282;14816;7232;20505;0;0;0;0;0;0;0;0;7024;14616;0;0;0;0;0;0;0;0;0;0;12;0;0;1286;0;0
218;0;930;978400;3100;32000;21400;24800;2600;400;300;12600;600;78600;492900;280800;37500;40600;0;0;0;0;2580;1284;14716;7119;20420;0;0;0;0;0;0;0;0;6921;14452;0;0;0;0;0;0;0;0;0;0;12;0;0;1284;0;0
219;0;933;945300;3200;32300;19700;22800;2500;300;300;11000;400;76800;475000;270800;38100;38300;0;0;0;0;2580;1283;14696;7145;20415;0;0;0;0;0;0;0;0;6933;14488;0;0;0;0;0;0;0;0;0;0;12;0;0;1285;0;0
220;0;936;998500;3000;32000;18800;23100;2900;400;300;11000;1800;94700;476400;303800;49400;44800;0;0;0;0;2580;1284;14688;7117;20401;0;0;0;0;0;0;0;0;6902;14452;0;0;0;0;0;0;0;0;0;0;12;0;0;1284;0;0
221;0;940;1085900;3500;32200;19100;23100;4100;400;300;11100;1000;104900;500000;358200;55300;49100;0;0;0;0;2580;1285;14652;7158;20368;0;0;0;0;0;0;0;0;6931;14516;0;0;0;0;0;0;0;0;0;0;12;0;0;1283;0;0
222;0;943;991700;6800;34300;21100;24000;4400;400;300;11600;1200;88800;478200;291500;45600;42800;0;0;0;0;2580;1284;14688;7181;20401;0;0;0;0;0;0;0;0;6942;14552;0;0;0;0;0;0;0;0;0;0;12;0;0;1284;0;0
223;0;946;959300;4100;32500;19200;23000;3100;400;300;11100;500;80500;470800;282600;39100;41000;0;0;0;0;2580;1286;14588;7122;20316;0;0;0;0;0;0;0;0;6888;14452;0;0;0;0;0;0;0;0;0;0;12;0;0;1282;0;0
224;0;950;964300;3100;32600;19200;23800;3200;300;300;11400;500;73700;491300;276400;34000;39200;0;0;0;0;2580;1282;14788;7235;20486;0;0;0;0;0;0;0;0;7021;14552;0;0;0;0;0;0;0;0;0;0;12;0;0;1286;0;0
225;0;953;943500;3300;45000;19100;23300;2500;300;300;12000;500;75300;480900;251200;36900;38000;0;0;0;0;2580;1285;14624;7148;20349;0;0;0;0;0;0;0;0;6930;14452;0;0;0;0;0;0;0;0;0;0;12;0;0;1283;0;0
226;0;956;1073000;3200;40300;20700;24000;3100;400;400;13500;500;94500;503100;337700;44800;49300;0;0;0;0;2580;1283;14724;7181;20434;0;0;0;0;0;0;0;0;6969;14552;0;0;0;0;0;0;0;0;0;0;12;0;0;1285;0;0
227;0;960;1102200;4400;33200;19300;22800;4500;400;300;11400;1100;140500;483500;335700;84500;54300;0;0;0;0;2580;1283;14780;7183;20472;0;0;0;0;0;0;0;0;6969;14580;0;0;0;0;0;0;0;0;0;0;12;0;0;1285;0;0
228;0;963;1026200;5200;32800;18900;23000;3900;400;300;11400;600;112100;479600;306900;57400;53900;0;0;0;0;2580;1285;14652;7151;20368;0;0;0;0;0;0;0;0;6942;14452;0;0;0;0;0;0;0;0;0;0;12;0;0;1283;0;0
229;0;966;1077200;4500;33100;19000;23100;4200;400;300;12100;700;121700;482800;345400;63300;57400;0;0;0;0;2580;1283;14724;7167;20434;0;0;0;0;0;0;0;0;6944;14552;0;0;0;0;0;0;0;0;0;0;12;0;0;1285;0;0
230;0;970;1032300;5300;33100;18900;23500;3600;300;300;12000;600;107200;483800;297200;55100;51500;0;0;0;0;2580;1284;14716;7150;20420;0;0;0;0;0;0;0;0;6893;14516;0;0;0;0;0;0;0;0;0;0;12;0;0;1284;0;0
231;0;973;974300;3600;32500;19500;23000;3100;400;200;11900;500;91800;477500;280500;46300;44800;0;0;0;0;2580;1284;14660;7122;20382;0;0;0;0;0;0;0;0;6867;14488;0;0;0;0;0;0;0;0;0;0;12;0;0;1284;0;0
232;0;976;950200;3100;32600;19500;22800;2700;400;200;10700;500;83200;477600;266400;39600;42700;0;0;0;0;2580;1284;14688;7164;20401;0;0;0;0;0;0;0;0;6928;14452;0;0;0;0;0;0;0;0;0;0;12;0;0;1284;0;0
233;0;980;978200;3300;32500;19300;22900;2700;400;300;10700;700;82300;481800;292000;39800;41900;0;0;0;0;2580;1283;14752;7195;20453;0;0;0;0;0;0;0;0;6971;14616;0;0;0;0;0;0;0;0;0;0;12;0;0;1285;0;0
234;0;983;941800;3800;32900;19400;22900;2600;300;300;10700;500;79800;482100;257500;39100;40000;0;0;0;0;2580;1284;14716;7196;20420;0;0;0;0;0;0;0;0;6957;14580;0;0;0;0;0;0;0;0;0;0;12;0;0;1284;0;0
235;0;986;946000;3300;31900;19900;22800;2600;400;300;11700;500;77700;480300;264800;38100;39200;0;0;0;0;2580;1284;14716;7203;20420;0;0;0;0;0;0;0;0;6948;14580;0;0;0;0;0;0;0;0;0;0;12;0;0;1284;0;0
236;0;990;973900;3200;32000;19200;22900;2800;300;300;10800;400;75700;478300;298600;36700;38600;0;0;0;0;2580;1282;14816;7215;20505;0;0;0;0;0;0;0;0;6958;14616;0;0;0;0;0;0;0;0;0;0;12;0;0;1286;0;0
237;0;993;1009300;3500;32900;18900;22900;4000;400;300;10700;600;95200;485800;304700;47500;47000;0;0;0;0;2580;1282;14788;7198;20486;0;0;0;0;0;0;0;0;6943;14516;0;0;0;0;0;0;0;0;0;0;12;0;0;1286;0;0
238;0;996;1157600;4900;32900;18900;23000;3900;400;300;12100;900;118800;484000;426400;61500;56200;0;0;0;0;2580;1284;14660;7184;20382;0;0;0;0;0;0;0;0;6941;14552;0;0;0;0;0;0;0;0;0;0;12;0;0;1284;0;0
239;0;1000;1045800;3500;33100;19100;25800;3700;400;400;10700;500;113100;478400;326900;69400;43500;0;0;0;0;2580;1283;14780;7213;20472;0;0;0;0;0;0;0;0;6961;14516;0;0;0;0;0;0;0;0;0;0;12;0;0;1285;0;0
240;0;1003;1317000;3900;32400;19400;22900;2800;300;700;10700;600;82700;478600;631100;41000;41400;0;0;0;0;2580;1283;14752;7212;20453;0;0;0;0;0;0;0;0;6962;14552;0;0;0;0;0;0;0;0;0;0;12;0;0;1285;0;0
241;0;1006;1222800;7900;55800;33200;37800;5700;900;400;13500;700;176500;525300;333200;111600;64200;0;0;0;0;2580;1284;14716;7181;20420;0;0;0;0;0;0;0;0;6922;14580;0;0;0;0;0;0;0;0;0;0;12;0;0;1284;0;0
242;0;1010;1064300;4400;32900;19100;23000;3900;400;300;11300;600;118200;494800;325400;59400;58100;0;0;0;0;2580;1284;14688;7160;20401;0;0;0;0;0;0;0;0;6913;14516;0;0;0;0;0;0;0;0;0;0;12;0;0;1284;0;0
243;0;1013;1008600;4300;32600;19500;23500;3400;400;200;11000;500;100100;488700;295200;46200;53200;0;0;0;0;2580;1282;14788;7212;20486;0;0;0;0;0;0;0;0;6972;14616;0;0;0;0;0;0;0;0;0;0;12;0;0;1286;0;0
244;0;1016;982000;3500;32500;19400;23100;3400;400;300;11500;700;87600;492900;261100;43900;43300;0;0;0;0;2580;1283;14752;7172;20453;0;0;0;0;0;0;0;0;6921;14516;0;0;0;0;0;0;0;0;0;0;12;0;0;1285;0;0
245;0;1020;983200;4000;32100;19600;23100;3000;400;300;11100;700;84700;484000;290300;36700;47700;0;0;0;0;2580;1285;14624;7170;20349;0;0;0;0;0;0;0;0;6926;14552;0;0;0;0;0;0;0;0;0;0;12;0;0;1283;0;0
246;0;1023;957700;3500;32400;19300;22900;3300;400;300;11500;500;81800;486700;265200;40100;41100;0;0;0;0;2580;1283;14780;7244;20472;0;0;0;0;0;0;0;0;6983;14708;0;0;0;0;0;0;0;0;0;0;12;0;0;1285;0;0
247;0;1026;943700;3400;33600;19400;23000;2400;300;200;10800;400;75000;486100;259500;34400;39900;0;0;0;0;2580;1283;14724;7173;20434;0;0;0;0;0;0;0;0;6922;14516;0;0;0;0;0;0;0;0;0;0;12;0;0;1285;0;0
248;0;1030;960500;3700;32000;19600;23000;2600;400;300;10600;700;76200;487300;274600;36000;39700;0;0;0;0;2580;1284;14716;7148;20420;0;0;0;0;0;0;0;0;6887;14516;0;0;0;0;0;0;0;0;0;0;12;0;0;1284;0;0
249;0;1033;950800;3200;32200;19400;23200;2600;400;300;10700;600;78700;486700;263700;38300;39600;0;0;0;0;2580;1283;14752;7195;20453;0;0;0;0;0;0;0;0;6956;14580;0;0;0;0;0;0;0;0;0;0;12;0;0;1285;0;0
250;0;1036;928200;3200;31900;19500;23100;2700;400;300;10800;400;77300;476000;252900;37500;39400;0;0;0;0;2580;1284;14688;7165;20401;0;0;0;0;0;0;0;0;6960;14552;0;0;0;0;0;0;0;0;0;0;12;0;0;1284;0;0
251;0;1040;956000;2900;32200;19400;23300;2500;400;300;10800;500;76300;476800;280100;36600;39300;0;0;0;0;2580;1284;14716;7147;20420;0;0;0;0;0;0;0;0;6956;14516;0;0;0;0;0;0;0;0;0;0;12;0;0;1284;0;0
252;0;1043;978300;3100;32700;19500;23400;2900;400;300;10800;400;77000;499800;263700;38500;38200;0;0;0;0;2580;1284;14688;7196;20401;0;0;0;0;0;0;0;0;7003;14616;0;0;0;0;0;0;0;0;0;0;12;0;0;1284;0;0
253;0;1046;987300;3500;33800;19000;23300;3500;300;300;11100;700;90800;483100;288600;47100;43500;0;0;0;0;2580;1285;14652;7196;20368;0;0;0;0;0;0;0;0;7004;14580;0;0;0;0;0;0;0;0;0;0;12;0;0;1283;0;0
254;0;1050;1028800;4100;33100;18900;23600;4000;400;300;11200;800;108600;458100;335600;54800;52900;0;0;0;0;2580;1284;14688;7152;20401;0;0;0;0;0;0;0;0;6964;14516;0;0;0;0;0;0;0;0;0;0;12;0;0;1284;0;0
255;0;1053;995200;3600;32800;18900;22900;2900;400;300;11300;600;87300;513900;272500;43900;42900;0;0;0;0;2580;1282;14816;7219;20505;0;0;0;0;0;0;0;0;7024;14580;0;0;0;0;0;0;0;0;0;0;12;0;0;1286;0;0
256;0;1056;1717600;3600;33600;19400;23000;3100;400;200;28500;700;83100;1001300;488900;40900;41700;0;0;0;0;2580;1285;14652;7157;20368;0;0;0;0;0;0;0;0;6951;14516;0;0;0;0;0;0;0;0;0;0;12;0;0;1283;0;0
257;0;1060;1340400;20500;36800;19200;25200;6900;400;300;12800;1600;177900;560000;444000;76400;100400;0;0;0;0;2580;1283;14752;7213;20453;0;0;0;0;0;0;0;0;7010;14552;0;0;0;0;0;0;0;0;0;0;12;0;0;1285;0;0
258;0;1063;1101900;6300;34900;19300;23700;5200;400;400;11700;1000;137100;531500;301500;71800;64700;0;0;0;0;2580;1283;14780;7234;20472;0;0;0;0;0;0;0;0;7006;14580;0;0;0;0;0;0;0;0;0;0;12;0;0;1285;0;0
259;0;1066;1008500;4100;33800;19300;23400;3500;300;300;12500;700;111100;488400;266400;56600;53900;0;0;0;0;2580;1284;14688;7179;20401;0;0;0;0;0;0;0;0;6942;14552;0;0;0;0;0;0;0;0;0;0;12;0;0;1284;0;0
260;0;1070;1009800;3500;32500;19600;31100;3100;400;400;12100;600;94300;491100;292600;46900;47000;0;0;0;0;2580;1284;14688;7187;20401;0;0;0;0;0;0;0;0;6953;14516;0;0;0;0;0;0;0;0;0;0;12;0;0;1284;0;0
261;0;1073;956900;3300;32900;19400;23200;2900;300;300;11000;500;88400;477100;268400;44000;43600;0;0;0;0;2580;1285;14624;7159;20349;0;0;0;0;0;0;0;0;6937;14516;0;0;0;0;0;0;0;0;0;0;12;0;0;1283;0;0
262;0;1076;957800;2900;32900;19200;23100;2700;300;300;11900;400;86400;482600;267600;46400;39800;0;0;0;0;2580;1284;14716;7177;20420;0;0;0;0;0;0;0;0;6949;14516;0;0;0;0;0;0;0;0;0;0;12;0;0;1284;0;0
263;0;1080;977800;3500;32500;19400;22900;2800;400;300;10900;500;82400;482400;290000;43000;38900;0;0;0;0;2580;1285;14652;7163;20368;0;0;0;0;0;0;0;0;6936;14516;0;0;0;0;0;0;0;0;0;0;12;0;0;1283;0;0
264;0;1083;945700;3900;33400;19300;23100;2400;400;300;11900;400;78300;484200;260400;38900;39000;0;0;0;0;2580;1284;14688;7168;20401;0;0;0;0;0;0;0;0;6945;14552;0;0;0;0;0;0;0;0;0;0;12;0;0;1284;0;0
265;0;1086;938100;3100;32000;19500;23000;2700;400;400;10700;300;75500;479500;261500;37400;37700;0;0;0;0;2580;1283;14780;7223;20472;0;0;0;0;0;0;0;0;6995;14644;0;0;0;0;0;0;0;0;0;0;12;0;0;1285;0;0
266;0;1090;974500;3900;32200;19300;22900;2900;400;300;12100;500;79300;493300;278300;40400;38500;0;0;0;0;2580;1284;14688;7217;20401;0;0;0;0;0;0;0;0;6995;14552;0;0;0;0;0;0;0;0;0;0;12;0;0;1284;0;0
267;0;1093;934800;3000;33000;19400;23100;2600;300;300;11000;500;78200;478900;257200;39100;38800;0;0;0;0;2580;1285;14624;7157;20349;0;0;0;0;0;0;0;0;6936;14516;0;0;0;0;0;0;0;0;0;0;12;0;0;1283;0;0
268;0;1096;960800;3000;32100;19500;23000;2900;400;300;11000;400;75500;484700;278800;37000;38100;0;0;0;0;2580;1285;14652;7169;20368;0;0;0;0;0;0;0;0;6933;14580;0;0;0;0;0;0;0;0;0;0;12;0;0;1283;0;0
269;0;1100;1002200;3400;33100;19600;23200;2400;400;300;10600;800;83700;478400;316000;42400;40600;0;0;0;0;2580;1285;14652;7174;20368;0;0;0;0;0;0;0;0;6937;14516;0;0;0;0;0;0;0;0;0;0;12;0;0;1283;0;0
270;0;1103;1057800;5100;34000;19100;22900;3700;300;300;11500;800;97600;480900;352500;53500;43300;0;0;0;0;2580;1284;14716;7202;20420;0;0;0;0;0;0;0;0;6962;14516;0;0;0;0;0;0;0;0;0;0;12;0;0;1284;0;0
271;0;1106;1172200;3600;33900;19100;23200;4500;400;400;11100;400;164600;493800;384600;53400;110500;0;0;0;0;2580;1283;14752;7199;20453;0;0;0;0;0;0;0;0;6975;14616;0;0;0;0;0;0;0;0;0;0;12;0;0;1285;0;0
272;0;1110;1173300;7900;34300;19100;24300;7300;400;300;12000;1600;166500;502400;346300;85500;80500;0;0;0;0;2580;1284;14716;7173;20420;0;0;0;0;0;0;0;0;6951;14516;0;0;0;0;0;0;0;0;0;0;12;0;0;1284;0;0
273;0;1113;1025700;4500;32800;19100;23400;4600;400;300;12200;700;121900;505500;269000;69400;52000;0;0;0;0;2580;1284;14660;7153;20382;0;0;0;0;0;0;0;0;6919;14552;0;0;0;0;0;0;0;0;0;0;12;0;0;1284;0;0
274;0;1116;1064100;9900;32800;19200;23400;3600;400;300;11500;500;92900;485300;353900;46100;46400;0;0;0;0;2580;1285;14652;7195;20368;0;0;0;0;0;0;0;0;6968;14580;0;0;0;0;0;0;0;0;0;0;12;0;0;1283;0;0
275;0;1120;1030000;3900;33500;20800;23000;3600;400;200;11100;400;86500;533800;284600;41700;44200;0;0;0;0;2580;1285;14652;7164;20368;0;0;0;0;0;0;0;0;6929;14516;0;0;0;0;0;0;0;0;0;0;12;0;0;1283;0;0
276;0;1123;974800;4200;32700;16300;23000;3100;400;300;12800;400;88200;491300;258400;43500;44200;0;0;0;0;2580;1286;14588;7147;20316;0;0;0;0;0;0;0;0;6913;14516;0;0;0;0;0;0;0;0;0;0;12;0;0;1282;0;0
277;0;1126;948800;3300;33200;19600;22800;3100;400;300;10900;1100;76400;484200;264600;34300;41600;0;0;0;0;2580;1282;14844;7230;20524;0;0;0;0;0;0;0;0;7003;14644;0;0;0;0;0;0;0;0;0;0;12;0;0;1286;0;0
278;0;1130;965900;3100;33000;19400;22900;2800;400;300;10900;400;73800;480800;287100;33900;39200;0;0;0;0;2580;1284;14688;7168;20401;0;0;0;0;0;0;0;0;6929;14552;0;0;0;0;0;0;0;0;0;0;12;0;0;1284;0;0
279;0;1133;976900;3200;32400;21500;24600;2800;400;300;11800;400;82200;511600;241000;39800;41400;0;0;0;0;2580;1284;14688;7155;20401;0;0;0;0;0;0;0;0;6921;14516;0;0;0;0;0;0;0;0;0;0;12;0;0;1284;0;0
280;0;1136;933000;3000;32700;19400;23000;3100;400;200;10600;300;75800;474200;261600;36500;38800;0;0;0;0;2580;1284;14688;7172;20401;0;0;0;0;0;0;0;0;6953;14552;0;0;0;0;0;0;0;0;0;0;12;0;0;1284;0;0
281;0;1140;951300;3300;32700;19500;23000;2600;300;300;11100;500;75800;479200;275100;37300;38100;0;0;0;0;2580;1285;14652;7186;20368;0;0;0;0;0;0;0;0;6983;14516;0;0;0;0;0;0;0;0;0;0;12;0;0;1283;0;0
282;0;1143;941500;2800;32300;19400;22800;2600;400;300;10700;500;77700;479200;263400;39000;38000;0;0;0;0;2580;1285;14652;7185;20368;0;0;0;0;0;0;0;0;6978;14516;0;0;0;0;0;0;0;0;0;0;12;0;0;1283;0;0
283;0;1146;939300;2900;32800;19400;23000;2400;300;300;10500;400;76200;486500;255200;37300;38600;0;0;0;0;2580;1286;14588;7139;20316;0;0;0;0;0;0;0;0;6922;14516;0;0;0;0;0;0;0;0;0;0;12;0;0;1282;0;0
284;0;1150;949900;2900;32300;19400;22900;2300;400;200;10700;400;74600;478400;276500;36200;38000;0;0;0;0;2580;1283;14780;7233;20472;0;0;0;0;0;0;0;0;7033;14580;0;0;0;0;0;0;0;0;0;0;12;0;0;1285;0;0
285;0;1153;985600;3200;33100;18900;28800;2700;500;300;11900;500;85300;485500;284500;42700;42200;0;0;0;0;2580;1283;14724;7184;20434;0;0;0;0;0;0;0;0;6958;14552;0;0;0;0;0;0;0;0;0;0;12;0;0;1285;0;0
286;0;1156;1172400;3300;32900;18900;23100;3300;300;300;11400;700;98300;487800;462600;49400;48400;0;0;0;0;2580;1284;14716;7168;20420;0;0;0;0;0;0;0;0;6933;14516;0;0;0;0;0;0;0;0;0;0;12;0;0;1284;0;0
287;0;1160;1508000;7300;38000;20900;26800;12600;500;300;14100;2300;334000;578100;437200;67200;266100;0;0;0;0;2580;1284;14688;7207;20401;0;0;0;0;0;0;0;0;6965;14616;0;0;0;0;0;0;0;0;0;0;12;0;0;1284;0;0
288;0;1163;1107700;7000;34200;19100;23800;6600;400;300;12600;1100;152400;512200;308300;92200;59500;0;0;0;0;2580;1286;14588;7172;20316;0;0;0;0;0;0;0;0;6933;14516;0;0;0;0;0;0;0;0;0;0;12;0;0;1282;0;0
289;0;1166;1015700;4000;34200;19500;23100;4900;400;400;11700;800;115700;500200;271100;65200;49700;0;0;0;0;2580;1285;14652;7192;20368;0;0;0;0;0;0;0;0;6953;14580;0;0;0;0;0;0;0;0;0;0;12;0;0;1283;0;0
290;0;1170;1012300;3200;33800;19400;31300;3200;400;300;12400;500;91400;480100;306600;46600;44100;0;0;0;0;2580;1285;14652;7175;20368;0;0;0;0;0;0;0;0;6948;14580;0;0;0;0;0;0;0;0;0;0;12;0;0;1283;0;0
291;0;1173;955100;3500;32900;19600;23100;3200;300;200;11100;500;88200;481000;263700;44700;42600;0;0;0;0;2580;1286;14588;7168;20316;0;0;0;0;0;0;0;0;6935;14516;0;0;0;0;0;0;0;0;0;0;12;0;0;1282;0;0
292;0;1176;945700;3200;33500;19400;23600;2800;400;300;11900;500;88500;474300;259300;45600;42300;0;0;0;0;2580;1284;14688;7180;20401;0;0;0;0;0;0;0;0;6950;14552;0;0;0;0;0;0;0;0;0;0;12;0;0;1284;0;0
293;0;1180;958000;3200;32600;19300;23300;2700;400;300;10900;400;81700;476200;277800;39400;41700;0;0;0;0;2580;1285;14652;7209;20368;0;0;0;0;0;0;0;0;6994;14580;0;0;0;0;0;0;0;0;0;0;12;0;0;1283;0;0
294;0;1183;949200;3100;32600;19600;23000;2800;400;300;10700;400;79400;489700;259900;38500;40400;0;0;0;0;2580;1284;14688;7183;20401;0;0;0;0;0;0;0;0;6982;14552;0;0;0;0;0;0;0;0;0;0;12;0;0;1284;0;0
295;0;1186;931700;3100;32200;19800;23000;3100;400;300;11800;400;76900;471700;258900;37400;39100;0;0;0;0;2580;1286;14588;7143;20316;0;0;0;0;0;0;0;0;6944;14516;0;0;0;0;0;0;0;0;0;0;12;0;0;1282;0;0
296;0;1190;957800;3000;32300;19300;22900;2600;300;300;11700;400;75300;483700;275800;36100;38800;0;0;0;0;2580;1284;14716;7206;20420;0;0;0;0;0;0;0;0;6998;14580;0;0;0;0;0;0;0;0;0;0;12;0;0;1284;0;0
297;0;1193;968200;3100;32700;19400;23000;2700;400;300;11900;500;75800;501200;267900;36200;38800;0;0;0;0;2580;1286;14588;7146;20316;0;0;0;0;0;0;0;0;6903;14516;0;0;0;0;0;0;0;0;0;0;12;0;0;1282;0;0
298;0;1196;938000;2800;32500;19300;22600;2600;300;300;11800;500;72500;487600;255700;34400;37800;0;0;0;0;2580;1286;14588;7139;20316;0;0;0;0;0;0;0;0;6900;14516;0;0;0;0;0;0;0;0;0;0;12;0;0;1282;0;0
299;0;1200;945400;2900;31900;19500;23000;2700;400;200;10600;500;75600;479600;269200;37400;37700;0;0;0;0;2580;1284;14688;7191;20401;0;0;0;0;0;0;0;0;6958;14552;0;0;0;0;0;0;0;0;0;0;12;0;0;1284;0;0
