# scene=solar_system_v1compat_belt_lod_spheres.json;config=Release;cpu=12th Gen Intel(R) Core(TM) i7-1265U;affinity=4;ablation=none;clear=2;rasterstats=0;lodstats=0;asserts_lib=0;res=1536x900;views=4;sdl=direct3d;frames=300;warmup=60;overhead_ns=32;resolution_ns=100
frame;warmup;sim_millidays;frame_ns;Input_ns;Animation_ns;LocalXform1_ns;WorldXform1_ns;Cameras_ns;LocalXform2_ns;WorldXform2_ns;Trigger_ns;BuildViews_ns;Clear_ns;Render_ns;Present_ns;ClearColor_ns;ClearDepth_ns;Entities;XformNodes;TriggerPairs;TriggerHits;MeshesTested;MeshesCulled;FacesSubmitted;TrisRasterized;VertsTransformed;TrisCov0;TrisCov1;TrisCov2to4;TrisCov5plus;TrisTightEmpty;PixelsTested;PixelsTight;PixelsCovered;TrisEarlyRejected;FacesInside;InstPx0to1;InstPx1to4;InstPx4to16;InstPx16plus;FacesPx0to1;FacesPx1to4;FacesPx4to16;FacesPx16plus;VertsInside;TrisEmittedInside;LodLevel0;LodLevel1;LodLevel2;LodLevel3;ClearPageFaults;LockAddrChanged
0;1;203;22478700;2788500;186900;45700;59700;48400;500;900;32100;3400;3804700;1483700;8830700;3352900;444700;0;0;0;0;2580;1263;18552;8779;22892;0;0;0;0;0;0;0;0;7512;16060;0;0;0;0;0;0;0;0;0;0;14;0;0;1303;1350;1
1;1;206;5725800;1334100;44900;21900;26900;7200;400;400;13800;1000;426000;839500;2971400;202100;223100;0;0;0;0;2580;1275;17924;8525;22371;0;0;0;0;0;0;0;0;7292;15476;0;0;0;0;0;0;0;0;0;0;15;0;0;1290;0;0
2;1;210;6102400;250600;39600;21600;26800;9000;500;400;16100;1000;474100;872200;4350800;221100;252200;0;0;0;0;2580;1270;18188;8679;22593;0;0;0;0;0;0;0;0;7576;14880;0;0;0;0;0;0;0;0;0;0;15;0;0;1295;0;0
3;1;213;14129500;16000;43100;21900;31400;8500;400;400;14800;1200;655000;852200;12390400;267000;387300;0;0;0;0;2580;1270;17152;8185;21991;0;0;0;0;0;0;0;0;7444;14724;0;0;0;0;0;0;0;0;0;0;14;0;0;1296;0;0
4;1;216;2481300;13900;41800;21900;24400;7500;300;300;11500;900;540900;713100;1059200;349800;190500;0;0;0;0;2580;1270;18132;8682;22555;0;0;0;0;0;0;0;0;7950;14788;0;0;0;0;0;0;0;0;0;0;15;0;0;1295;0;0
5;1;220;2576400;8600;34700;19700;26500;5800;400;300;13700;800;516100;795300;1087800;275200;240200;0;0;0;0;2580;1273;17996;8624;22437;0;0;0;0;0;0;0;0;7436;15712;0;0;0;0;0;0;0;0;0;0;15;0;0;1292;0;0
6;1;223;2465700;10600;39000;18800;22400;7000;400;400;10500;1900;422400;763700;1098400;189800;231600;0;0;0;0;2580;1274;17092;8191;21916;0;0;0;0;0;0;0;0;7029;15704;0;0;0;0;0;0;0;0;0;0;14;0;0;1292;0;0
7;1;226;2600300;10600;39300;20000;28700;7200;300;300;10800;1400;424100;912900;1079900;213400;209400;0;0;0;0;2580;1273;17072;8151;21911;0;0;0;0;0;0;0;0;6956;15648;0;0;0;0;0;0;0;0;0;0;14;0;0;1293;0;0
8;1;230;2638200;11700;46200;18900;26400;7900;400;400;10900;1800;466600;786400;1189400;225000;240800;0;0;0;0;2580;1278;15940;7638;21201;0;0;0;0;0;0;0;0;6901;14616;0;0;0;0;0;0;0;0;0;0;13;0;0;1289;0;0
9;1;233;2887800;10400;38300;19200;25400;8000;400;400;12100;1100;480000;779800;1460300;238400;240300;0;0;0;0;2580;1273;16176;7791;21404;0;0;0;0;0;0;0;0;7046;14852;0;0;0;0;0;0;0;0;0;0;13;0;0;1294;0;0
10;1;236;8852800;77700;162200;42200;72700;46300;400;700;22000;4300;975100;1190600;6125600;501400;473200;0;0;0;0;2580;1275;16944;8111;21807;0;0;0;0;0;0;0;0;6925;15556;0;0;0;0;0;0;0;0;0;0;14;0;0;1291;0;0
11;1;240;9237800;42400;51700;31100;64600;36300;500;1100;17900;5300;824600;1076200;7018600;428600;395100;0;0;0;0;2580;1273;17128;8193;21949;0;0;0;0;0;0;0;0;7034;15740;0;0;0;0;0;0;0;0;0;0;14;0;0;1293;0;0
12;1;243;3570600;22700;55500;23300;29900;10800;400;300;14100;1400;543900;932600;1877000;255900;287400;0;0;0;0;2580;1275;17028;8159;21864;0;0;0;0;0;0;0;0;6974;15640;0;0;0;0;0;0;0;0;0;0;14;0;0;1291;0;0
13;1;246;2622800;33700;61500;23100;30800;12900;400;400;15200;3900;643900;762700;986000;351100;291700;0;0;0;0;2580;1275;16076;7730;21319;0;0;0;0;0;0;0;0;7003;14752;0;0;0;0;0;0;0;0;0;0;13;0;0;1292;0;0
14;1;250;3059200;10300;38000;20000;23300;7800;300;400;11900;1200;573500;860400;1417000;234500;337700;0;0;0;0;2580;1273;16148;7726;21385;0;0;0;0;0;0;0;0;7003;14788;0;0;0;0;0;0;0;0;0;0;13;0;0;1294;0;0
15;1;253;2982200;16500;45500;19800;24900;8600;300;300;12800;1500;524800;808300;1476900;278100;245700;0;0;0;0;2580;1276;16936;8135;21793;0;0;0;0;0;0;0;0;7415;14688;0;0;0;0;0;0;0;0;0;0;14;0;0;1290;0;0
16;1;256;2808500;17300;43900;19400;26100;10900;400;500;13100;1700;551300;896100;1186100;267500;282600;0;0;0;0;2580;1273;17100;8211;21930;0;0;0;0;0;0;0;0;7077;15748;0;0;0;0;0;0;0;0;0;0;14;0;0;1293;0;0
17;1;260;5468800;21600;44400;19900;24100;10500;400;400;13300;1900;904300;1216200;3114600;446700;456700;0;0;0;0;2580;1273;17100;8172;21930;0;0;0;0;0;0;0;0;7062;15676;0;0;0;0;0;0;0;0;0;0;14;0;0;1293;0;0
18;1;263;11483200;18100;124300;28100;58500;29300;400;900;36900;5700;979400;1665300;8345000;537200;441400;0;0;0;0;2580;1273;17044;8109;21892;0;0;0;0;0;0;0;0;7427;14660;0;0;0;0;0;0;0;0;0;0;14;0;0;1293;0;0
19;1;266;4552500;34100;97300;33400;50100;20500;500;400;18200;2300;691800;921200;2621300;346000;345200;0;0;0;0;2580;1276;16068;7706;21305;0;0;0;0;0;0;0;0;7063;14744;0;0;0;0;0;0;0;0;0;0;13;0;0;1291;0;0
20;1;270;3112800;16300;39500;18900;28100;10600;400;400;11600;2100;463500;925300;1543300;233100;230000;0;0;0;0;2580;1276;16040;7689;21286;0;0;0;0;0;0;0;0;7040;14652;0;0;0;0;0;0;0;0;0;0;13;0;0;1291;0;0
21;1;273;3619400;14300;40700;19800;26100;9200;400;400;14000;2800;540200;925700;1977900;283300;255800;0;0;0;0;2580;1273;17016;8103;21873;0;0;0;0;0;0;0;0;7037;14660;0;0;0;0;0;0;0;0;0;0;14;0;0;1293;0;0
22;1;276;2657200;12500;40900;19600;24700;6100;400;400;12400;1400;659600;859700;981500;404200;255000;0;0;0;0;2580;1271;17200;8282;22015;0;0;0;0;0;0;0;0;7250;15776;0;0;0;0;0;0;0;0;0;0;14;0;0;1295;0;0
23;1;280;5984400;9600;36000;19200;24100;5700;400;900;11600;700;558400;961600;4307200;279900;277400;0;0;0;0;2580;1276;16936;8132;21793;0;0;0;0;0;0;0;0;7096;14588;0;0;0;0;0;0;0;0;0;0;14;0;0;1290;0;0
24;1;283;7813100;27600;47600;26300;30300;13400;400;1100;16200;1900;593300;1115200;5810100;300900;292100;0;0;0;0;2580;1276;16040;7669;21286;0;0;0;0;0;0;0;0;7092;14652;0;0;0;0;0;0;0;0;0;0;13;0;0;1291;0;0
25;1;286;4153900;14800;39200;21700;26600;6300;500;400;14000;1200;796700;958300;2189800;260000;536100;0;0;0;0;2580;1275;16076;7712;21319;0;0;0;0;0;0;0;0;7135;14752;0;0;0;0;0;0;0;0;0;0;13;0;0;1292;0;0
26;1;290;3067900;22000;65200;22800;28000;11800;600;500;15300;2900;705900;785700;1349200;381900;323800;0;0;0;0;2580;1278;15940;7648;21201;0;0;0;0;0;0;0;0;7085;14616;0;0;0;0;0;0;0;0;0;0;13;0;0;1289;0;0
27;1;293;2659200;18900;49300;20500;27100;10700;300;300;13700;1400;509200;836000;1129300;268600;240200;0;0;0;0;2580;1274;17008;8170;21859;0;0;0;0;0;0;0;0;7184;15720;0;0;0;0;0;0;0;0;0;0;14;0;0;1292;0;0
28;1;296;2616600;11700;41800;20700;25600;10300;400;500;12600;1000;575700;863000;1009800;288300;286400;0;0;0;0;2580;1271;17172;8228;21996;0;0;0;0;0;0;0;0;7255;15776;0;0;0;0;0;0;0;0;0;0;14;0;0;1295;0;0
29;1;300;2306500;13500;41100;19600;25800;8100;400;300;13100;1300;472800;827000;847600;238200;234000;0;0;0;0;2580;1279;15904;7619;21168;0;0;0;0;0;0;0;0;7109;14516;0;0;0;0;0;0;0;0;0;0;13;0;0;1288;0;0
30;1;303;2222500;14200;38200;19900;26400;7500;400;300;13000;1000;454600;722900;884400;233800;220200;0;0;0;0;2580;1279;15848;7611;21130;0;0;0;0;0;0;0;0;7101;14560;0;0;0;0;0;0;0;0;0;0;13;0;0;1288;0;0
31;1;306;2696500;12200;46200;19800;26400;12900;400;400;11600;1200;589800;792900;1142800;301200;287100;0;0;0;0;2580;1274;16168;7753;21390;0;0;0;0;0;0;0;0;7289;14816;0;0;0;0;0;0;0;0;0;0;13;0;0;1293;0;0
32;1;310;5389500;11000;37300;19400;25000;13700;400;400;12700;2800;595900;851000;3776700;289500;304800;0;0;0;0;2580;1277;16900;8076;21760;0;0;0;0;0;0;0;0;7182;14552;0;0;0;0;0;0;0;0;0;0;14;0;0;1289;0;0
33;1;313;7374900;48100;92700;30700;45400;324400;800;1300;33900;6400;1127900;1036000;4465000;593000;534400;0;0;0;0;2580;1275;16972;8138;21826;0;0;0;0;0;0;0;0;7293;15684;0;0;0;0;0;0;0;0;0;0;14;0;0;1291;0;0
34;1;316;6031800;11500;40000;21300;26800;8900;500;300;13900;1100;500400;631200;4626700;248700;250800;0;0;0;0;2580;1276;16068;7699;21305;0;0;0;0;0;0;0;0;7334;14780;0;0;0;0;0;0;0;0;0;0;13;0;0;1291;0;0
35;1;320;2836700;51700;47400;23700;27600;9700;400;300;13700;1500;536700;763800;1318800;266500;269700;0;0;0;0;2580;1275;16076;7713;21319;0;0;0;0;0;0;0;0;7392;14688;0;0;0;0;0;0;0;0;0;0;13;0;0;1292;0;0
36;1;323;2883400;22500;74100;21900;35900;9700;400;400;14700;1100;1011500;643700;1008000;376000;635000;0;0;0;0;2580;1273;16176;7721;21404;0;0;0;0;0;0;0;0;7403;14688;0;0;0;0;0;0;0;0;0;0;13;0;0;1294;0;0
37;1;326;2423100;13500;40500;31600;26700;7900;400;300;14000;1300;531300;687300;1030700;251400;278300;0;0;0;0;2580;1277;16004;7666;21253;0;0;0;0;0;0;0;0;7348;14552;0;0;0;0;0;0;0;0;0;0;13;0;0;1290;0;0
38;1;330;2586200;16300;46600;21200;28100;15000;500;400;12300;1000;564600;756800;1079900;288200;275100;0;0;0;0;2580;1275;16972;8073;21826;0;0;0;0;0;0;0;0;7334;15612;0;0;0;0;0;0;0;0;0;0;14;0;0;1291;0;0
39;1;333;2824100;15100;53100;26200;28800;11400;400;600;13400;1600;549400;899700;1181400;289200;258600;0;0;0;0;2580;1272;17108;8166;21944;0;0;0;0;0;0;0;0;7434;14788;0;0;0;0;0;0;0;0;0;0;14;0;0;1294;0;0
40;1;336;5059800;14900;46600;20800;27000;8600;400;400;12700;900;626600;720400;3531600;321100;304900;0;0;0;0;2580;1278;15940;7610;21201;0;0;0;0;0;0;0;0;7313;14588;0;0;0;0;0;0;0;0;0;0;13;0;0;1289;0;0
41;1;340;6893200;51800;243200;43000;72400;44800;600;1300;25300;3500;899800;719100;4660500;445100;454200;0;0;0;0;2580;1275;16076;7695;21319;0;0;0;0;0;0;0;0;7398;14788;0;0;0;0;0;0;0;0;0;0;13;0;0;1292;0;0
42;1;343;6035700;40800;36900;21400;27300;8200;400;300;13300;700;498100;573800;4778500;250200;246900;0;0;0;0;2580;1277;15976;7664;21234;0;0;0;0;0;0;0;0;7360;14652;0;0;0;0;0;0;0;0;0;0;13;0;0;1290;0;0
43;1;346;2645200;17900;44100;23100;28000;10100;400;400;14200;1900;492900;938500;1030100;246000;246700;0;0;0;0;2580;1278;16864;8070;21727;0;0;0;0;0;0;0;0;7320;14580;0;0;0;0;0;0;0;0;0;0;14;0;0;1288;0;0
44;1;350;3037100;14100;43700;68400;28100;8600;400;400;12900;900;682100;1071000;1066400;346100;334600;0;0;0;0;2580;1273;17072;8169;21911;0;0;0;0;0;0;0;0;7415;15712;0;0;0;0;0;0;0;0;0;0;14;0;0;1293;0;0
45;1;353;2201200;13900;46100;19200;25600;9400;500;400;14300;1100;469100;696000;865000;245600;222800;0;0;0;0;2580;1277;15976;7658;21234;0;0;0;0;0;0;0;0;7342;14688;0;0;0;0;0;0;0;0;0;0;13;0;0;1290;0;0
46;1;356;2143000;27200;42500;20000;27300;11100;400;400;12700;1400;438200;656500;864700;212500;224800;0;0;0;0;2580;1276;16040;7643;21286;0;0;0;0;0;0;0;0;7318;14652;0;0;0;0;0;0;0;0;0;0;13;0;0;1291;0;0
47;1;360;2183300;10400;39700;21200;25100;9100;400;300;13600;900;517300;628400;875700;258600;257600;0;0;0;0;2580;1278;15940;7623;21201;0;0;0;0;0;0;0;0;7311;14652;0;0;0;0;0;0;0;0;0;0;13;0;0;1289;0;0
48;1;363;2294100;10100;39500;20500;26500;9000;500;300;12400;800;500100;651900;985700;251300;247100;0;0;0;0;2580;1275;16076;7687;21319;0;0;0;0;0;0;0;0;7380;14752;0;0;0;0;0;0;0;0;0;0;13;0;0;1292;0;0
49;1;366;2679800;7900;37700;21300;24400;8400;400;300;12100;700;578400;779600;1161600;276000;301600;0;0;0;0;2580;1277;16872;8031;21741;0;0;0;0;0;0;0;0;7299;15584;0;0;0;0;0;0;0;0;0;0;14;0;0;1289;0;0
50;1;370;4322400;16500;38500;19100;24300;8400;400;300;12900;1600;546400;561100;3002900;286000;259500;0;0;0;0;2580;1279;15008;7251;20661;0;0;0;0;0;0;0;0;6949;14680;0;0;0;0;0;0;0;0;0;0;12;0;0;1289;0;0
51;1;373;2618400;19600;46900;22600;28800;10700;500;400;15600;1500;622500;675600;1136400;321000;301000;0;0;0;0;2580;1274;15216;7315;20845;0;0;0;0;0;0;0;0;7009;14760;0;0;0;0;0;0;0;0;0;0;12;0;0;1294;0;0
52;1;376;2445500;15700;43100;22000;28600;11500;400;400;14600;1500;494700;653500;1119000;273700;220300;0;0;0;0;2580;1276;15088;7264;20741;0;0;0;0;0;0;0;0;6962;14552;0;0;0;0;0;0;0;0;0;0;12;0;0;1292;0;0
53;1;380;2963200;14100;42800;21200;26400;15400;400;400;14100;800;546100;630700;1602800;271100;274400;0;0;0;0;2580;1276;15116;7269;20760;0;0;0;0;0;0;0;0;6966;14652;0;0;0;0;0;0;0;0;0;0;12;0;0;1292;0;0
54;1;383;3003300;16400;49600;20600;27400;10100;400;500;13100;1200;655700;1038600;1121900;306300;349000;0;0;0;0;2580;1276;16012;7652;21267;0;0;0;0;0;0;0;0;6905;14488;0;0;0;0;0;0;0;0;0;0;13;0;0;1291;0;0
55;1;386;3189200;15100;39100;20400;27100;11200;400;600;14800;1300;585700;892900;1469500;295600;289400;0;0;0;0;2580;1275;16076;7726;21319;0;0;0;0;0;0;0;0;7158;14716;0;0;0;0;0;0;0;0;0;0;13;0;0;1292;0;0
56;1;390;4078400;19900;49900;24600;29500;17400;400;400;15300;1900;633800;631800;2519500;326100;307000;0;0;0;0;2580;1278;15044;7264;20694;0;0;0;0;0;0;0;0;6978;14652;0;0;0;0;0;0;0;0;0;0;12;0;0;1290;0;0
57;1;393;2534500;21100;52500;24800;32100;14800;600;400;14600;1700;583200;709900;1029100;306400;275800;0;0;0;0;2580;1276;15144;7291;20779;0;0;0;0;0;0;0;0;6989;14780;0;0;0;0;0;0;0;0;0;0;12;0;0;1292;0;0
58;1;396;2545300;12400;41100;21200;26000;11300;400;500;12900;900;634200;650800;1096300;329900;303400;0;0;0;0;2580;1277;14996;7246;20670;0;0;0;0;0;0;0;0;6944;14560;0;0;0;0;0;0;0;0;0;0;12;0;0;1291;0;0
59;1;400;2496500;13600;44200;21500;27200;8500;400;300;13500;900;572200;640500;1114100;281500;289700;0;0;0;0;2580;1277;15108;7247;20746;0;0;0;0;0;0;0;0;6958;14680;0;0;0;0;0;0;0;0;0;0;12;0;0;1291;0;0
60;0;403;3825700;12200;40200;19200;27400;9500;500;300;12400;1100;651700;899000;2113000;334400;316500;0;0;0;0;2580;1278;15912;7650;21182;0;0;0;0;0;0;0;0;6930;15512;0;0;0;0;0;0;0;0;0;0;13;0;0;1289;0;0
61;0;406;3986300;16800;62500;25200;33500;10600;500;600;17800;1600;633200;932200;2199200;317700;314500;0;0;0;0;2580;1278;14988;7191;20656;0;0;0;0;0;0;0;0;6897;14552;0;0;0;0;0;0;0;0;0;0;12;0;0;1290;0;0
62;0;410;2962300;58900;89300;25900;34100;18100;400;500;15600;2800;551500;574500;1540200;260200;290200;0;0;0;0;2580;1276;15144;7305;20779;0;0;0;0;0;0;0;0;7008;14780;0;0;0;0;0;0;0;0;0;0;12;0;0;1292;0;0
63;0;413;2577600;19000;47800;21300;27800;12200;400;300;13700;1300;653400;657800;1065000;348500;303800;0;0;0;0;2580;1278;15016;7229;20675;0;0;0;0;0;0;0;0;6934;14616;0;0;0;0;0;0;0;0;0;0;12;0;0;1290;0;0
64;0;416;5800100;9600;35400;19200;24700;8600;400;500;12400;800;521900;644600;4456300;256600;264200;0;0;0;0;2580;1277;15052;7291;20708;0;0;0;0;0;0;0;0;6980;14716;0;0;0;0;0;0;0;0;0;0;12;0;0;1291;0;0
65;0;420;4670000;15300;69000;28900;26300;6300;500;400;13800;1000;503900;2234400;1650100;256700;246200;0;0;0;0;2580;1280;15812;7621;21097;0;0;0;0;0;0;0;0;6893;14588;0;0;0;0;0;0;0;0;0;0;13;0;0;1287;0;0
66;0;423;2406300;13700;41500;21500;26800;8300;400;500;12900;1500;541600;664400;1032000;264000;276800;0;0;0;0;2580;1277;15080;7292;20727;0;0;0;0;0;0;0;0;7000;14780;0;0;0;0;0;0;0;0;0;0;12;0;0;1291;0;0
67;0;426;2520900;26300;43900;20000;27700;9800;500;300;13600;1800;591000;632200;1111700;295700;294200;0;0;0;0;2580;1279;14952;7219;20623;0;0;0;0;0;0;0;0;6925;14560;0;0;0;0;0;0;0;0;0;0;12;0;0;1289;0;0
68;0;430;2488300;13700;46700;21700;29100;10900;300;300;14200;1600;537200;597200;1176900;284800;252100;0;0;0;0;2580;1280;14972;7188;20628;0;0;0;0;0;0;0;0;6894;14580;0;0;0;0;0;0;0;0;0;0;12;0;0;1288;0;0
69;0;433;2735100;13600;42800;21200;30900;11600;400;400;12500;1600;553800;721800;1280900;250600;302700;0;0;0;0;2580;1276;15088;7269;20741;0;0;0;0;0;0;0;0;6985;14688;0;0;0;0;0;0;0;0;0;0;12;0;0;1292;0;0
70;0;436;2923900;14100;42300;22600;27700;9600;400;400;13300;1600;693600;790200;1259400;366900;325900;0;0;0;0;2580;1278;14960;7240;20637;0;0;0;0;0;0;0;0;6952;14560;0;0;0;0;0;0;0;0;0;0;12;0;0;1290;0;0
71;0;440;5041100;16400;42400;21000;27100;11400;400;400;14100;1500;584000;723600;3454000;294400;288700;0;0;0;0;2580;1277;16004;7701;21253;0;0;0;0;0;0;0;0;7337;14708;0;0;0;0;0;0;0;0;0;0;13;0;0;1290;0;0
72;0;443;3767800;40500;77000;27000;70700;15300;500;400;16300;2700;523800;567000;2378000;258800;264000;0;0;0;0;2580;1278;14960;7240;20637;0;0;0;0;0;0;0;0;6951;14660;0;0;0;0;0;0;0;0;0;0;12;0;0;1290;0;0
73;0;446;2269100;12000;39300;20100;26600;16100;300;300;13600;2600;495500;621900;957900;246600;248100;0;0;0;0;2580;1278;15072;7285;20713;0;0;0;0;0;0;0;0;7001;14744;0;0;0;0;0;0;0;0;0;0;12;0;0;1290;0;0
74;0;450;2804900;14200;48900;22100;27900;11500;400;300;12800;1300;553800;633200;1427500;297500;254500;0;0;0;0;2580;1281;14852;7194;20538;0;0;0;0;0;0;0;0;6906;14552;0;0;0;0;0;0;0;0;0;0;12;0;0;1287;0;0
75;0;453;2466300;20300;61100;24200;33300;15900;400;300;13900;1300;632300;638500;982500;322400;308600;0;0;0;0;2580;1277;15052;7270;20708;0;0;0;0;0;0;0;0;6987;14652;0;0;0;0;0;0;0;0;0;0;12;0;0;1291;0;0
76;0;456;5362300;11600;39200;21300;27700;10500;400;300;13900;1400;593200;1419500;3089300;275000;317000;0;0;0;0;2580;1276;16040;7639;21286;0;0;0;0;0;0;0;0;6957;14680;0;0;0;0;0;0;0;0;0;0;13;0;0;1291;0;0
77;0;460;3144200;31800;80900;34200;39700;21400;400;900;19700;2800;740800;602800;1512300;362000;377900;0;0;0;0;2580;1280;14888;7203;20571;0;0;0;0;0;0;0;0;6909;14624;0;0;0;0;0;0;0;0;0;0;12;0;0;1288;0;0
78;0;463;2222100;20200;45000;22200;25400;10600;400;400;12900;1900;500600;643900;895300;258700;240500;0;0;0;0;2580;1280;14972;7206;20628;0;0;0;0;0;0;0;0;6915;14580;0;0;0;0;0;0;0;0;0;0;12;0;0;1288;0;0
79;0;466;2438900;10200;40000;21100;25600;8600;400;400;12900;1000;490600;598700;1189800;257500;232000;0;0;0;0;2580;1276;15088;7275;20741;0;0;0;0;0;0;0;0;6961;14724;0;0;0;0;0;0;0;0;0;0;12;0;0;1292;0;0
80;0;470;2615200;20100;53400;26300;32400;10900;400;500;13500;900;602200;718900;1080600;320800;279800;0;0;0;0;2580;1281;14852;7212;20538;0;0;0;0;0;0;0;0;6919;14552;0;0;0;0;0;0;0;0;0;0;12;0;0;1287;0;0
81;0;473;3747100;11300;41400;21100;25800;7700;500;300;12300;800;558500;539300;2493600;277800;280500;0;0;0;0;2580;1281;14852;7176;20538;0;0;0;0;0;0;0;0;6882;14552;0;0;0;0;0;0;0;0;0;0;12;0;0;1287;0;0
82;0;476;3644600;11900;52600;21000;31300;12600;500;400;15000;2400;551700;590600;2299500;270200;280400;0;0;0;0;2580;1276;15116;7296;20760;0;0;0;0;0;0;0;0;7006;14716;0;0;0;0;0;0;0;0;0;0;12;0;0;1292;0;0
83;0;480;2276300;13300;44600;21600;28100;8100;500;1100;13400;1900;447100;554800;1052100;243700;202900;0;0;0;0;2580;1281;14880;7192;20557;0;0;0;0;0;0;0;0;6893;14616;0;0;0;0;0;0;0;0;0;0;12;0;0;1287;0;0
84;0;483;2119400;10700;39600;19300;25800;7900;300;700;12300;800;476600;626200;860900;246600;229200;0;0;0;0;2580;1281;14852;7190;20538;0;0;0;0;0;0;0;0;6897;14588;0;0;0;0;0;0;0;0;0;0;12;0;0;1287;0;0
85;0;486;2361100;11700;45400;23000;27600;10100;400;300;14000;1300;570900;642000;967200;285300;284900;0;0;0;0;2580;1278;15016;7220;20675;0;0;0;0;0;0;0;0;6934;14588;0;0;0;0;0;0;0;0;0;0;12;0;0;1290;0;0
86;0;490;2217600;10400;37900;19800;26800;10700;400;300;13400;900;507700;579000;945400;252900;254200;0;0;0;0;2580;1278;14988;7236;20656;0;0;0;0;0;0;0;0;6944;14688;0;0;0;0;0;0;0;0;0;0;12;0;0;1290;0;0
87;0;493;3594800;9800;35400;21200;24800;8200;300;300;13900;900;579200;539700;2322900;279900;298700;0;0;0;0;2580;1279;14952;7262;20623;0;0;0;0;0;0;0;0;6960;14552;0;0;0;0;0;0;0;0;0;0;12;0;0;1289;0;0
88;0;496;3146900;6700;35000;19000;24800;7600;400;500;11700;1100;580500;587800;1814000;341300;238700;0;0;0;0;2580;1276;15116;7336;20760;0;0;0;0;0;0;0;0;7042;14816;0;0;0;0;0;0;0;0;0;0;12;0;0;1292;0;0
89;0;500;2503400;25300;52700;23000;33900;20400;1000;500;14200;1200;530300;576400;1175700;265200;264900;0;0;0;0;2580;1282;14816;7175;20505;0;0;0;0;0;0;0;0;6882;14552;0;0;0;0;0;0;0;0;0;0;12;0;0;1286;0;0
90;0;503;2145100;17800;42300;19500;25400;9800;400;400;13800;1200;493400;578100;881900;256300;235800;0;0;0;0;2580;1280;14944;7208;20609;0;0;0;0;0;0;0;0;6917;14616;0;0;0;0;0;0;0;0;0;0;12;0;0;1288;0;0
91;0;506;2405000;10700;39200;21300;26600;6500;400;400;13800;900;488700;678200;1063400;247500;239500;0;0;0;0;2580;1278;14988;7233;20656;0;0;0;0;0;0;0;0;6937;14624;0;0;0;0;0;0;0;0;0;0;12;0;0;1290;0;0
92;0;510;2429100;18100;39000;20000;26200;11100;400;300;14700;900;587900;582600;1079000;296100;290800;0;0;0;0;2580;1282;14788;7150;20486;0;0;0;0;0;0;0;0;6845;14452;0;0;0;0;0;0;0;0;0;0;12;0;0;1286;0;0
93;0;513;2734400;12200;52100;21800;26500;8400;400;300;13200;800;621300;630200;1268800;308200;312200;0;0;0;0;2580;1277;15080;7319;20727;0;0;0;0;0;0;0;0;7027;14780;0;0;0;0;0;0;0;0;0;0;12;0;0;1291;0;0
94;0;516;3588200;10200;41400;19300;25100;9500;400;300;11900;700;597600;602400;2191900;325300;270900;0;0;0;0;2580;1280;14888;7247;20571;0;0;0;0;0;0;0;0;6941;14652;0;0;0;0;0;0;0;0;0;0;12;0;0;1288;0;0
95;0;520;2162400;10900;41000;22000;27900;9800;400;300;13500;1200;497900;635500;862300;257000;239600;0;0;0;0;2580;1278;15044;7304;20694;0;0;0;0;0;0;0;0;7007;14716;0;0;0;0;0;0;0;0;0;0;12;0;0;1290;0;0
96;0;523;2114700;10900;38100;19100;23800;7200;400;300;12200;900;514900;568700;879100;279400;235000;0;0;0;0;2580;1281;14880;7229;20557;0;0;0;0;0;0;0;0;6933;14552;0;0;0;0;0;0;0;0;0;0;12;0;0;1287;0;0
97;0;526;3223500;8400;36700;20900;23900;6900;400;200;12800;1400;539600;569700;1963300;272000;266700;0;0;0;0;2580;1278;14988;7259;20656;0;0;0;0;0;0;0;0;6959;14624;0;0;0;0;0;0;0;0;0;0;12;0;0;1290;0;0
98;0;530;2168500;40100;50200;41100;24700;8700;400;400;13000;1000;365900;551500;1025900;179900;185000;0;0;0;0;2580;1277;15080;7236;20727;0;0;0;0;0;0;0;0;6949;14616;0;0;0;0;0;0;0;0;0;0;12;0;0;1291;0;0
99;0;533;2698600;19300;43200;20600;25000;9000;400;400;13700;1500;531600;636000;1334100;273300;257500;0;0;0;0;2580;1283;14752;7152;20453;0;0;0;0;0;0;0;0;6866;14452;0;0;0;0;0;0;0;0;0;0;12;0;0;1285;0;0
100;0;536;3217100;18100;45700;21700;25300;8600;400;400;11900;1100;543500;609600;1842300;272700;270200;0;0;0;0;2580;1276;15060;7271;20722;0;0;0;0;0;0;0;0;6971;14724;0;0;0;0;0;0;0;0;0;0;12;0;0;1292;0;0
101;0;540;2517200;9600;45800;19200;28600;6700;400;300;12000;1000;548700;570400;1179200;278500;269000;0;0;0;0;2580;1281;14880;7190;20557;0;0;0;0;0;0;0;0;6892;14580;0;0;0;0;0;0;0;0;0;0;12;0;0;1287;0;0
102;0;543;2228600;14700;44900;21700;28400;13100;400;400;12500;2200;536100;578200;909700;262600;272300;0;0;0;0;2580;1281;14852;7248;20538;0;0;0;0;0;0;0;0;6964;14552;0;0;0;0;0;0;0;0;0;0;12;0;0;1287;0;0
103;0;546;2210300;11100;38500;19400;25600;7200;400;300;13300;1000;486700;601300;966900;246100;240000;0;0;0;0;2580;1280;14860;7233;20552;0;0;0;0;0;0;0;0;6949;14624;0;0;0;0;0;0;0;0;0;0;12;0;0;1288;0;0
104;0;550;2165200;11000;36900;21300;25400;9600;400;300;12900;1800;496400;655100;855500;258500;236100;0;0;0;0;2580;1281;14880;7205;20557;0;0;0;0;0;0;0;0;6922;14580;0;0;0;0;0;0;0;0;0;0;12;0;0;1287;0;0
105;0;553;2406500;13500;47700;21400;25800;7500;400;300;12700;1200;546700;609400;1049400;267100;278300;0;0;0;0;2580;1278;14988;7307;20656;0;0;0;0;0;0;0;0;7021;14716;0;0;0;0;0;0;0;0;0;0;12;0;0;1290;0;0
106;0;556;2693800;7400;35100;20700;24600;7200;400;300;12400;700;511700;544500;1491500;250000;260600;0;0;0;0;2580;1281;14824;7195;20519;0;0;0;0;0;0;0;0;6914;14552;0;0;0;0;0;0;0;0;0;0;12;0;0;1287;0;0
107;0;560;3589900;13800;42300;21300;25800;8300;400;200;12100;1500;565600;636200;2210600;280100;283500;0;0;0;0;2580;1281;14880;7220;20557;0;0;0;0;0;0;0;0;6938;14616;0;0;0;0;0;0;0;0;0;0;12;0;0;1287;0;0
108;0;563;2268600;14300;41900;21500;27200;9100;1100;300;13000;800;574400;666300;857900;307300;266300;0;0;0;0;2580;1282;14788;7200;20486;0;0;0;0;0;0;0;0;6917;14588;0;0;0;0;0;0;0;0;0;0;12;0;0;1286;0;0
109;0;566;2225500;9100;57400;21200;25200;8700;400;300;12500;1500;474900;577300;990700;234200;239900;0;0;0;0;2580;1283;14724;7155;20434;0;0;0;0;0;0;0;0;6857;14524;0;0;0;0;0;0;0;0;0;0;12;0;0;1285;0;0
110;0;570;2356200;9700;39600;21000;25800;10900;300;200;13500;1100;707200;602800;864300;367400;339400;0;0;0;0;2580;1277;15080;7345;20727;0;0;0;0;0;0;0;0;7058;14716;0;0;0;0;0;0;0;0;0;0;12;0;0;1291;0;0
111;0;573;2404500;11200;37200;19400;24100;6200;400;300;11300;800;512400;599800;1109400;255600;255700;0;0;0;0;2580;1283;14724;7157;20434;0;0;0;0;0;0;0;0;6858;14488;0;0;0;0;0;0;0;0;0;0;12;0;0;1285;0;0
112;0;576;2564200;7500;36800;20500;25300;7900;400;300;11800;600;554400;593600;1233000;263700;289900;0;0;0;0;2580;1280;14888;7248;20571;0;0;0;0;0;0;0;0;6947;14688;0;0;0;0;0;0;0;0;0;0;12;0;0;1288;0;0
113;0;580;2577000;8100;44100;19200;23700;10000;400;300;12900;1200;564100;571300;1230100;291100;271400;0;0;0;0;2580;1280;14916;7194;20590;0;0;0;0;0;0;0;0;6916;14616;0;0;0;0;0;0;0;0;0;0;12;0;0;1288;0;0
114;0;583;3059800;36900;86600;26500;30800;33800;400;1000;17800;2700;731700;583200;1465500;350100;379800;0;0;0;0;2580;1282;14816;7188;20505;0;0;0;0;0;0;0;0;6902;14488;0;0;0;0;0;0;0;0;0;0;12;0;0;1286;0;0
115;0;586;2416700;19100;47700;20100;25700;7600;300;500;15000;2700;643800;650500;942300;316800;325800;0;0;0;0;2580;1282;14816;7214;20505;0;0;0;0;0;0;0;0;6921;14580;0;0;0;0;0;0;0;0;0;0;12;0;0;1286;0;0
116;0;590;2595700;11400;47200;23700;36900;17500;400;300;17400;2500;747300;650300;967500;376500;369900;0;0;0;0;2580;1280;14860;7215;20552;0;0;0;0;0;0;0;0;6923;14552;0;0;0;0;0;0;0;0;0;0;12;0;0;1288;0;0
117;0;593;2288000;9600;36600;19800;24500;9100;500;300;12400;1100;583400;637000;915400;331700;250700;0;0;0;0;2580;1279;14980;7334;20642;0;0;0;0;0;0;0;0;7019;14744;0;0;0;0;0;0;0;0;0;0;12;0;0;1289;0;0
118;0;596;2512600;11800;41200;22900;26000;10100;400;300;13900;2400;588900;607800;1115800;306500;280600;0;0;0;0;2580;1282;14760;7164;20467;0;0;0;0;0;0;0;0;6851;14488;0;0;0;0;0;0;0;0;0;0;12;0;0;1286;0;0
119;0;600;2753000;13000;41300;20100;24700;8400;400;300;14100;1000;571800;563800;1405600;287800;282800;0;0;0;0;2580;1279;14952;7228;20623;0;0;0;0;0;0;0;0;6929;14652;0;0;0;0;0;0;0;0;0;0;12;0;0;1289;0;0
120;0;603;3637500;13300;43800;21100;26000;8800;400;300;14000;800;545000;694200;2232100;277600;266300;0;0;0;0;2580;1282;14816;7195;20505;0;0;0;0;0;0;0;0;6901;14516;0;0;0;0;0;0;0;0;0;0;12;0;0;1286;0;0
121;0;606;2440600;12300;39800;26300;26100;8200;400;300;13700;900;504700;565600;1196600;263100;240200;0;0;0;0;2580;1281;14824;7184;20519;0;0;0;0;0;0;0;0;6891;14524;0;0;0;0;0;0;0;0;0;0;12;0;0;1287;0;0
122;0;610;2221600;11700;44600;20400;30800;7600;400;400;13400;500;534300;548700;969800;266200;267200;0;0;0;0;2580;1281;14880;7210;20557;0;0;0;0;0;0;0;0;6905;14616;0;0;0;0;0;0;0;0;0;0;12;0;0;1287;0;0
123;0;613;2101600;9300;38400;20700;25900;6000;400;400;12600;1500;468000;544700;928700;231400;235600;0;0;0;0;2580;1280;14860;7176;20552;0;0;0;0;0;0;0;0;6850;14552;0;0;0;0;0;0;0;0;0;0;12;0;0;1288;0;0
124;0;616;2230400;7700;37200;19100;25300;6500;300;300;11500;700;485600;538800;1033700;244500;239600;0;0;0;0;2580;1279;14952;7233;20623;0;0;0;0;0;0;0;0;6921;14580;0;0;0;0;0;0;0;0;0;0;12;0;0;1289;0;0
125;0;620;2723500;6600;35200;44400;27700;6100;400;300;13800;1000;534200;595800;1391200;279000;253900;0;0;0;0;2580;1285;14652;7136;20368;0;0;0;0;0;0;0;0;6828;14452;0;0;0;0;0;0;0;0;0;0;12;0;0;1283;0;0
126;0;623;3113100;7400;35300;19100;25000;6500;400;300;12600;1900;490900;542600;1937200;254100;235500;0;0;0;0;2580;1279;14980;7289;20642;0;0;0;0;0;0;0;0;6972;14780;0;0;0;0;0;0;0;0;0;0;12;0;0;1289;0;0
127;0;626;2505500;31000;59500;27800;27700;10700;500;300;14000;2100;485700;567000;1212800;258800;225300;0;0;0;0;2580;1281;14852;7171;20538;0;0;0;0;0;0;0;0;6876;14516;0;0;0;0;0;0;0;0;0;0;12;0;0;1287;0;0
128;0;630;3630800;16500;42800;19300;25600;11700;400;500;13900;1100;543600;1936700;977700;273900;269000;0;0;0;0;2580;1283;14752;7211;20453;0;0;0;0;0;0;0;0;6910;14488;0;0;0;0;0;0;0;0;0;0;12;0;0;1285;0;0
129;0;633;2278000;12300;41500;25000;25400;9300;300;400;12300;1000;512400;615100;980200;261500;249800;0;0;0;0;2580;1281;14852;7214;20538;0;0;0;0;0;0;0;0;6890;14616;0;0;0;0;0;0;0;0;0;0;12;0;0;1287;0;0
130;0;636;2383200;8500;39200;19200;24700;6400;300;300;12200;500;515900;557000;1126200;263400;251600;0;0;0;0;2580;1283;14724;7159;20434;0;0;0;0;0;0;0;0;6864;14488;0;0;0;0;0;0;0;0;0;0;12;0;0;1285;0;0
131;0;640;2565600;7600;38500;21300;23900;7600;300;400;12400;700;549500;554300;1280400;266200;282400;0;0;0;0;2580;1283;14724;7180;20434;0;0;0;0;0;0;0;0;6866;14552;0;0;0;0;0;0;0;0;0;0;12;0;0;1285;0;0
132;0;643;2867400;13000;37700;20400;26600;8400;400;300;13900;1400;506100;586200;1603400;260500;244700;0;0;0;0;2580;1283;14752;7201;20453;0;0;0;0;0;0;0;0;6877;14580;0;0;0;0;0;0;0;0;0;0;12;0;0;1285;0;0
133;0;646;3136900;20300;56000;24900;39300;16500;400;500;20000;3100;732700;558700;1621500;352700;378900;0;0;0;0;2580;1281;14852;7243;20538;0;0;0;0;0;0;0;0;6937;14652;0;0;0;0;0;0;0;0;0;0;12;0;0;1287;0;0
134;0;650;2415900;21100;76100;24500;28500;12700;400;500;14200;2100;543800;704800;940800;282300;260800;0;0;0;0;2580;1283;14724;7132;20434;0;0;0;0;0;0;0;0;6799;14452;0;0;0;0;0;0;0;0;0;0;12;0;0;1285;0;0
135;0;653;2282700;9800;38600;21600;25400;6000;400;300;12900;700;497700;574800;1036600;252800;243700;0;0;0;0;2580;1280;14888;7283;20571;0;0;0;0;0;0;0;0;6962;14716;0;0;0;0;0;0;0;0;0;0;12;0;0;1288;0;0
136;0;656;2887100;10300;44000;20200;26200;7700;400;300;18900;700;639600;612800;1451500;333500;304700;0;0;0;0;2580;1280;14888;7258;20571;0;0;0;0;0;0;0;0;6945;14552;0;0;0;0;0;0;0;0;0;0;12;0;0;1288;0;0
137;0;660;2642500;13800;47300;23700;27400;9300;400;500;12800;1600;788000;639500;1039200;407300;380100;0;0;0;0;2580;1283;14780;7216;20472;0;0;0;0;0;0;0;0;6925;14516;0;0;0;0;0;0;0;0;0;0;12;0;0;1285;0;0
138;0;663;4644200;23000;50100;20800;27500;12200;400;500;13000;2100;612800;668400;3142500;282300;330100;0;0;0;0;2580;1283;14752;7200;20453;0;0;0;0;0;0;0;0;6902;14516;0;0;0;0;0;0;0;0;0;0;12;0;0;1285;0;0
139;0;666;3154800;13600;41200;128500;45600;9500;300;400;13700;2500;548500;888800;1407800;271300;276100;0;0;0;0;2580;1284;14688;7179;20401;0;0;0;0;0;0;0;0;6882;14552;0;0;0;0;0;0;0;0;0;0;12;0;0;1284;0;0
140;0;670;2213000;13500;46100;19300;26100;10000;300;300;13000;1900;458300;662700;917200;236800;220500;0;0;0;0;2580;1283;14752;7186;20453;0;0;0;0;0;0;0;0;6898;14488;0;0;0;0;0;0;0;0;0;0;12;0;0;1285;0;0
141;0;673;2362500;11000;40400;21500;25900;9900;400;300;12400;800;544000;617400;1000900;268600;274300;0;0;0;0;2580;1278;14960;7200;20637;0;0;0;0;0;0;0;0;6908;14552;0;0;0;0;0;0;0;0;0;0;12;0;0;1290;0;0
142;0;676;2423000;9700;40400;19700;26000;8000;500;300;12000;1000;502800;636600;1110800;255800;245400;0;0;0;0;2580;1280;14916;7252;20590;0;0;0;0;0;0;0;0;6951;14616;0;0;0;0;0;0;0;0;0;0;12;0;0;1288;0;0
143;0;680;2518500;15500;49100;23900;26200;9800;400;300;12900;2200;508900;582800;1220100;260000;248100;0;0;0;0;2580;1285;14652;7159;20368;0;0;0;0;0;0;0;0;6866;14516;0;0;0;0;0;0;0;0;0;0;12;0;0;1283;0;0
144;0;683;3550800;7700;36800;19200;24700;8100;400;300;12400;600;510600;553800;2267600;252700;257100;0;0;0;0;2580;1281;14852;7206;20538;0;0;0;0;0;0;0;0;6882;14588;0;0;0;0;0;0;0;0;0;0;12;0;0;1287;0;0
145;0;686;2536500;9500;38000;21700;26200;9600;400;300;14100;1000;488300;694400;1195100;253200;234400;0;0;0;0;2580;1284;14688;7184;20401;0;0;0;0;0;0;0;0;6886;14516;0;0;0;0;0;0;0;0;0;0;12;0;0;1284;0;0
146;0;690;2148700;10700;41300;20400;28600;7700;400;300;12100;900;469500;610500;909000;240800;227700;0;0;0;0;2580;1284;14688;7149;20401;0;0;0;0;0;0;0;0;6845;14516;0;0;0;0;0;0;0;0;0;0;12;0;0;1284;0;0
147;0;693;2215900;9700;36400;21400;25300;7400;400;300;12600;700;520000;577600;944600;262600;256200;0;0;0;0;2580;1281;14796;7196;20500;0;0;0;0;0;0;0;0;6897;14488;0;0;0;0;0;0;0;0;0;0;12;0;0;1287;0;0
148;0;696;2167700;8200;39400;19100;25800;7800;400;300;11600;1400;512400;586500;894300;264600;246300;0;0;0;0;2580;1281;14852;7245;20538;0;0;0;0;0;0;0;0;6948;14580;0;0;0;0;0;0;0;0;0;0;12;0;0;1287;0;0
149;0;700;2379700;9700;40100;21400;24500;8000;500;300;19500;800;538200;587200;1066400;267600;269000;0;0;0;0;2580;1281;14824;7225;20519;0;0;0;0;0;0;0;0;6925;14588;0;0;0;0;0;0;0;0;0;0;12;0;0;1287;0;0
150;0;703;2551000;7200;35800;19400;24600;8000;400;300;12400;600;526500;582000;1293200;259600;265900;0;0;0;0;2580;1285;14652;7168;20368;0;0;0;0;0;0;0;0;6871;14516;0;0;0;0;0;0;0;0;0;0;12;0;0;1283;0;0
151;0;706;4448300;23500;46000;46000;26700;10200;400;300;12100;1100;588800;628900;2981600;320900;265800;0;0;0;0;2580;1283;14752;7177;20453;0;0;0;0;0;0;0;0;6872;14516;0;0;0;0;0;0;0;0;0;0;12;0;0;1285;0;0
152;0;710;2604600;32200;73200;28500;35400;18500;400;500;17900;3100;658400;654600;1026300;349600;307900;0;0;0;0;2580;1282;14732;7156;20448;0;0;0;0;0;0;0;0;6855;14488;0;0;0;0;0;0;0;0;0;0;12;0;0;1286;0;0
153;0;713;2230800;13700;40400;20600;27500;8800;400;300;21300;800;529400;636100;890000;266000;262000;0;0;0;0;2580;1283;14752;7216;20453;0;0;0;0;0;0;0;0;6923;14516;0;0;0;0;0;0;0;0;0;0;12;0;0;1285;0;0
154;0;716;2162100;10000;38100;22100;25000;7400;300;300;12900;900;526900;585600;875100;270400;255900;0;0;0;0;2580;1281;14824;7212;20519;0;0;0;0;0;0;0;0;6923;14552;0;0;0;0;0;0;0;0;0;0;12;0;0;1287;0;0
155;0;720;2411000;14100;42900;19500;28600;10300;400;300;13300;1300;563200;596500;1033300;282800;279300;0;0;0;0;2580;1281;14852;7217;20538;0;0;0;0;0;0;0;0;6928;14616;0;0;0;0;0;0;0;0;0;0;12;0;0;1287;0;0
156;0;723;2742000;6400;35400;21000;24500;8000;300;300;11900;1500;595100;586000;1371200;282200;311200;0;0;0;0;2580;1284;14688;7165;20401;0;0;0;0;0;0;0;0;6887;14552;0;0;0;0;0;0;0;0;0;0;12;0;0;1284;0;0
157;0;726;3973000;10400;41100;20200;24100;7400;400;300;11800;800;547800;602200;2643300;266400;280900;0;0;0;0;2580;1282;14816;7216;20505;0;0;0;0;0;0;0;0;6924;14552;0;0;0;0;0;0;0;0;0;0;12;0;0;1286;0;0
158;0;730;2546400;23000;63100;25300;30000;14100;500;900;15400;1600;579100;668700;1084500;290600;287800;0;0;0;0;2580;1281;14824;7205;20519;0;0;0;0;0;0;0;0;6910;14516;0;0;0;0;0;0;0;0;0;0;12;0;0;1287;0;0
159;0;733;2257300;9600;42500;19700;24800;7800;300;300;12800;900;466600;612400;989800;235000;230700;0;0;0;0;2580;1283;14724;7170;20434;0;0;0;0;0;0;0;0;6861;14488;0;0;0;0;0;0;0;0;0;0;12;0;0;1285;0;0
160;0;736;2231700;8200;35600;20700;24400;6600;300;300;12800;800;461500;561600;1057900;237900;222600;0;0;0;0;2580;1283;14752;7161;20453;0;0;0;0;0;0;0;0;6857;14516;0;0;0;0;0;0;0;0;0;0;12;0;0;1285;0;0
161;0;740;2461400;7800;36000;19100;23800;7100;500;600;12800;900;493300;589100;1232800;231800;259800;0;0;0;0;2580;1283;14724;7180;20434;0;0;0;0;0;0;0;0;6882;14552;0;0;0;0;0;0;0;0;0;0;12;0;0;1285;0;0
162;0;743;2878100;9200;37800;71100;27600;8600;400;400;13700;1300;546800;594500;1494700;267300;278600;0;0;0;0;2580;1284;14688;7169;20401;0;0;0;0;0;0;0;0;6876;14552;0;0;0;0;0;0;0;0;0;0;12;0;0;1284;0;0
163;0;746;3450100;9500;36300;19100;25300;7000;300;300;13000;1100;518500;561800;2157800;263000;254800;0;0;0;0;2580;1284;14688;7146;20401;0;0;0;0;0;0;0;0;6849;14488;0;0;0;0;0;0;0;0;0;0;12;0;0;1284;0;0
164;0;750;2690600;38100;81700;31200;39000;16700;400;400;14900;2900;510100;550300;1363300;268600;241200;0;0;0;0;2580;1283;14752;7200;20453;0;0;0;0;0;0;0;0;6909;14580;0;0;0;0;0;0;0;0;0;0;12;0;0;1285;0;0
165;0;753;2422800;19700;52600;20000;47000;13400;400;1400;15300;1500;532600;652300;999700;270400;260900;0;0;0;0;2580;1281;14824;7188;20519;0;0;0;0;0;0;0;0;6896;14516;0;0;0;0;0;0;0;0;0;0;12;0;0;1287;0;0
166;0;756;2285300;8700;37600;21500;24500;6600;300;300;12500;700;487600;582000;1041000;236400;250300;0;0;0;0;2580;1283;14724;7173;20434;0;0;0;0;0;0;0;0;6879;14552;0;0;0;0;0;0;0;0;0;0;12;0;0;1285;0;0
167;0;760;2466100;7500;34800;19400;24200;5200;400;300;12800;700;471900;584200;1245100;231400;239700;0;0;0;0;2580;1282;14788;7217;20486;0;0;0;0;0;0;0;0;6912;14580;0;0;0;0;0;0;0;0;0;0;12;0;0;1286;0;0
168;0;763;2544600;7700;36400;21200;24400;5800;400;300;13100;1000;522700;592800;1260100;269200;252700;0;0;0;0;2580;1284;14688;7184;20401;0;0;0;0;0;0;0;0;6882;14488;0;0;0;0;0;0;0;0;0;0;12;0;0;1284;0;0
169;0;766;3220100;10200;40000;19400;26400;10500;400;300;14800;700;533600;607300;1879100;262300;270300;0;0;0;0;2580;1284;14688;7155;20401;0;0;0;0;0;0;0;0;6856;14452;0;0;0;0;0;0;0;0;0;0;12;0;0;1284;0;0
170;0;770;2901800;32600;67900;36900;39500;19000;400;300;20200;1400;640500;605000;1384100;358800;280700;0;0;0;0;2580;1282;14760;7219;20467;0;0;0;0;0;0;0;0;6931;14552;0;0;0;0;0;0;0;0;0;0;12;0;0;1286;0;0
171;0;773;2233500;16100;38600;19400;26400;8200;400;600;12400;1100;500500;658300;907800;260500;238300;0;0;0;0;2580;1285;14624;7118;20349;0;0;0;0;0;0;0;0;6815;14452;0;0;0;0;0;0;0;0;0;0;12;0;0;1283;0;0
172;0;776;2268400;9900;37000;20900;25900;7100;400;300;11900;800;513100;606500;976900;255000;257100;0;0;0;0;2580;1283;14752;7184;20453;0;0;0;0;0;0;0;0;6882;14580;0;0;0;0;0;0;0;0;0;0;12;0;0;1285;0;0
173;0;780;2249000;11300;39300;19200;24700;8000;400;300;12400;600;480900;717300;895900;252700;227600;0;0;0;0;2580;1282;14788;7208;20486;0;0;0;0;0;0;0;0;6912;14552;0;0;0;0;0;0;0;0;0;0;12;0;0;1286;0;0
174;0;783;2428100;7600;34600;20900;24800;8800;400;300;12700;700;543000;570700;1166000;268500;273200;0;0;0;0;2580;1284;14716;7176;20420;0;0;0;0;0;0;0;0;6891;14516;0;0;0;0;0;0;0;0;0;0;12;0;0;1284;0;0
175;0;786;2599300;8800;36600;19500;26800;7700;400;700;12800;900;537400;578200;1336400;272200;264100;0;0;0;0;2580;1283;14724;7192;20434;0;0;0;0;0;0;0;0;6901;14588;0;0;0;0;0;0;0;0;0;0;12;0;0;1285;0;0
176;0;790;4312600;9500;59400;21300;25800;9300;400;400;13800;1100;1440900;725900;1864100;1058300;381700;0;0;0;0;2580;1283;14752;7144;20453;0;0;0;0;0;0;0;0;6842;14516;0;0;0;0;0;0;0;0;0;0;12;0;0;1285;0;0
177;0;793;2437300;17200;47100;107300;33400;10700;500;400;14800;2800;615900;641300;894500;342500;272300;0;0;0;0;2580;1282;14788;7184;20486;0;0;0;0;0;0;0;0;6890;14552;0;0;0;0;0;0;0;0;0;0;12;0;0;1286;0;0
178;0;796;2102300;16100;39500;20400;24600;7800;400;300;13400;800;466600;577500;873600;249900;215900;0;0;0;0;2580;1286;14588;7144;20316;0;0;0;0;0;0;0;0;6836;14452;0;0;0;0;0;0;0;0;0;0;12;0;0;1282;0;0
179;0;800;2083900;10500;39500;20600;24900;10800;400;300;13300;1200;486000;567500;871500;242900;242600;0;0;0;0;2580;1282;14816;7186;20505;0;0;0;0;0;0;0;0;6882;14516;0;0;0;0;0;0;0;0;0;0;12;0;0;1286;0;0
180;0;803;2256300;10800;37900;19200;24900;11200;400;300;13400;1000;516400;570000;991800;241700;273800;0;0;0;0;2580;1282;14760;7230;20467;0;0;0;0;0;0;0;0;6936;14588;0;0;0;0;0;0;0;0;0;0;12;0;0;1286;0;0
181;0;806;2611400;8000;34700;20800;24700;5700;300;300;11600;800;485800;534600;1447900;248800;236000;0;0;0;0;2580;1283;14780;7221;20472;0;0;0;0;0;0;0;0;6915;14452;0;0;0;0;0;0;0;0;0;0;12;0;0;1285;0;0
182;0;810;4271300;11200;40500;19400;24700;7900;400;300;12200;1200;816200;715500;2552700;279100;536400;0;0;0;0;2580;1284;14660;7144;20382;0;0;0;0;0;0;0;0;6837;14488;0;0;0;0;0;0;0;0;0;0;12;0;0;1284;0;0
183;0;813;2235200;11000;41000;20200;27200;10500;400;500;15000;900;536900;620300;910800;277800;258400;0;0;0;0;2580;1282;14760;7154;20467;0;0;0;0;0;0;0;0;6847;14516;0;0;0;0;0;0;0;0;0;0;12;0;0;1286;0;0
184;0;816;2440500;9300;37700;21300;25200;7200;300;300;13500;900;628200;599500;1053000;295000;332200;0;0;0;0;2580;1283;14752;7193;20453;0;0;0;0;0;0;0;0;6898;14616;0;0;0;0;0;0;0;0;0;0;12;0;0;1285;0;0
185;0;820;2192200;10300;37300;19100;25500;8100;300;400;13000;1300;528800;635700;860800;266800;260300;0;0;0;0;2580;1285;14624;7127;20349;0;0;0;0;0;0;0;0;6822;14452;0;0;0;0;0;0;0;0;0;0;12;0;0;1283;0;0
186;0;823;2307700;7600;36500;21200;24800;7600;400;300;14000;700;489200;599100;1040700;247100;240600;0;0;0;0;2580;1283;14780;7204;20472;0;0;0;0;0;0;0;0;6896;14644;0;0;0;0;0;0;0;0;0;0;12;0;0;1285;0;0
187;0;826;3127300;8000;35600;19200;24200;6000;400;300;12000;2000;551000;612200;1812400;269700;280500;0;0;0;0;2580;1285;14624;7150;20349;0;0;0;0;0;0;0;0;6835;14488;0;0;0;0;0;0;0;0;0;0;12;0;0;1283;0;0
188;0;830;3066000;32600;64600;23900;36000;12600;300;400;13300;2100;677500;759700;1392800;357500;319200;0;0;0;0;2580;1283;14752;7178;20453;0;0;0;0;0;0;0;0;6870;14452;0;0;0;0;0;0;0;0;0;0;12;0;0;1285;0;0
189;0;833;2883600;37400;67300;22700;41900;19800;400;300;18100;2200;737300;575600;1314200;381600;355300;0;0;0;0;2580;1283;14724;7170;20434;0;0;0;0;0;0;0;0;6873;14552;0;0;0;0;0;0;0;0;0;0;12;0;0;1285;0;0
190;0;836;2175400;16400;43400;21500;26000;11400;400;400;12900;1400;504500;593700;901200;262000;242100;0;0;0;0;2580;1286;14588;7129;20316;0;0;0;0;0;0;0;0;6835;14452;0;0;0;0;0;0;0;0;0;0;12;0;0;1282;0;0
191;0;840;2156000;9700;37500;19400;25100;8300;400;300;12700;900;498100;572000;919400;260100;237000;0;0;0;0;2580;1282;14760;7177;20467;0;0;0;0;0;0;0;0;6868;14552;0;0;0;0;0;0;0;0;0;0;12;0;0;1286;0;0
192;0;843;2187600;8300;37700;21200;24900;7800;300;300;13300;900;482700;619600;912300;258700;223400;0;0;0;0;2580;1285;14652;7161;20368;0;0;0;0;0;0;0;0;6850;14516;0;0;0;0;0;0;0;0;0;0;12;0;0;1283;0;0
193;0;846;2470500;6400;35500;19500;24800;4900;300;300;11400;700;515300;540500;1261800;258100;256200;0;0;0;0;2580;1283;14752;7166;20453;0;0;0;0;0;0;0;0;6869;14488;0;0;0;0;0;0;0;0;0;0;12;0;0;1285;0;0
194;0;850;3345500;9300;38000;21500;24400;8000;400;400;12600;1400;680100;596900;1880300;270500;408500;0;0;0;0;2580;1284;14660;7154;20382;0;0;0;0;0;0;0;0;6843;14488;0;0;0;0;0;0;0;0;0;0;12;0;0;1284;0;0
195;0;853;3699200;15900;45800;21700;27000;12100;300;200;15200;2200;639300;593200;2246400;330800;307400;0;0;0;0;2580;1282;14816;7230;20505;0;0;0;0;0;0;0;0;6916;14580;0;0;0;0;0;0;0;0;0;0;12;0;0;1286;0;0
196;0;856;2290900;17200;43900;22000;28900;10400;500;400;13200;2300;606900;641600;861200;298700;307400;0;0;0;0;2580;1283;14752;7186;20453;0;0;0;0;0;0;0;0;6867;14488;0;0;0;0;0;0;0;0;0;0;12;0;0;1285;0;0
197;0;860;2184300;11100;39500;19400;25800;7500;400;300;13300;1300;556000;616000;856900;286900;268100;0;0;0;0;2580;1285;14652;7161;20368;0;0;0;0;0;0;0;0;6857;14516;0;0;0;0;0;0;0;0;0;0;12;0;0;1283;0;0
198;0;863;2072100;9700;38500;21400;26100;7600;400;400;13700;1100;466300;589100;838800;243600;221600;0;0;0;0;2580;1282;14788;7233;20486;0;0;0;0;0;0;0;0;6923;14552;0;0;0;0;0;0;0;0;0;0;12;0;0;1286;0;0
199;0;866;2379700;7900;37700;19600;25600;7600;400;300;12300;1100;547800;578600;1068900;264200;283100;0;0;0;0;2580;1285;14652;7161;20368;0;0;0;0;0;0;0;0;6846;14452;0;0;0;0;0;0;0;0;0;0;12;0;0;1283;0;0
200;0;870;3839200;15000;48100;23500;26400;12200;500;300;15400;1800;748700;649200;2255900;324300;423100;0;0;0;0;2580;1286;14588;7120;20316;0;0;0;0;0;0;0;0;6821;14452;0;0;0;0;0;0;0;0;0;0;12;0;0;1282;0;0
201;0;873;2410100;14400;46800;21500;27600;9100;400;300;13400;2300;574700;630700;1026500;292500;281700;0;0;0;0;2580;1283;14696;7121;20415;0;0;0;0;0;0;0;0;6831;14488;0;0;0;0;0;0;0;0;0;0;12;0;0;1285;0;0
202;0;876;2367300;10500;39900;19000;25300;7600;400;300;12300;800;609400;649700;926400;307600;301100;0;0;0;0;2580;1284;14716;7167;20420;0;0;0;0;0;0;0;0;6859;14516;0;0;0;0;0;0;0;0;0;0;12;0;0;1284;0;0
203;0;880;2166500;10100;37800;21300;24900;7800;400;300;11700;800;518700;570800;904100;258700;258700;0;0;0;0;2580;1284;14688;7185;20401;0;0;0;0;0;0;0;0;6874;14552;0;0;0;0;0;0;0;0;0;0;12;0;0;1284;0;0
204;0;883;2065400;8100;38000;19400;25100;7500;400;300;11400;600;485500;569500;841300;259600;225200;0;0;0;0;2580;1284;14716;7166;20420;0;0;0;0;0;0;0;0;6875;14516;0;0;0;0;0;0;0;0;0;0;12;0;0;1284;0;0
205;0;886;2167200;8400;37500;20800;24400;6300;400;300;11500;600;468100;579400;965100;240400;226400;0;0;0;0;2580;1282;14788;7178;20486;0;0;0;0;0;0;0;0;6874;14616;0;0;0;0;0;0;0;0;0;0;12;0;0;1286;0;0
206;0;890;3584700;10400;40300;19900;25000;9000;400;300;11600;1700;554200;604600;2249800;264700;288900;0;0;0;0;2580;1284;14688;7174;20401;0;0;0;0;0;0;0;0;6872;14516;0;0;0;0;0;0;0;0;0;0;12;0;0;1284;0;0
207;0;893;2235000;13300;36900;21800;26800;7200;400;400;14700;1200;497600;665300;910600;255400;240800;0;0;0;0;2580;1286;14588;7116;20316;0;0;0;0;0;0;0;0;6822;14452;0;0;0;0;0;0;0;0;0;0;12;0;0;1282;0;0
208;0;896;2205700;11500;43700;19100;26600;8900;400;300;12900;900;535400;601000;881700;276000;258700;0;0;0;0;2580;1282;14816;7165;20505;0;0;0;0;0;0;0;0;6860;14552;0;0;0;0;0;0;0;0;0;0;12;0;0;1286;0;0
209;0;900;2108700;9300;38600;21000;24900;6300;300;200;12500;500;507700;562900;869900;258000;248100;0;0;0;0;2580;1287;14524;7140;20264;0;0;0;0;0;0;0;0;6838;14452;0;0;0;0;0;0;0;0;0;0;12;0;0;1281;0;0
210;0;903;2119800;9400;38900;19300;25200;5900;400;400;12900;1000;498400;579000;866400;263300;228700;0;0;0;0;2580;1284;14688;7166;20401;0;0;0;0;0;0;0;0;6862;14552;0;0;0;0;0;0;0;0;0;0;12;0;0;1284;0;0
211;0;906;2109400;7700;36000;20700;26000;6700;400;300;11300;800;540100;580200;817900;271500;267200;0;0;0;0;2580;1283;14752;7185;20453;0;0;0;0;0;0;0;0;6881;14516;0;0;0;0;0;0;0;0;0;0;12;0;0;1285;0;0
212;0;910;2122300;7600;35800;19500;24300;6300;400;300;12300;12600;523900;577100;838000;265600;257100;0;0;0;0;2580;1285;14624;7146;20349;0;0;0;0;0;0;0;0;6843;14488;0;0;0;0;0;0;0;0;0;0;12;0;0;1283;0;0
213;0;913;3745700;6300;33500;21500;24600;5800;400;400;13100;500;482600;781200;2259900;240000;241600;0;0;0;0;2580;1286;14588;7108;20316;0;0;0;0;0;0;0;0;6801;14452;0;0;0;0;0;0;0;0;0;0;12;0;0;1282;0;0
214;0;916;2252100;11200;37400;19400;28800;8500;400;300;13100;1100;501300;640600;937400;248200;251800;0;0;0;0;2580;1284;14688;7165;20401;0;0;0;0;0;0;0;0;6844;14516;0;0;0;0;0;0;0;0;0;0;12;0;0;1284;0;0
215;0;920;2178500;10600;43700;21100;25600;9600;400;300;12000;900;512900;582200;910500;268200;243600;0;0;0;0;2580;1283;14752;7209;20453;0;0;0;0;0;0;0;0;6890;14616;0;0;0;0;0;0;0;0;0;0;12;0;0;1285;0;0
216;0;923;2197700;9700;39200;19600;26300;6300;400;400;11400;1100;509100;601300;895600;245000;263500;0;0;0;0;2580;1286;14560;7112;20297;0;0;0;0;0;0;0;0;6808;14452;0;0;0;0;0;0;0;0;0;0;12;0;0;1282;0;0
217;0;926;2287000;9300;37100;20900;25200;7600;400;500;11200;1000;521800;619400;965700;261900;258800;0;0;0;0;2580;1282;14816;7232;20505;0;0;0;0;0;0;0;0;6926;14616;0;0;0;0;0;0;0;0;0;0;12;0;0;1286;0;0
218;0;930;2090500;10400;38200;19200;24600;8200;400;300;13200;900;473700;571200;882200;247100;225800;0;0;0;0;2580;1284;14716;7119;20420;0;0;0;0;0;0;0;0;6805;14452;0;0;0;0;0;0;0;0;0;0;12;0;0;1284;0;0
219;0;933;2213200;8000;37300;21200;24600;5700;400;300;12700;1300;461700;558200;1027100;244900;216200;0;0;0;0;2580;1283;14696;7145;20415;0;0;0;0;0;0;0;0;6826;14488;0;0;0;0;0;0;0;0;0;0;12;0;0;1285;0;0
220;0;936;3658800;53900;42300;21600;36000;16200;400;300;21200;1500;739700;678000;1977900;390700;347600;0;0;0;0;2580;1284;14688;7117;20401;0;0;0;0;0;0;0;0;6807;14452;0;0;0;0;0;0;0;0;0;0;12;0;0;1284;0;0
221;0;940;2357600;16300;42200;21800;27000;9400;400;400;16700;1500;578700;640400;961700;299300;278900;0;0;0;0;2580;1285;14652;7158;20368;0;0;0;0;0;0;0;0;6854;14516;0;0;0;0;0;0;0;0;0;0;12;0;0;1283;0;0
222;0;943;2456800;9300;35800;19100;27100;7600;400;300;12200;1100;525200;538200;1215900;266700;257700;0;0;0;0;2580;1284;14688;7181;20401;0;0;0;0;0;0;0;0;6873;14552;0;0;0;0;0;0;0;0;0;0;12;0;0;1284;0;0
223;0;946;2219400;10800;54100;21700;25100;8500;300;300;13900;2700;540000;578200;892700;276800;261000;0;0;0;0;2580;1286;14588;7122;20316;0;0;0;0;0;0;0;0;6822;14452;0;0;0;0;0;0;0;0;0;0;12;0;0;1282;0;0
224;0;950;2113700;10100;37700;19200;24300;8000;300;300;12700;800;460300;611700;869900;218700;240400;0;0;0;0;2580;1282;14788;7235;20486;0;0;0;0;0;0;0;0;6922;14552;0;0;0;0;0;0;0;0;0;0;12;0;0;1286;0;0
225;0;953;2072400;9100;37800;21100;24800;7200;300;300;11500;1300;484300;577000;853400;250400;233300;0;0;0;0;2580;1285;14624;7148;20349;0;0;0;0;0;0;0;0;6831;14452;0;0;0;0;0;0;0;0;0;0;12;0;0;1283;0;0
226;0;956;3248800;9300;36000;19500;25900;7500;400;300;12300;1000;615800;679400;1692200;274800;340100;0;0;0;0;2580;1283;14724;7181;20434;0;0;0;0;0;0;0;0;6873;14552;0;0;0;0;0;0;0;0;0;0;12;0;0;1285;0;0
227;0;960;3009500;11400;42800;22700;27200;10400;400;400;13500;1300;581700;558500;1670100;288600;292100;0;0;0;0;2580;1283;14780;7183;20472;0;0;0;0;0;0;0;0;6878;14580;0;0;0;0;0;0;0;0;0;0;12;0;0;1285;0;0
228;0;963;2253300;13400;41500;19700;23800;10000;300;300;12200;1500;536900;638300;885100;268300;267400;0;0;0;0;2580;1285;14652;7151;20368;0;0;0;0;0;0;0;0;6858;14452;0;0;0;0;0;0;0;0;0;0;12;0;0;1283;0;0
229;0;966;2281200;8100;36700;18900;23100;5400;300;300;16300;1200;493700;474800;1150900;242000;250600;0;0;0;0;2580;1283;14724;7167;20434;0;0;0;0;0;0;0;0;6868;14552;0;0;0;0;0;0;0;0;0;0;12;0;0;1285;0;0
230;0;970;2328600;7800;35300;19500;24400;7900;400;300;11800;600;538400;490900;1153800;255400;282400;0;0;0;0;2580;1284;14716;7150;20420;0;0;0;0;0;0;0;0;6858;14516;0;0;0;0;0;0;0;0;0;0;12;0;0;1284;0;0
231;0;973;2141200;7900;35400;19000;22500;7000;400;200;10900;1100;469100;471400;1059700;231000;237700;0;0;0;0;2580;1284;14660;7122;20382;0;0;0;0;0;0;0;0;6818;14488;0;0;0;0;0;0;0;0;0;0;12;0;0;1284;0;0
232;0;976;2653100;7200;35600;16800;21400;5500;300;800;10900;1000;456200;466800;1596000;220700;235000;0;0;0;0;2580;1284;14688;7164;20401;0;0;0;0;0;0;0;0;6857;14452;0;0;0;0;0;0;0;0;0;0;12;0;0;1284;0;0
233;0;980;2448300;21200;53900;24500;28200;11400;400;700;14700;1300;570400;631600;1045500;289200;280900;0;0;0;0;2580;1283;14752;7195;20453;0;0;0;0;0;0;0;0;6897;14616;0;0;0;0;0;0;0;0;0;0;12;0;0;1285;0;0
234;0;983;2876800;27200;74200;22000;31600;20000;400;300;14900;1200;751400;543500;1346700;366700;383900;0;0;0;0;2580;1284;14716;7196;20420;0;0;0;0;0;0;0;0;6885;14580;0;0;0;0;0;0;0;0;0;0;12;0;0;1284;0;0
235;0;986;2470100;14700;43200;20600;24300;11500;300;300;13800;1200;597600;679300;994600;295400;301000;0;0;0;0;2580;1284;14716;7203;20420;0;0;0;0;0;0;0;0;6899;14580;0;0;0;0;0;0;0;0;0;0;12;0;0;1284;0;0
236;0;990;2170100;12100;40300;19400;23800;7100;300;200;11300;1000;506100;607600;879400;266700;238200;0;0;0;0;2580;1282;14816;7215;20505;0;0;0;0;0;0;0;0;6905;14616;0;0;0;0;0;0;0;0;0;0;12;0;0;1286;0;0
237;0;993;2225100;8200;33700;18700;23100;5500;400;200;10300;500;495700;477400;1118500;247600;247500;0;0;0;0;2580;1282;14788;7198;20486;0;0;0;0;0;0;0;0;6901;14516;0;0;0;0;0;0;0;0;0;0;12;0;0;1286;0;0
238;0;996;2204200;8100;35200;16700;21800;7500;300;300;10200;700;456800;474100;1135900;227000;229100;0;0;0;0;2580;1284;14660;7184;20382;0;0;0;0;0;0;0;0;6883;14552;0;0;0;0;0;0;0;0;0;0;12;0;0;1284;0;0
239;0;1000;2396400;10000;38000;21300;26500;7600;300;300;12500;800;619300;646800;967000;303500;315100;0;0;0;0;2580;1283;14780;7213;20472;0;0;0;0;0;0;0;0;6930;14516;0;0;0;0;0;0;0;0;0;0;12;0;0;1285;0;0
240;0;1003;2707900;7800;37100;19300;24200;8500;400;300;11900;1200;498500;547200;1463400;248300;248800;0;0;0;0;2580;1283;14752;7212;20453;0;0;0;0;0;0;0;0;6905;14552;0;0;0;0;0;0;0;0;0;0;12;0;0;1285;0;0
241;0;1006;2578500;26700;65500;25600;32200;34200;500;400;15200;900;588100;513100;1226200;369500;217800;0;0;0;0;2580;1284;14716;7181;20420;0;0;0;0;0;0;0;0;6892;14580;0;0;0;0;0;0;0;0;0;0;12;0;0;1284;0;0
242;0;1010;2248300;10700;40000;19000;26700;9300;400;500;11200;1400;488600;477600;1125300;234800;253100;0;0;0;0;2580;1284;14688;7160;20401;0;0;0;0;0;0;0;0;6844;14516;0;0;0;0;0;0;0;0;0;0;12;0;0;1284;0;0
243;0;1013;2490300;13600;37100;19200;21800;7400;400;200;10700;700;563500;523000;1251700;273700;288900;0;0;0;0;2580;1282;14788;7212;20486;0;0;0;0;0;0;0;0;6900;14616;0;0;0;0;0;0;0;0;0;0;12;0;0;1286;0;0
244;0;1016;2258600;10300;35700;21000;24000;8700;300;300;10600;700;493900;504300;1067900;247700;245300;0;0;0;0;2580;1283;14752;7172;20453;0;0;0;0;0;0;0;0;6858;14516;0;0;0;0;0;0;0;0;0;0;12;0;0;1285;0;0
245;0;1020;2869200;8300;33500;19800;21500;7100;300;200;11000;700;446600;471500;1796900;232600;212700;0;0;0;0;2580;1285;14624;7170;20349;0;0;0;0;0;0;0;0;6835;14552;0;0;0;0;0;0;0;0;0;0;12;0;0;1283;0;0
246;0;1023;2494200;18000;45300;19200;26600;7900;500;500;12700;3000;518700;653500;1099600;275500;242300;0;0;0;0;2580;1283;14780;7244;20472;0;0;0;0;0;0;0;0;6924;14708;0;0;0;0;0;0;0;0;0;0;12;0;0;1285;0;0
247;0;1026;3093300;13500;43900;20700;27000;10700;400;300;14800;600;570000;651400;1660400;287000;282400;0;0;0;0;2580;1283;14724;7173;20434;0;0;0;0;0;0;0;0;6868;14516;0;0;0;0;0;0;0;0;0;0;12;0;0;1285;0;0
248;0;1030;2532700;11900;42200;18600;23000;15500;400;300;12000;1200;550200;641300;1133900;276200;272700;0;0;0;0;2580;1284;14716;7148;20420;0;0;0;0;0;0;0;0;6834;14516;0;0;0;0;0;0;0;0;0;0;12;0;0;1284;0;0
249;0;1033;2396500;16200;42600;22000;24200;7200;300;200;11200;800;558100;511300;998400;280700;276900;0;0;0;0;2580;1283;14752;7195;20453;0;0;0;0;0;0;0;0;6879;14580;0;0;0;0;0;0;0;0;0;0;12;0;0;1285;0;0
250;0;1036;2455300;8700;36000;20400;24000;6600;400;200;11800;800;534300;502100;1259400;276100;256500;0;0;0;0;2580;1284;14688;7165;20401;0;0;0;0;0;0;0;0;6845;14552;0;0;0;0;0;0;0;0;0;0;12;0;0;1284;0;0
251;0;1040;2805600;9900;40700;21400;26100;9100;400;300;10400;1700;481300;760500;1353300;232400;247500;0;0;0;0;2580;1284;14716;7147;20420;0;0;0;0;0;0;0;0;6831;14516;0;0;0;0;0;0;0;0;0;0;12;0;0;1284;0;0
252;0;1043;2173400;19400;40900;18400;23100;7600;400;300;10400;900;462000;675200;872200;237300;224100;0;0;0;0;2580;1284;14688;7196;20401;0;0;0;0;0;0;0;0;6877;14616;0;0;0;0;0;0;0;0;0;0;12;0;0;1284;0;0
253;0;1046;2979600;8700;36000;20900;25400;8100;500;300;11800;700;478000;544200;1751100;238700;238500;0;0;0;0;2580;1285;14652;7196;20368;0;0;0;0;0;0;0;0;6899;14580;0;0;0;0;0;0;0;0;0;0;12;0;0;1283;0;0
254;0;1050;2343000;12200;38100;19700;25700;7400;400;400;13400;800;530700;491000;1158300;271100;258400;0;0;0;0;2580;1284;14688;7152;20401;0;0;0;0;0;0;0;0;6863;14516;0;0;0;0;0;0;0;0;0;0;12;0;0;1284;0;0
255;0;1053;2300800;9300;36600;20600;27500;7300;400;200;10600;800;488700;499800;1161800;248300;239600;0;0;0;0;2580;1282;14816;7219;20505;0;0;0;0;0;0;0;0;6918;14580;0;0;0;0;0;0;0;0;0;0;12;0;0;1286;0;0
256;0;1056;2325300;9400;36300;19200;34600;8400;300;300;11500;800;487600;568900;968500;241100;245000;0;0;0;0;2580;1285;14652;7157;20368;0;0;0;0;0;0;0;0;6845;14516;0;0;0;0;0;0;0;0;0;0;12;0;0;1283;0;0
257;0;1060;2653400;8200;34800;21600;28600;7500;300;300;12900;700;485900;533100;1484800;244600;240300;0;0;0;0;2580;1283;14752;7213;20453;0;0;0;0;0;0;0;0;6896;14552;0;0;0;0;0;0;0;0;0;0;12;0;0;1285;0;0
258;0;1063;2215500;15600;39600;19600;25700;14000;500;300;11500;1900;475700;658200;909800;237300;237600;0;0;0;0;2580;1283;14780;7234;20472;0;0;0;0;0;0;0;0;6934;14580;0;0;0;0;0;0;0;0;0;0;12;0;0;1285;0;0
259;0;1066;2428300;7500;34400;18500;22400;6400;300;300;10400;900;431400;501600;1358200;214400;215800;0;0;0;0;2580;1284;14688;7179;20401;0;0;0;0;0;0;0;0;6880;14552;0;0;0;0;0;0;0;0;0;0;12;0;0;1284;0;0
260;0;1070;3078500;11900;37600;19500;28800;9800;500;400;14300;1300;582100;551600;1781100;293000;288300;0;0;0;0;2580;1284;14688;7187;20401;0;0;0;0;0;0;0;0;6891;14516;0;0;0;0;0;0;0;0;0;0;12;0;0;1284;0;0
261;0;1073;2266800;12300;42800;22400;26300;8700;400;400;13700;1200;524800;506700;922200;236500;287200;0;0;0;0;2580;1285;14624;7159;20349;0;0;0;0;0;0;0;0;6859;14516;0;0;0;0;0;0;0;0;0;0;12;0;0;1283;0;0
262;0;1076;2291300;7400;52900;19500;29300;10900;300;200;10900;700;485600;506000;1131200;243500;240900;0;0;0;0;2580;1284;14716;7177;20420;0;0;0;0;0;0;0;0;6884;14516;0;0;0;0;0;0;0;0;0;0;12;0;0;1284;0;0
263;0;1080;2254100;8100;34300;20900;24700;10000;400;300;10600;600;452100;533100;1122700;237800;213400;0;0;0;0;2580;1285;14652;7163;20368;0;0;0;0;0;0;0;0;6873;14516;0;0;0;0;0;0;0;0;0;0;12;0;0;1283;0;0
264;0;1083;3004000;20000;35100;117500;33600;11100;500;400;16800;1500;656400;949600;1092900;342200;313900;0;0;0;0;2580;1284;14688;7168;20401;0;0;0;0;0;0;0;0;6869;14552;0;0;0;0;0;0;0;0;0;0;12;0;0;1284;0;0
265;0;1086;2199100;13800;39700;27200;24200;8400;400;300;12200;1300;467200;662700;888900;241600;225100;0;0;0;0;2580;1283;14780;7223;20472;0;0;0;0;0;0;0;0;6924;14644;0;0;0;0;0;0;0;0;0;0;12;0;0;1285;0;0
266;0;1090;2328500;7700;35300;19000;25300;5300;300;200;11000;500;429400;520200;1190600;210100;218800;0;0;0;0;2580;1284;14688;7217;20401;0;0;0;0;0;0;0;0;6915;14552;0;0;0;0;0;0;0;0;0;0;12;0;0;1284;0;0
267;0;1093;2988000;7900;35300;20600;25200;7800;400;300;12200;1300;513600;597000;1731800;249900;262600;0;0;0;0;2580;1285;14624;7157;20349;0;0;0;0;0;0;0;0;6862;14516;0;0;0;0;0;0;0;0;0;0;12;0;0;1283;0;0
268;0;1096;2345400;11900;40000;17000;22400;8700;300;300;12200;1100;629300;629100;922100;268900;359900;0;0;0;0;2580;1285;14652;7169;20368;0;0;0;0;0;0;0;0;6880;14580;0;0;0;0;0;0;0;0;0;0;12;0;0;1283;0;0
269;0;1100;2359700;9000;35900;21400;28100;7400;300;300;10800;900;497600;473300;1222000;253100;243200;0;0;0;0;2580;1285;14652;7174;20368;0;0;0;0;0;0;0;0;6889;14516;0;0;0;0;0;0;0;0;0;0;12;0;0;1283;0;0
270;0;1103;2670600;8100;35300;19400;28100;7400;300;300;12000;900;457500;948300;1113000;225900;230500;0;0;0;0;2580;1284;14716;7202;20420;0;0;0;0;0;0;0;0;6918;14516;0;0;0;0;0;0;0;0;0;0;12;0;0;1284;0;0
271;0;1106;2263500;17200;41900;21100;25700;7800;300;300;11100;2100;511200;654200;912500;273900;236200;0;0;0;0;2580;1283;14752;7199;20453;0;0;0;0;0;0;0;0;6899;14616;0;0;0;0;0;0;0;0;0;0;12;0;0;1285;0;0
272;0;1110;2173500;21300;37000;19200;25400;6400;400;300;12500;600;436000;492600;1084800;221500;213400;0;0;0;0;2580;1284;14716;7173;20420;0;0;0;0;0;0;0;0;6866;14516;0;0;0;0;0;0;0;0;0;0;12;0;0;1284;0;0
273;0;1113;2328000;7500;34400;20600;24300;9200;400;300;10900;700;470500;533300;1139600;220300;249800;0;0;0;0;2580;1284;14660;7153;20382;0;0;0;0;0;0;0;0;6855;14552;0;0;0;0;0;0;0;0;0;0;12;0;0;1284;0;0
274;0;1116;2888400;8000;35200;19200;24900;9700;300;500;12100;1300;501400;539400;1694700;249800;250600;0;0;0;0;2580;1285;14652;7195;20368;0;0;0;0;0;0;0;0;6901;14580;0;0;0;0;0;0;0;0;0;0;12;0;0;1283;0;0
275;0;1120;2477400;9400;42400;22100;24000;7900;400;400;11300;800;570100;525800;1211700;262800;306800;0;0;0;0;2580;1285;14652;7164;20368;0;0;0;0;0;0;0;0;6880;14516;0;0;0;0;0;0;0;0;0;0;12;0;0;1283;0;0
276;0;1123;2803600;10500;42100;19300;24400;7400;400;400;10800;1100;591300;523500;1530100;275900;314100;0;0;0;0;2580;1286;14588;7147;20316;0;0;0;0;0;0;0;0;6864;14516;0;0;0;0;0;0;0;0;0;0;12;0;0;1282;0;0
277;0;1126;2331200;13800;44900;22300;28500;6500;400;400;15000;1800;573900;689600;870400;310900;262200;0;0;0;0;2580;1282;14844;7230;20524;0;0;0;0;0;0;0;0;6933;14644;0;0;0;0;0;0;0;0;0;0;12;0;0;1286;0;0
278;0;1130;2173500;8600;35800;19700;28200;6200;300;300;10200;600;452100;490400;1084700;218100;233300;0;0;0;0;2580;1284;14688;7168;20401;0;0;0;0;0;0;0;0;6867;14552;0;0;0;0;0;0;0;0;0;0;12;0;0;1284;0;0
279;0;1133;2133800;7100;36900;18400;24800;7600;300;300;10500;700;433300;488700;1069100;209400;222400;0;0;0;0;2580;1284;14688;7155;20401;0;0;0;0;0;0;0;0;6853;14516;0;0;0;0;0;0;0;0;0;0;12;0;0;1284;0;0
280;0;1136;2861000;8000;35900;19000;24500;7800;400;300;13000;900;477400;522900;1702400;235900;240900;0;0;0;0;2580;1284;14688;7172;20401;0;0;0;0;0;0;0;0;6876;14552;0;0;0;0;0;0;0;0;0;0;12;0;0;1284;0;0
281;0;1140;2657000;16200;42100;21700;27200;10600;400;400;13400;2000;516900;540300;1386300;265000;251200;0;0;0;0;2580;1285;14652;7186;20368;0;0;0;0;0;0;0;0;6889;14516;0;0;0;0;0;0;0;0;0;0;12;0;0;1283;0;0
282;0;1143;2286400;12600;49100;17900;24800;9400;400;400;12100;1800;501000;638500;965600;267200;233000;0;0;0;0;2580;1285;14652;7185;20368;0;0;0;0;0;0;0;0;6873;14516;0;0;0;0;0;0;0;0;0;0;12;0;0;1283;0;0
283;0;1146;2470600;7900;34600;20800;25400;8800;300;300;10600;900;466100;584800;1191300;248100;216800;0;0;0;0;2580;1286;14588;7139;20316;0;0;0;0;0;0;0;0;6830;14516;0;0;0;0;0;0;0;0;0;0;12;0;0;1282;0;0
284;0;1150;2168100;7500;36600;19200;26000;6300;300;300;10200;900;459400;549800;1011000;225200;233800;0;0;0;0;2580;1283;14780;7233;20472;0;0;0;0;0;0;0;0;6921;14580;0;0;0;0;0;0;0;0;0;0;12;0;0;1285;0;0
285;0;1153;2200400;7900;38300;18700;27600;6800;300;300;12100;900;439600;495100;1117100;216200;222100;0;0;0;0;2580;1283;14724;7184;20434;0;0;0;0;0;0;0;0;6860;14552;0;0;0;0;0;0;0;0;0;0;12;0;0;1285;0;0
286;0;1156;2313600;7600;36200;19100;26000;9800;300;200;13000;1100;505000;511600;1143000;260100;243700;0;0;0;0;2580;1284;14716;7168;20420;0;0;0;0;0;0;0;0;6868;14516;0;0;0;0;0;0;0;0;0;0;12;0;0;1284;0;0
287;0;1160;3044800;7800;35400;20800;24000;5100;300;300;12400;800;488900;520500;1883100;245900;242300;0;0;0;0;2580;1284;14688;7207;20401;0;0;0;0;0;0;0;0;6906;14616;0;0;0;0;0;0;0;0;0;0;12;0;0;1284;0;0
288;0;1163;2257800;12000;40800;20400;22900;8200;300;400;11000;1200;514200;492900;949800;255900;257900;0;0;0;0;2580;1286;14588;7172;20316;0;0;0;0;0;0;0;0;6875;14516;0;0;0;0;0;0;0;0;0;0;12;0;0;1282;0;0
289;0;1166;2405700;8000;35100;21300;27500;7800;300;300;10900;900;483500;470300;1277200;250300;232500;0;0;0;0;2580;1285;14652;7192;20368;0;0;0;0;0;0;0;0;6912;14580;0;0;0;0;0;0;0;0;0;0;12;0;0;1283;0;0
290;0;1170;2415800;12500;49400;24000;28600;11600;400;400;13900;1500;606800;594200;990700;322400;283800;0;0;0;0;2580;1285;14652;7175;20368;0;0;0;0;0;0;0;0;6895;14580;0;0;0;0;0;0;0;0;0;0;12;0;0;1283;0;0
291;0;1173;2297000;10200;38500;21500;22900;7800;400;300;11000;900;506900;555200;1066000;262500;244000;0;0;0;0;2580;1286;14588;7168;20316;0;0;0;0;0;0;0;0;6879;14516;0;0;0;0;0;0;0;0;0;0;12;0;0;1282;0;0
292;0;1176;2255300;11100;39900;21900;21000;8300;400;200;12200;700;450700;488100;1158200;220500;229100;0;0;0;0;2580;1284;14688;7180;20401;0;0;0;0;0;0;0;0;6880;14552;0;0;0;0;0;0;0;0;0;0;12;0;0;1284;0;0
293;0;1180;2268400;9800;36100;20500;22600;6200;400;300;10100;700;445300;526500;1145600;237400;207400;0;0;0;0;2580;1285;14652;7209;20368;0;0;0;0;0;0;0;0;6924;14580;0;0;0;0;0;0;0;0;0;0;12;0;0;1283;0;0
294;0;1183;2957800;6400;33700;19100;24100;6000;300;900;11400;500;477600;535700;1795000;241200;235900;0;0;0;0;2580;1284;14688;7183;20401;0;0;0;0;0;0;0;0;6888;14552;0;0;0;0;0;0;0;0;0;0;12;0;0;1284;0;0
295;0;1186;2268800;12400;38900;20700;25700;7900;300;500;12200;1000;516900;486400;1101700;253500;263000;0;0;0;0;2580;1286;14588;7143;20316;0;0;0;0;0;0;0;0;6845;14516;0;0;0;0;0;0;0;0;0;0;12;0;0;1282;0;0
296;0;1190;2502200;6900;37600;16700;22200;7500;300;300;10400;700;475600;487400;1381600;232700;242100;0;0;0;0;2580;1284;14716;7206;20420;0;0;0;0;0;0;0;0;6895;14580;0;0;0;0;0;0;0;0;0;0;12;0;0;1284;0;0
297;0;1193;2319900;15100;40700;21000;26100;10700;400;300;14000;1100;565000;627600;930600;289200;273400;0;0;0;0;2580;1286;14588;7146;20316;0;0;0;0;0;0;0;0;6844;14516;0;0;0;0;0;0;0;0;0;0;12;0;0;1282;0;0
298;0;1196;2210100;7400;34600;19200;26300;5800;400;300;11300;500;448500;496100;1106200;224400;223500;0;0;0;0;2580;1286;14588;7139;20316;0;0;0;0;0;0;0;0;6817;14516;0;0;0;0;0;0;0;0;0;0;12;0;0;1282;0;0
299;0;1200;2245500;7200;34700;21200;27600;5900;300;200;10500;900;469600;501800;1109900;227800;241300;0;0;0;0;2580;1284;14688;7191;20401;0;0;0;0;0;0;0;0;6870;14552;0;0;0;0;0;0;0;0;0;0;12;0;0;1284;0;0
