# scene=solar_system_v1compat_belt_lod_spheres.json;config=Release;cpu=12th Gen Intel(R) Core(TM) i7-1265U;affinity=4;ablation=none;clear=0;rasterstats=0;lodstats=0;asserts_lib=0;res=768x450;views=4;sdl=direct3d;mesurees=240;chauffe=60;overhead_ns=32;resolution_ns=100
zone;median_ns;p95_ns;max_ns;pourmille_de_la_frame
FRAME;1032800;1340000;1933500;1000
Input;4100;7900;76500;3
Animation;33000;38400;54500;31
LocalXform1;19000;20600;35200;18
WorldXform1;23000;24500;31100;22
Cameras;3200;5800;9300;3
LocalXform2;400;400;500;0
WorldXform2;300;400;600;0
Trigger;11100;12400;25900;10
BuildViews;500;1200;2800;0
Clear;100000;144900;229300;96
Render;486200;529800;712000;470
Present;314300;558600;1272600;304
ClearColor;54300;80500;111700;52
ClearDepth;43600;64900;167000;42
RESTE;30100;45100;62400;29
Entities;0;0;0;0
XformNodes;0;0;0;0
TriggerPairs;0;0;0;0
TriggerHits;0;0;0;0
MeshesTested;2580;2580;2580;0
MeshesCulled;1283;1286;1287;0
FacesSubmitted;14752;15080;16040;0
TrisRasterized;7186;7292;7701;0
VertsTransformed;20453;20727;21286;0
TrisCov0;0;0;0;0
TrisCov1;0;0;0;0
TrisCov2to4;0;0;0;0
TrisCov5plus;0;0;0;0
TrisTightEmpty;0;0;0;0
PixelsTested;0;0;0;0
PixelsTight;0;0;0;0
PixelsCovered;0;0;0;0
TrisEarlyRejected;6964;7060;7415;0
FacesInside;14552;14716;15512;0
InstPx0to1;0;0;0;0
InstPx1to4;0;0;0;0
InstPx4to16;0;0;0;0
InstPx16plus;0;0;0;0
FacesPx0to1;0;0;0;0
FacesPx1to4;0;0;0;0
FacesPx4to16;0;0;0;0
FacesPx16plus;0;0;0;0
VertsInside;0;0;0;0
TrisEmittedInside;0;0;0;0
LodLevel0;12;12;13;0
LodLevel1;0;0;0;0
LodLevel2;0;0;0;0
LodLevel3;1285;1291;1292;0
ClearPageFaults;0;0;0;0
LockAddrChanged;0;0;0;0
