# scene=solar_system_v1compat_belt_lod_spheres.json;config=Release;cpu=12th Gen Intel(R) Core(TM) i7-1265U;affinity=4;ablation=none;rasterstats=0;lodstats=0;asserts_lib=0;res=1536x900;views=4;sdl=direct3d;mesurees=240;chauffe=60;overhead_ns=32;resolution_ns=100
zone;median_ns;p95_ns;max_ns;pourmille_de_la_frame
FRAME;2319200;3457900;4770900;1000
Input;10200;19400;41400;4
Animation;39300;58500;145900;16
LocalXform1;20300;22600;106900;8
WorldXform1;25900;31700;46000;11
Cameras;7600;13700;28600;3
LocalXform2;400;600;1400;0
WorldXform2;400;1000;1500;0
Trigger;13000;15800;29500;5
BuildViews;1000;2200;22100;0
Clear;525800;663800;903900;226
Render;593200;756000;1772800;255
Present;1002200;2043500;3231400;432
ClearColor;262200;330100;483400;113
ClearDepth;262100;330300;501600;113
RESTE;44700;109300;199400;19
Entities;0;0;0;0
XformNodes;0;0;0;0
TriggerPairs;0;0;0;0
TriggerHits;0;0;0;0
MeshesTested;2580;2580;2580;0
MeshesCulled;1283;1286;1287;0
FacesSubmitted;14752;15080;16040;0
TrisRasterized;7186;7292;7701;0
VertsTransformed;20453;20727;21286;0
TrisCov0;0;0;0;0
TrisCov1;0;0;0;0
TrisCov2to4;0;0;0;0
TrisCov5plus;0;0;0;0
TrisTightEmpty;0;0;0;0
PixelsTested;0;0;0;0
PixelsTight;0;0;0;0
PixelsCovered;0;0;0;0
TrisEarlyRejected;6889;6985;7337;0
FacesInside;14552;14716;15512;0
InstPx0to1;0;0;0;0
InstPx1to4;0;0;0;0
InstPx4to16;0;0;0;0
InstPx16plus;0;0;0;0
FacesPx0to1;0;0;0;0
FacesPx1to4;0;0;0;0
FacesPx4to16;0;0;0;0
FacesPx16plus;0;0;0;0
VertsInside;0;0;0;0
TrisEmittedInside;0;0;0;0
LodLevel0;12;12;13;0
LodLevel1;0;0;0;0
LodLevel2;0;0;0;0
LodLevel3;1285;1291;1292;0
