# scene=solar_system_v1compat_belt_lod_spheres.json;config=Release;cpu=12th Gen Intel(R) Core(TM) i7-1265U;affinity=4;ablation=none;rasterstats=0;lodstats=0;asserts_lib=0;res=1536x900;views=4;sdl=direct3d;frames=300;warmup=60;overhead_ns=32;resolution_ns=100
frame;warmup;sim_millidays;frame_ns;Input_ns;Animation_ns;LocalXform1_ns;WorldXform1_ns;Cameras_ns;LocalXform2_ns;WorldXform2_ns;Trigger_ns;BuildViews_ns;Clear_ns;Render_ns;Present_ns;ClearColor_ns;ClearDepth_ns;Entities;XformNodes;TriggerPairs;TriggerHits;MeshesTested;MeshesCulled;FacesSubmitted;TrisRasterized;VertsTransformed;TrisCov0;TrisCov1;TrisCov2to4;TrisCov5plus;TrisTightEmpty;PixelsTested;PixelsTight;PixelsCovered;TrisEarlyRejected;FacesInside;InstPx0to1;InstPx1to4;InstPx4to16;InstPx16plus;FacesPx0to1;FacesPx1to4;FacesPx4to16;FacesPx16plus;VertsInside;TrisEmittedInside;LodLevel0;LodLevel1;LodLevel2;LodLevel3
0;1;203;39364400;6492000;226300;72200;81300;42300;600;500;32400;8700;3438700;1537400;24279700;2953100;477900;0;0;0;0;2580;1263;18552;8779;22892;0;0;0;0;0;0;0;0;7512;16060;0;0;0;0;0;0;0;0;0;0;14;0;0;1303
1;1;206;11213700;2102500;53000;24400;30500;10100;500;500;15800;900;672700;1665900;6478000;302800;369300;0;0;0;0;2580;1275;17924;8525;22371;0;0;0;0;0;0;0;0;7292;15476;0;0;0;0;0;0;0;0;0;0;15;0;0;1290
2;1;210;9863200;1637700;175800;44200;71700;47300;500;1500;43400;6800;884600;1248900;5625500;432800;451600;0;0;0;0;2580;1270;18188;8679;22593;0;0;0;0;0;0;0;0;7576;14880;0;0;0;0;0;0;0;0;0;0;15;0;0;1295
3;1;213;5622100;62500;117300;88300;51500;35700;400;400;18300;2600;871900;1404700;2839400;424100;446800;0;0;0;0;2580;1270;17152;8185;21991;0;0;0;0;0;0;0;0;7444;14724;0;0;0;0;0;0;0;0;0;0;14;0;0;1296
4;1;216;6432200;27400;61200;25400;29900;10500;400;700;16800;1600;767200;1095000;4354100;365200;401000;0;0;0;0;2580;1270;18132;8682;22555;0;0;0;0;0;0;0;0;7950;14788;0;0;0;0;0;0;0;0;0;0;15;0;0;1295
5;1;220;8423500;18100;45800;26700;42300;15200;400;600;22800;3200;593200;1240000;6312600;289100;299800;0;0;0;0;2580;1273;17996;8624;22437;0;0;0;0;0;0;0;0;7436;15712;0;0;0;0;0;0;0;0;0;0;15;0;0;1292
6;1;223;3535100;35400;56200;22600;30800;15300;500;600;16500;2700;598900;943600;1765900;280600;317100;0;0;0;0;2580;1274;17092;8191;21916;0;0;0;0;0;0;0;0;7029;15704;0;0;0;0;0;0;0;0;0;0;14;0;0;1292
7;1;226;6484600;76800;138000;34100;52400;35400;400;800;25000;1000;795300;983500;4289000;391800;402600;0;0;0;0;2580;1273;17072;8151;21911;0;0;0;0;0;0;0;0;6956;15648;0;0;0;0;0;0;0;0;0;0;14;0;0;1293
8;1;230;10567700;24900;54000;23500;29700;47800;500;1700;24900;4600;909400;1212800;8150800;441400;467100;0;0;0;0;2580;1278;15940;7638;21201;0;0;0;0;0;0;0;0;6901;14616;0;0;0;0;0;0;0;0;0;0;13;0;0;1289
9;1;233;4625100;29800;71700;27200;29800;18400;400;700;17700;3700;691700;897700;2776800;362600;328600;0;0;0;0;2580;1273;16176;7791;21404;0;0;0;0;0;0;0;0;7046;14852;0;0;0;0;0;0;0;0;0;0;13;0;0;1294
10;1;236;11301500;23500;65300;24400;33700;17300;400;800;15600;2600;700100;1426300;8772700;419300;280500;0;0;0;0;2580;1275;16944;8111;21807;0;0;0;0;0;0;0;0;6925;15556;0;0;0;0;0;0;0;0;0;0;14;0;0;1291
11;1;240;10262500;100100;142000;63200;56100;39400;400;2200;30500;4700;877700;1154200;7730000;429100;446200;0;0;0;0;2580;1273;17128;8193;21949;0;0;0;0;0;0;0;0;7034;15740;0;0;0;0;0;0;0;0;0;0;14;0;0;1293
12;1;243;2959700;15600;41800;21600;28900;7200;500;400;16600;2300;555600;944100;1288000;244200;310500;0;0;0;0;2580;1275;17028;8159;21864;0;0;0;0;0;0;0;0;6974;15640;0;0;0;0;0;0;0;0;0;0;14;0;0;1291
13;1;246;4147900;17000;51100;26200;28500;12500;400;300;14100;1300;600200;896400;2455600;286400;313100;0;0;0;0;2580;1275;16076;7730;21319;0;0;0;0;0;0;0;0;7003;14752;0;0;0;0;0;0;0;0;0;0;13;0;0;1292
14;1;250;8159000;16900;43600;21400;30700;13100;400;300;15300;1600;588500;1035700;6341200;284500;303100;0;0;0;0;2580;1273;16148;7726;21385;0;0;0;0;0;0;0;0;7003;14788;0;0;0;0;0;0;0;0;0;0;13;0;0;1294
15;1;253;5499700;377500;177900;39800;64800;43200;500;1400;35500;5000;957500;1260000;2483400;460600;496000;0;0;0;0;2580;1276;16936;8135;21793;0;0;0;0;0;0;0;0;7415;14688;0;0;0;0;0;0;0;0;0;0;14;0;0;1290
16;1;256;4081800;30700;53500;23000;31200;19700;400;800;17600;3500;642200;936200;2262100;329200;311500;0;0;0;0;2580;1273;17100;8211;21930;0;0;0;0;0;0;0;0;7077;15748;0;0;0;0;0;0;0;0;0;0;14;0;0;1293
17;1;260;3668700;23000;48800;23500;30900;17900;400;400;17000;1300;577500;884200;2004400;287500;288600;0;0;0;0;2580;1273;17100;8172;21930;0;0;0;0;0;0;0;0;7062;15676;0;0;0;0;0;0;0;0;0;0;14;0;0;1293
18;1;263;3093700;25300;50700;22300;28500;20900;400;500;15000;2300;681400;899900;1309500;307800;372800;0;0;0;0;2580;1273;17044;8109;21892;0;0;0;0;0;0;0;0;7427;14660;0;0;0;0;0;0;0;0;0;0;14;0;0;1293
19;1;266;2881700;16600;43200;22300;27200;10100;300;400;13900;1100;529000;809500;1367300;269600;258500;0;0;0;0;2580;1276;16068;7706;21305;0;0;0;0;0;0;0;0;7063;14744;0;0;0;0;0;0;0;0;0;0;13;0;0;1291
20;1;270;3001900;18000;55900;22300;31800;12400;700;400;16200;1300;627700;890800;1283200;307000;320200;0;0;0;0;2580;1276;16040;7689;21286;0;0;0;0;0;0;0;0;7040;14652;0;0;0;0;0;0;0;0;0;0;13;0;0;1291
21;1;273;5181500;14600;57000;20900;28800;14200;300;500;15400;1700;642300;1002900;3255700;322800;318900;0;0;0;0;2580;1273;17016;8103;21873;0;0;0;0;0;0;0;0;7037;14660;0;0;0;0;0;0;0;0;0;0;14;0;0;1293
22;1;276;3505400;17800;59000;24300;30900;16600;500;1100;16800;1200;651900;1143600;1493100;326300;324800;0;0;0;0;2580;1271;17200;8282;22015;0;0;0;0;0;0;0;0;7250;15776;0;0;0;0;0;0;0;0;0;0;14;0;0;1295
23;1;280;3539500;17200;47600;23200;28700;20300;500;400;13300;1700;643300;968400;1721400;311800;331000;0;0;0;0;2580;1276;16936;8132;21793;0;0;0;0;0;0;0;0;7096;14588;0;0;0;0;0;0;0;0;0;0;14;0;0;1290
24;1;283;3297200;17500;66500;31900;31600;10200;400;700;14600;1400;760500;839200;1468400;332200;427500;0;0;0;0;2580;1276;16040;7669;21286;0;0;0;0;0;0;0;0;7092;14652;0;0;0;0;0;0;0;0;0;0;13;0;0;1291
25;1;286;4242500;18100;47300;20400;26900;11500;400;1100;13600;1800;615400;974500;2471200;279800;335400;0;0;0;0;2580;1275;16076;7712;21319;0;0;0;0;0;0;0;0;7135;14752;0;0;0;0;0;0;0;0;0;0;13;0;0;1292
26;1;290;3192600;19000;42800;24300;27800;13800;400;500;14200;1000;663200;836100;1502100;317600;345300;0;0;0;0;2580;1278;15940;7648;21201;0;0;0;0;0;0;0;0;7085;14616;0;0;0;0;0;0;0;0;0;0;13;0;0;1289
27;1;293;2938500;18400;47400;20500;26600;12400;400;400;13300;1100;629900;994500;1137000;313900;315100;0;0;0;0;2580;1274;17008;8170;21859;0;0;0;0;0;0;0;0;7184;15720;0;0;0;0;0;0;0;0;0;0;14;0;0;1292
28;1;296;2817200;14800;41300;20000;27100;13000;400;400;13100;1500;623600;929400;1096300;274200;348800;0;0;0;0;2580;1271;17172;8228;21996;0;0;0;0;0;0;0;0;7255;15776;0;0;0;0;0;0;0;0;0;0;14;0;0;1295
29;1;300;3221500;15900;42400;22600;26600;10700;400;600;15800;1500;535100;884500;1626200;272400;262400;0;0;0;0;2580;1279;15904;7619;21168;0;0;0;0;0;0;0;0;7109;14516;0;0;0;0;0;0;0;0;0;0;13;0;0;1288
30;1;303;3941300;28700;50100;21400;28600;14400;400;500;16300;1000;720600;772900;2244400;291500;428200;0;0;0;0;2580;1279;15848;7611;21130;0;0;0;0;0;0;0;0;7101;14560;0;0;0;0;0;0;0;0;0;0;13;0;0;1288
31;1;306;4117800;19100;52400;21900;27500;10600;500;400;13800;1000;532500;804600;2590800;254400;277500;0;0;0;0;2580;1274;16168;7753;21390;0;0;0;0;0;0;0;0;7289;14816;0;0;0;0;0;0;0;0;0;0;13;0;0;1293
32;1;310;2898300;21700;48100;20400;27100;11300;400;400;14400;1100;590400;844300;1276000;281600;308200;0;0;0;0;2580;1277;16900;8076;21760;0;0;0;0;0;0;0;0;7182;14552;0;0;0;0;0;0;0;0;0;0;14;0;0;1289
33;1;313;2798100;12400;40600;20800;26100;12100;400;400;14200;600;539900;744200;1353100;253300;286300;0;0;0;0;2580;1275;16972;8138;21826;0;0;0;0;0;0;0;0;7293;15684;0;0;0;0;0;0;0;0;0;0;14;0;0;1291
34;1;316;2873300;13400;44100;21900;28800;9500;500;600;16600;900;519100;667300;1476900;264100;253700;0;0;0;0;2580;1276;16068;7699;21305;0;0;0;0;0;0;0;0;7334;14780;0;0;0;0;0;0;0;0;0;0;13;0;0;1291
35;1;320;3191800;16200;53400;21900;28100;11400;400;500;16400;3500;565400;785300;1650000;286500;278200;0;0;0;0;2580;1275;16076;7713;21319;0;0;0;0;0;0;0;0;7392;14688;0;0;0;0;0;0;0;0;0;0;13;0;0;1292
36;1;323;4122200;56600;100500;26200;44400;35000;1000;500;23100;7600;825600;650600;2302200;411400;412900;0;0;0;0;2580;1273;16176;7721;21404;0;0;0;0;0;0;0;0;7403;14688;0;0;0;0;0;0;0;0;0;0;13;0;0;1294
37;1;326;2652700;18800;49800;23400;30700;11400;400;500;17100;1100;573500;713000;1176600;282200;290700;0;0;0;0;2580;1277;16004;7666;21253;0;0;0;0;0;0;0;0;7348;14552;0;0;0;0;0;0;0;0;0;0;13;0;0;1290
38;1;330;2901200;15000;44600;19200;25200;10000;400;400;12900;1500;572200;832800;1328400;285000;286400;0;0;0;0;2580;1275;16972;8073;21826;0;0;0;0;0;0;0;0;7334;15612;0;0;0;0;0;0;0;0;0;0;14;0;0;1291
39;1;333;2922300;12900;50100;19300;26500;12100;400;600;15800;1000;508400;905800;1331900;250700;257000;0;0;0;0;2580;1272;17108;8166;21944;0;0;0;0;0;0;0;0;7434;14788;0;0;0;0;0;0;0;0;0;0;14;0;0;1294
40;1;336;2843200;15200;44200;24100;28200;17600;400;500;14700;1000;523500;720800;1415300;259700;262700;0;0;0;0;2580;1278;15940;7610;21201;0;0;0;0;0;0;0;0;7313;14588;0;0;0;0;0;0;0;0;0;0;13;0;0;1289
41;1;340;4079400;15700;44500;21900;27200;17600;400;400;14900;1300;580100;606900;2644900;261900;317100;0;0;0;0;2580;1275;16076;7695;21319;0;0;0;0;0;0;0;0;7398;14788;0;0;0;0;0;0;0;0;0;0;13;0;0;1292
42;1;343;6340200;51900;76500;29500;46500;18400;400;1200;14700;1100;620900;626400;4727000;303100;317100;0;0;0;0;2580;1277;15976;7664;21234;0;0;0;0;0;0;0;0;7360;14652;0;0;0;0;0;0;0;0;0;0;13;0;0;1290
43;1;346;2673100;28100;88200;21700;28900;10700;400;400;14000;800;487400;774200;1179200;255400;231200;0;0;0;0;2580;1278;16864;8070;21727;0;0;0;0;0;0;0;0;7320;14580;0;0;0;0;0;0;0;0;0;0;14;0;0;1288
44;1;350;2655100;14000;50200;24600;26300;13000;400;400;21900;1700;583400;754000;1128600;294200;288700;0;0;0;0;2580;1273;17072;8169;21911;0;0;0;0;0;0;0;0;7415;15712;0;0;0;0;0;0;0;0;0;0;14;0;0;1293
45;1;353;4311000;19200;46000;22000;26000;10600;300;400;13700;1200;554800;571400;2966800;268100;285900;0;0;0;0;2580;1277;15976;7658;21234;0;0;0;0;0;0;0;0;7342;14688;0;0;0;0;0;0;0;0;0;0;13;0;0;1290
46;1;356;4029700;84300;162100;37700;53700;50100;1000;900;33800;3100;836600;729400;1929200;420900;414100;0;0;0;0;2580;1276;16040;7643;21286;0;0;0;0;0;0;0;0;7318;14652;0;0;0;0;0;0;0;0;0;0;13;0;0;1291
47;1;360;2291400;21800;48700;21100;43800;13800;500;1000;14100;1400;472200;698800;912900;246600;225200;0;0;0;0;2580;1278;15940;7623;21201;0;0;0;0;0;0;0;0;7311;14652;0;0;0;0;0;0;0;0;0;0;13;0;0;1289
48;1;363;2199300;13100;44300;20000;27300;12400;400;300;14600;1100;468500;657600;905400;229400;237900;0;0;0;0;2580;1275;16076;7687;21319;0;0;0;0;0;0;0;0;7380;14752;0;0;0;0;0;0;0;0;0;0;13;0;0;1292
49;1;366;2514100;12200;40200;21300;27200;8400;400;300;13600;1400;518600;808000;1025200;251300;266600;0;0;0;0;2580;1277;16872;8031;21741;0;0;0;0;0;0;0;0;7299;15584;0;0;0;0;0;0;0;0;0;0;14;0;0;1289
50;1;370;2417000;11200;38600;19400;25100;16500;400;400;12900;2000;525800;619600;1104700;263300;260800;0;0;0;0;2580;1279;15008;7251;20661;0;0;0;0;0;0;0;0;6949;14680;0;0;0;0;0;0;0;0;0;0;12;0;0;1289
51;1;373;4482400;40300;58500;28900;42900;31500;500;400;15900;3100;984500;661800;2516400;531200;452400;0;0;0;0;2580;1274;15216;7315;20845;0;0;0;0;0;0;0;0;7009;14760;0;0;0;0;0;0;0;0;0;0;12;0;0;1294
52;1;376;4719400;65400;228000;26700;32900;25600;300;600;15700;1800;885200;694400;2614400;414600;468700;0;0;0;0;2580;1276;15088;7264;20741;0;0;0;0;0;0;0;0;6962;14552;0;0;0;0;0;0;0;0;0;0;12;0;0;1292
53;1;380;2410700;17500;53200;23000;30400;13100;400;400;16800;1300;548900;647000;1018700;272100;276600;0;0;0;0;2580;1276;15116;7269;20760;0;0;0;0;0;0;0;0;6966;14652;0;0;0;0;0;0;0;0;0;0;12;0;0;1292
54;1;383;2623000;21100;62500;21100;27800;12000;400;300;16000;900;469900;949400;1004100;244100;224700;0;0;0;0;2580;1276;16012;7652;21267;0;0;0;0;0;0;0;0;6905;14488;0;0;0;0;0;0;0;0;0;0;13;0;0;1291
55;1;386;5577000;14300;45500;19600;25500;9300;500;400;14100;1000;551300;828000;4028900;258600;291900;0;0;0;0;2580;1275;16076;7726;21319;0;0;0;0;0;0;0;0;7158;14716;0;0;0;0;0;0;0;0;0;0;13;0;0;1292
56;1;390;2370300;50800;43300;53400;30700;8800;500;400;14100;1100;450900;556400;1124900;225400;225000;0;0;0;0;2580;1278;15044;7264;20694;0;0;0;0;0;0;0;0;6978;14652;0;0;0;0;0;0;0;0;0;0;12;0;0;1290
57;1;393;2672000;13600;43100;19500;26200;9300;400;400;12800;700;521600;656400;1330200;267200;252900;0;0;0;0;2580;1276;15144;7291;20779;0;0;0;0;0;0;0;0;6989;14780;0;0;0;0;0;0;0;0;0;0;12;0;0;1292
58;1;396;2591100;15700;53500;21800;26700;13900;400;400;15800;1000;556800;692400;1154200;275700;280700;0;0;0;0;2580;1277;14996;7246;20670;0;0;0;0;0;0;0;0;6944;14560;0;0;0;0;0;0;0;0;0;0;12;0;0;1291
59;1;400;2718000;15400;45000;19100;26300;10500;400;400;14700;2100;552800;699200;1295500;263400;288900;0;0;0;0;2580;1277;15108;7247;20746;0;0;0;0;0;0;0;0;6958;14680;0;0;0;0;0;0;0;0;0;0;12;0;0;1291
60;0;403;3272000;15900;47400;19400;26700;12600;400;400;16700;1800;534200;960600;1599700;250700;282600;0;0;0;0;2580;1278;15912;7650;21182;0;0;0;0;0;0;0;0;6930;15512;0;0;0;0;0;0;0;0;0;0;13;0;0;1289
61;0;406;3923200;71600;116300;32600;48100;28500;400;300;21100;2200;787600;628100;2137800;395100;389900;0;0;0;0;2580;1278;14988;7191;20656;0;0;0;0;0;0;0;0;6897;14552;0;0;0;0;0;0;0;0;0;0;12;0;0;1290
62;0;410;2930500;37000;65900;24900;30500;19900;300;400;16600;1500;729200;692800;1263300;327900;400800;0;0;0;0;2580;1276;15144;7305;20779;0;0;0;0;0;0;0;0;7008;14780;0;0;0;0;0;0;0;0;0;0;12;0;0;1292
63;0;413;2396700;14800;47300;20200;27300;10800;500;600;14400;900;518300;653200;1053500;241400;276600;0;0;0;0;2580;1278;15016;7229;20675;0;0;0;0;0;0;0;0;6934;14616;0;0;0;0;0;0;0;0;0;0;12;0;0;1290
64;0;416;2279000;13200;40400;19600;25700;9200;500;300;13900;600;453900;633600;1036700;222100;230900;0;0;0;0;2580;1277;15052;7291;20708;0;0;0;0;0;0;0;0;6980;14716;0;0;0;0;0;0;0;0;0;0;12;0;0;1291
65;0;420;2868200;13800;40400;20500;27000;9500;400;300;20200;1000;553100;1085400;1061600;263500;289100;0;0;0;0;2580;1280;15812;7621;21097;0;0;0;0;0;0;0;0;6893;14588;0;0;0;0;0;0;0;0;0;0;13;0;0;1287
66;0;423;3684000;15000;39800;19700;32200;10700;300;500;13500;1700;729600;679900;2103800;373800;355300;0;0;0;0;2580;1277;15080;7292;20727;0;0;0;0;0;0;0;0;7000;14780;0;0;0;0;0;0;0;0;0;0;12;0;0;1291
67;0;426;2972800;15300;41600;22200;27800;11700;400;600;16000;1200;523700;635300;1596900;253700;269500;0;0;0;0;2580;1279;14952;7219;20623;0;0;0;0;0;0;0;0;6925;14560;0;0;0;0;0;0;0;0;0;0;12;0;0;1289
68;0;430;2664200;18400;53300;20900;29400;15000;800;500;17600;2600;866400;611900;985300;459400;405900;0;0;0;0;2580;1280;14972;7188;20628;0;0;0;0;0;0;0;0;6894;14580;0;0;0;0;0;0;0;0;0;0;12;0;0;1288
69;0;433;2246100;14100;39000;19000;26500;8500;400;400;12400;1000;479700;649600;959100;243400;235800;0;0;0;0;2580;1276;15088;7269;20741;0;0;0;0;0;0;0;0;6985;14688;0;0;0;0;0;0;0;0;0;0;12;0;0;1292
70;0;436;2220600;13200;43300;19800;26200;11000;300;300;11900;1200;520500;637200;901400;259500;259800;0;0;0;0;2580;1278;14960;7240;20637;0;0;0;0;0;0;0;0;6952;14560;0;0;0;0;0;0;0;0;0;0;12;0;0;1290
71;0;440;2990400;11200;41300;19200;26600;9400;400;300;14500;800;522200;795000;1494100;241600;280200;0;0;0;0;2580;1277;16004;7701;21253;0;0;0;0;0;0;0;0;7337;14708;0;0;0;0;0;0;0;0;0;0;13;0;0;1290
72;0;443;3002000;15700;42700;22300;30700;10200;400;400;14500;1100;551500;652400;1621800;275300;275700;0;0;0;0;2580;1278;14960;7240;20637;0;0;0;0;0;0;0;0;6951;14660;0;0;0;0;0;0;0;0;0;0;12;0;0;1290
73;0;446;3604600;45100;64400;22100;29500;14700;400;400;14200;900;565800;607300;2190600;303300;262300;0;0;0;0;2580;1278;15072;7285;20713;0;0;0;0;0;0;0;0;7001;14744;0;0;0;0;0;0;0;0;0;0;12;0;0;1290
74;0;450;2311400;16200;48100;23200;30500;12500;400;400;15800;1400;499000;653900;970100;243600;254700;0;0;0;0;2580;1281;14852;7194;20538;0;0;0;0;0;0;0;0;6906;14552;0;0;0;0;0;0;0;0;0;0;12;0;0;1287
75;0;453;2208000;15200;46200;19500;29800;9800;400;300;14600;800;514100;610900;909800;251000;261400;0;0;0;0;2580;1277;15052;7270;20708;0;0;0;0;0;0;0;0;6987;14652;0;0;0;0;0;0;0;0;0;0;12;0;0;1291
76;0;456;2933700;10500;38700;23600;26600;8200;500;300;12200;900;527200;1332500;918500;267000;259700;0;0;0;0;2580;1276;16040;7639;21286;0;0;0;0;0;0;0;0;6957;14680;0;0;0;0;0;0;0;0;0;0;13;0;0;1291
77;0;460;2681000;11200;38200;19300;26300;13600;500;800;15700;1600;570100;621000;1328700;303700;265700;0;0;0;0;2580;1280;14888;7203;20571;0;0;0;0;0;0;0;0;6909;14624;0;0;0;0;0;0;0;0;0;0;12;0;0;1288
78;0;463;2789300;12700;41700;19100;25600;9700;400;400;12900;1300;512300;627600;1491700;258200;253300;0;0;0;0;2580;1280;14972;7206;20628;0;0;0;0;0;0;0;0;6915;14580;0;0;0;0;0;0;0;0;0;0;12;0;0;1288
79;0;466;3236000;37100;69500;26000;36600;17100;400;500;17900;1400;720400;536400;1736400;391300;327500;0;0;0;0;2580;1276;15088;7275;20741;0;0;0;0;0;0;0;0;6961;14724;0;0;0;0;0;0;0;0;0;0;12;0;0;1292
80;0;470;2358200;16000;43300;20900;28400;11100;400;400;15300;600;535200;636200;1013200;253500;281000;0;0;0;0;2580;1281;14852;7212;20538;0;0;0;0;0;0;0;0;6919;14552;0;0;0;0;0;0;0;0;0;0;12;0;0;1287
81;0;473;2134800;12600;40700;21300;25300;8800;400;400;15100;900;474100;608800;891600;241000;231700;0;0;0;0;2580;1281;14852;7176;20538;0;0;0;0;0;0;0;0;6882;14552;0;0;0;0;0;0;0;0;0;0;12;0;0;1287
82;0;476;2202700;13200;39700;19500;26100;8200;400;400;13000;900;507300;606300;935800;265200;241300;0;0;0;0;2580;1276;15116;7296;20760;0;0;0;0;0;0;0;0;7006;14716;0;0;0;0;0;0;0;0;0;0;12;0;0;1292
83;0;480;3148600;9200;37700;21600;27800;6900;400;300;13900;1900;500200;631400;1865000;250100;249300;0;0;0;0;2580;1281;14880;7192;20557;0;0;0;0;0;0;0;0;6893;14616;0;0;0;0;0;0;0;0;0;0;12;0;0;1287
84;0;483;2822700;22700;60900;23300;31500;11800;600;400;12800;2000;971800;577900;1070300;367300;602900;0;0;0;0;2580;1281;14852;7190;20538;0;0;0;0;0;0;0;0;6897;14588;0;0;0;0;0;0;0;0;0;0;12;0;0;1287
85;0;486;3091200;17700;102400;21700;31600;25000;400;1000;20200;2700;819500;597500;1408000;420500;398700;0;0;0;0;2580;1278;15016;7220;20675;0;0;0;0;0;0;0;0;6934;14588;0;0;0;0;0;0;0;0;0;0;12;0;0;1290
86;0;490;2551900;22700;53200;23300;62600;16600;400;400;17100;1300;611100;706900;1000500;325300;284900;0;0;0;0;2580;1278;14988;7236;20656;0;0;0;0;0;0;0;0;6944;14688;0;0;0;0;0;0;0;0;0;0;12;0;0;1290
87;0;493;2268200;11700;40300;19800;29200;6800;400;700;13700;900;523900;623700;961300;276000;244500;0;0;0;0;2580;1279;14952;7262;20623;0;0;0;0;0;0;0;0;6960;14552;0;0;0;0;0;0;0;0;0;0;12;0;0;1289
88;0;496;2962100;12000;44600;27600;29600;7400;400;200;13600;1800;524100;554900;1712600;265000;258400;0;0;0;0;2580;1276;15116;7336;20760;0;0;0;0;0;0;0;0;7042;14816;0;0;0;0;0;0;0;0;0;0;12;0;0;1292
89;0;500;2999500;24000;130100;25400;33700;19900;400;500;19000;2400;634100;1053200;1014300;335300;298300;0;0;0;0;2580;1282;14816;7175;20505;0;0;0;0;0;0;0;0;6882;14552;0;0;0;0;0;0;0;0;0;0;12;0;0;1286
90;0;503;2304200;31000;41000;26600;26200;11000;400;400;13700;3100;494600;676300;942600;238700;255000;0;0;0;0;2580;1280;14944;7208;20609;0;0;0;0;0;0;0;0;6917;14616;0;0;0;0;0;0;0;0;0;0;12;0;0;1288
91;0;506;2141800;8300;38400;19000;30800;9200;300;400;13700;900;498100;550300;935800;257600;239500;0;0;0;0;2580;1278;14988;7233;20656;0;0;0;0;0;0;0;0;6937;14624;0;0;0;0;0;0;0;0;0;0;12;0;0;1290
92;0;510;2090300;7300;35500;19200;23600;5100;300;300;11900;500;446900;555700;948400;239400;206900;0;0;0;0;2580;1282;14788;7150;20486;0;0;0;0;0;0;0;0;6845;14452;0;0;0;0;0;0;0;0;0;0;12;0;0;1286
93;0;513;2271000;6700;35000;19300;23500;5200;400;300;12400;500;474200;607300;1028000;224300;249000;0;0;0;0;2580;1277;15080;7319;20727;0;0;0;0;0;0;0;0;7027;14780;0;0;0;0;0;0;0;0;0;0;12;0;0;1291
94;0;516;3009600;7900;40400;20400;35800;16200;300;200;14800;1600;787000;583300;1462200;377600;408900;0;0;0;0;2580;1280;14888;7247;20571;0;0;0;0;0;0;0;0;6941;14652;0;0;0;0;0;0;0;0;0;0;12;0;0;1288
95;0;520;3297700;15100;37000;21400;26100;6700;500;800;83200;700;456100;599500;1998800;208500;246800;0;0;0;0;2580;1278;15044;7304;20694;0;0;0;0;0;0;0;0;7007;14716;0;0;0;0;0;0;0;0;0;0;12;0;0;1290
96;0;523;2355400;24600;52200;21000;27400;13000;400;400;13600;1100;543400;630800;989200;268600;273800;0;0;0;0;2580;1281;14880;7229;20557;0;0;0;0;0;0;0;0;6933;14552;0;0;0;0;0;0;0;0;0;0;12;0;0;1287
97;0;526;3311100;9100;35000;19600;26200;10900;300;600;23900;1400;491200;617700;2009100;241500;248300;0;0;0;0;2580;1278;14988;7259;20656;0;0;0;0;0;0;0;0;6959;14624;0;0;0;0;0;0;0;0;0;0;12;0;0;1290
98;0;530;2606200;11200;40300;21400;29200;15600;400;400;14100;800;486800;564700;1345100;239200;246600;0;0;0;0;2580;1277;15080;7236;20727;0;0;0;0;0;0;0;0;6949;14616;0;0;0;0;0;0;0;0;0;0;12;0;0;1291
99;0;533;2119800;12100;45200;19900;28300;10700;400;500;14000;1200;497600;601600;851900;254600;242800;0;0;0;0;2580;1283;14752;7152;20453;0;0;0;0;0;0;0;0;6866;14452;0;0;0;0;0;0;0;0;0;0;12;0;0;1285
100;0;536;2024100;10300;39800;27800;30600;8200;400;400;14900;1900;443500;598200;814500;218800;224200;0;0;0;0;2580;1276;15060;7271;20722;0;0;0;0;0;0;0;0;6971;14724;0;0;0;0;0;0;0;0;0;0;12;0;0;1292
101;0;540;1966700;7300;45000;19100;25000;6300;400;400;12800;700;422700;587100;808900;217600;204200;0;0;0;0;2580;1281;14880;7190;20557;0;0;0;0;0;0;0;0;6892;14580;0;0;0;0;0;0;0;0;0;0;12;0;0;1287
102;0;543;3390900;8300;37200;65400;27500;7800;400;300;13500;700;553600;691000;1954200;279800;273000;0;0;0;0;2580;1281;14852;7248;20538;0;0;0;0;0;0;0;0;6964;14552;0;0;0;0;0;0;0;0;0;0;12;0;0;1287
103;0;546;2962000;21900;47200;19600;25600;7400;400;500;15100;800;632100;588700;1566800;299500;332000;0;0;0;0;2580;1280;14860;7233;20552;0;0;0;0;0;0;0;0;6949;14624;0;0;0;0;0;0;0;0;0;0;12;0;0;1288
104;0;550;3161700;34800;84800;26500;37700;16200;400;1000;21200;1600;691400;531500;1674400;388200;302900;0;0;0;0;2580;1281;14880;7205;20557;0;0;0;0;0;0;0;0;6922;14580;0;0;0;0;0;0;0;0;0;0;12;0;0;1287
105;0;553;2444300;18800;55100;22000;28300;19400;500;400;13500;1100;552300;651900;1043400;265900;285700;0;0;0;0;2580;1278;14988;7307;20656;0;0;0;0;0;0;0;0;7021;14716;0;0;0;0;0;0;0;0;0;0;12;0;0;1290
106;0;556;2363800;17000;46000;28800;27700;10000;400;400;14200;1100;498400;630200;1050000;249800;247900;0;0;0;0;2580;1281;14824;7195;20519;0;0;0;0;0;0;0;0;6914;14552;0;0;0;0;0;0;0;0;0;0;12;0;0;1287
107;0;560;2652300;13700;44400;20600;26300;9500;300;400;13900;1100;511700;692800;1281400;260600;250400;0;0;0;0;2580;1281;14880;7220;20557;0;0;0;0;0;0;0;0;6938;14616;0;0;0;0;0;0;0;0;0;0;12;0;0;1287
108;0;563;2165900;14500;40700;26900;26100;8000;500;400;12400;5500;443800;610100;940700;221800;221400;0;0;0;0;2580;1282;14788;7200;20486;0;0;0;0;0;0;0;0;6917;14588;0;0;0;0;0;0;0;0;0;0;12;0;0;1286
109;0;566;2273300;8700;37500;19200;26100;6500;400;400;13300;1100;487500;594400;1015200;238500;248100;0;0;0;0;2580;1283;14724;7155;20434;0;0;0;0;0;0;0;0;6857;14524;0;0;0;0;0;0;0;0;0;0;12;0;0;1285
110;0;570;3396900;7900;36500;21400;27700;7300;400;300;13900;1100;485300;591900;2161000;236300;247500;0;0;0;0;2580;1277;15080;7345;20727;0;0;0;0;0;0;0;0;7058;14716;0;0;0;0;0;0;0;0;0;0;12;0;0;1291
111;0;573;2532700;12800;47400;20500;28100;10500;300;400;14400;1400;550100;578500;1207800;303600;245500;0;0;0;0;2580;1283;14724;7157;20434;0;0;0;0;0;0;0;0;6858;14488;0;0;0;0;0;0;0;0;0;0;12;0;0;1285
112;0;576;2186200;10600;45500;20600;26900;8900;300;700;13100;1100;523800;624700;875700;264900;258300;0;0;0;0;2580;1280;14888;7248;20571;0;0;0;0;0;0;0;0;6947;14688;0;0;0;0;0;0;0;0;0;0;12;0;0;1288
113;0;580;2088300;11900;39200;22000;25400;9500;400;300;12600;700;486900;596700;850500;238800;247300;0;0;0;0;2580;1280;14916;7194;20590;0;0;0;0;0;0;0;0;6916;14616;0;0;0;0;0;0;0;0;0;0;12;0;0;1288
114;0;583;2175900;9800;37900;19100;27700;6600;300;300;11500;700;557900;595200;874700;236000;321300;0;0;0;0;2580;1282;14816;7188;20505;0;0;0;0;0;0;0;0;6902;14488;0;0;0;0;0;0;0;0;0;0;12;0;0;1286
115;0;586;2158700;10200;38800;22500;28400;7900;400;700;12700;1200;465900;591000;943700;240300;225100;0;0;0;0;2580;1282;14816;7214;20505;0;0;0;0;0;0;0;0;6921;14580;0;0;0;0;0;0;0;0;0;0;12;0;0;1286
116;0;590;2291400;8800;35900;31600;24300;6600;300;200;12500;700;522400;589100;1009700;265000;256500;0;0;0;0;2580;1280;14860;7215;20552;0;0;0;0;0;0;0;0;6923;14552;0;0;0;0;0;0;0;0;0;0;12;0;0;1288
117;0;593;3200800;7500;34400;21300;26100;5000;400;500;12300;800;501800;558800;2000500;239700;261200;0;0;0;0;2580;1279;14980;7334;20642;0;0;0;0;0;0;0;0;7019;14744;0;0;0;0;0;0;0;0;0;0;12;0;0;1289
118;0;596;2536700;7100;40600;22800;36400;7500;300;300;13000;6500;508000;594300;1261300;314000;193100;0;0;0;0;2580;1282;14760;7164;20467;0;0;0;0;0;0;0;0;6851;14488;0;0;0;0;0;0;0;0;0;0;12;0;0;1286
119;0;600;2118000;12400;49800;19900;27400;8600;400;400;13600;1500;431500;655700;859100;218500;212400;0;0;0;0;2580;1279;14952;7228;20623;0;0;0;0;0;0;0;0;6929;14652;0;0;0;0;0;0;0;0;0;0;12;0;0;1289
120;0;603;2398400;11400;39100;21400;24900;7000;400;300;12800;900;434000;720900;1094800;221300;212100;0;0;0;0;2580;1282;14816;7195;20505;0;0;0;0;0;0;0;0;6901;14516;0;0;0;0;0;0;0;0;0;0;12;0;0;1286
121;0;606;2548500;14800;49300;20500;29300;11300;400;700;14100;1200;841500;652100;879500;333000;507500;0;0;0;0;2580;1281;14824;7184;20519;0;0;0;0;0;0;0;0;6891;14524;0;0;0;0;0;0;0;0;0;0;12;0;0;1287
122;0;610;2424300;8600;36600;19400;28100;7300;300;800;12700;800;464100;846200;969600;228500;235200;0;0;0;0;2580;1281;14880;7210;20557;0;0;0;0;0;0;0;0;6905;14616;0;0;0;0;0;0;0;0;0;0;12;0;0;1287
123;0;613;3371100;7600;34600;19100;24600;7000;300;300;12900;800;503900;674800;1981700;247000;256100;0;0;0;0;2580;1280;14860;7176;20552;0;0;0;0;0;0;0;0;6850;14552;0;0;0;0;0;0;0;0;0;0;12;0;0;1288
124;0;616;3208700;10400;37500;19800;26100;7900;500;500;13400;700;520900;1608900;927300;252700;267300;0;0;0;0;2580;1279;14952;7233;20623;0;0;0;0;0;0;0;0;6921;14580;0;0;0;0;0;0;0;0;0;0;12;0;0;1289
125;0;620;2244800;12500;39300;19600;24800;9000;300;400;13300;1500;474300;726100;887000;241000;232100;0;0;0;0;2580;1285;14652;7136;20368;0;0;0;0;0;0;0;0;6828;14452;0;0;0;0;0;0;0;0;0;0;12;0;0;1283
126;0;623;2689900;10800;38700;20400;26300;8700;400;300;13600;700;460600;754900;1323300;226400;233100;0;0;0;0;2580;1279;14980;7289;20642;0;0;0;0;0;0;0;0;6972;14780;0;0;0;0;0;0;0;0;0;0;12;0;0;1289
127;0;626;2257300;10500;38200;19200;25500;7100;300;300;11900;900;499400;710000;897700;248500;250100;0;0;0;0;2580;1281;14852;7171;20538;0;0;0;0;0;0;0;0;6876;14516;0;0;0;0;0;0;0;0;0;0;12;0;0;1287
128;0;630;2348600;7700;34700;21700;25600;6400;400;400;13800;700;459200;639400;984100;231800;225900;0;0;0;0;2580;1283;14752;7211;20453;0;0;0;0;0;0;0;0;6910;14488;0;0;0;0;0;0;0;0;0;0;12;0;0;1285
129;0;633;2380100;9700;35300;19100;24700;6100;400;300;13800;600;507900;661600;993800;246500;261000;0;0;0;0;2580;1281;14852;7214;20538;0;0;0;0;0;0;0;0;6890;14616;0;0;0;0;0;0;0;0;0;0;12;0;0;1287
130;0;636;3695800;8300;34600;21400;26400;8000;400;400;13800;800;542700;714500;2176300;261300;280900;0;0;0;0;2580;1283;14724;7159;20434;0;0;0;0;0;0;0;0;6864;14488;0;0;0;0;0;0;0;0;0;0;12;0;0;1285
131;0;640;2617500;17100;48000;19600;25100;8300;400;400;13700;800;511400;596700;1283100;263400;247600;0;0;0;0;2580;1283;14724;7180;20434;0;0;0;0;0;0;0;0;6866;14552;0;0;0;0;0;0;0;0;0;0;12;0;0;1285
132;0;643;2821100;11900;41000;19100;26600;9300;300;600;12600;1200;499300;1166800;996300;248400;250000;0;0;0;0;2580;1283;14752;7201;20453;0;0;0;0;0;0;0;0;6877;14580;0;0;0;0;0;0;0;0;0;0;12;0;0;1285
133;0;646;2388700;11100;39200;22000;28300;9400;600;500;14300;1100;478800;730100;1019600;238800;239600;0;0;0;0;2580;1281;14852;7243;20538;0;0;0;0;0;0;0;0;6937;14652;0;0;0;0;0;0;0;0;0;0;12;0;0;1287
134;0;650;2412200;11100;39300;19900;26000;8300;400;300;15100;1800;492400;657400;1109100;244100;247300;0;0;0;0;2580;1283;14724;7132;20434;0;0;0;0;0;0;0;0;6799;14452;0;0;0;0;0;0;0;0;0;0;12;0;0;1285
135;0;653;2529700;10100;39900;20600;25000;14900;400;600;14800;1400;540400;680100;1148500;273000;265700;0;0;0;0;2580;1280;14888;7283;20571;0;0;0;0;0;0;0;0;6962;14716;0;0;0;0;0;0;0;0;0;0;12;0;0;1288
136;0;656;3661000;13400;38500;20300;25600;6300;400;300;13200;1000;509000;607900;2372700;250000;258500;0;0;0;0;2580;1280;14888;7258;20571;0;0;0;0;0;0;0;0;6945;14552;0;0;0;0;0;0;0;0;0;0;12;0;0;1288
137;0;660;2589300;9100;37000;21400;26300;6600;400;400;14000;1100;571100;692500;1173200;345200;225000;0;0;0;0;2580;1283;14780;7216;20472;0;0;0;0;0;0;0;0;6925;14516;0;0;0;0;0;0;0;0;0;0;12;0;0;1285
138;0;663;2213300;13200;44300;19300;27700;9700;400;800;14100;1200;447700;663100;937500;236400;210600;0;0;0;0;2580;1283;14752;7200;20453;0;0;0;0;0;0;0;0;6902;14516;0;0;0;0;0;0;0;0;0;0;12;0;0;1285
139;0;666;2201800;11000;41500;21600;34600;9100;400;300;13800;700;484300;642400;909500;240400;242600;0;0;0;0;2580;1284;14688;7179;20401;0;0;0;0;0;0;0;0;6882;14552;0;0;0;0;0;0;0;0;0;0;12;0;0;1284
140;0;670;2156200;8900;40100;19200;25000;7400;400;400;12400;700;439400;669800;901000;224200;214400;0;0;0;0;2580;1283;14752;7186;20453;0;0;0;0;0;0;0;0;6898;14488;0;0;0;0;0;0;0;0;0;0;12;0;0;1285
141;0;673;2394900;9000;38100;21100;25100;8400;300;500;13300;800;572700;653400;1019900;256700;315500;0;0;0;0;2580;1278;14960;7200;20637;0;0;0;0;0;0;0;0;6908;14552;0;0;0;0;0;0;0;0;0;0;12;0;0;1290
142;0;676;3390400;7100;35500;19300;24300;7400;300;400;12500;800;489400;696700;1963300;221800;266400;0;0;0;0;2580;1280;14916;7252;20590;0;0;0;0;0;0;0;0;6951;14616;0;0;0;0;0;0;0;0;0;0;12;0;0;1288
143;0;680;3069100;13000;38800;22400;27000;9000;500;400;13200;1300;505400;789700;1612100;256200;248500;0;0;0;0;2580;1285;14652;7159;20368;0;0;0;0;0;0;0;0;6866;14516;0;0;0;0;0;0;0;0;0;0;12;0;0;1283
144;0;683;2335900;16400;44200;20100;27700;8800;400;400;12400;800;504400;737900;926500;256900;247000;0;0;0;0;2580;1281;14852;7206;20538;0;0;0;0;0;0;0;0;6882;14588;0;0;0;0;0;0;0;0;0;0;12;0;0;1287
145;0;686;2232100;12200;38700;20700;24800;8700;400;300;13000;1000;510000;707600;860300;252500;256700;0;0;0;0;2580;1284;14688;7184;20401;0;0;0;0;0;0;0;0;6886;14516;0;0;0;0;0;0;0;0;0;0;12;0;0;1284
146;0;690;2127200;9000;38200;19000;25000;7200;400;300;12000;1000;465600;681500;835200;241900;223100;0;0;0;0;2580;1284;14688;7149;20401;0;0;0;0;0;0;0;0;6845;14516;0;0;0;0;0;0;0;0;0;0;12;0;0;1284
147;0;693;2195300;9800;38300;19000;25800;8200;400;400;12900;600;447900;690100;909400;233500;213900;0;0;0;0;2580;1281;14796;7196;20500;0;0;0;0;0;0;0;0;6897;14488;0;0;0;0;0;0;0;0;0;0;12;0;0;1287
148;0;696;2281400;6600;35000;19300;24200;6700;400;300;13500;600;475000;659200;928800;230200;243800;0;0;0;0;2580;1281;14852;7245;20538;0;0;0;0;0;0;0;0;6948;14580;0;0;0;0;0;0;0;0;0;0;12;0;0;1287
149;0;700;3611100;7800;35000;18900;24700;7000;400;400;13100;1000;490200;660600;2320200;229500;259700;0;0;0;0;2580;1281;14824;7225;20519;0;0;0;0;0;0;0;0;6925;14588;0;0;0;0;0;0;0;0;0;0;12;0;0;1287
150;0;703;2920900;11600;41500;21300;298000;9900;700;600;15200;1200;788500;741700;951400;484400;303400;0;0;0;0;2580;1285;14652;7168;20368;0;0;0;0;0;0;0;0;6871;14516;0;0;0;0;0;0;0;0;0;0;12;0;0;1283
151;0;706;2351500;12700;36700;19100;25800;9500;400;400;13600;1400;555400;734000;907600;292400;262300;0;0;0;0;2580;1283;14752;7177;20453;0;0;0;0;0;0;0;0;6872;14516;0;0;0;0;0;0;0;0;0;0;12;0;0;1285
152;0;710;2231500;10200;38800;19000;25900;8000;400;600;13900;1800;470100;742300;866400;242100;227600;0;0;0;0;2580;1282;14732;7156;20448;0;0;0;0;0;0;0;0;6855;14488;0;0;0;0;0;0;0;0;0;0;12;0;0;1286
153;0;713;2217300;8300;35300;19200;25100;6800;300;400;14000;600;533800;699300;842400;264000;269100;0;0;0;0;2580;1283;14752;7216;20453;0;0;0;0;0;0;0;0;6923;14516;0;0;0;0;0;0;0;0;0;0;12;0;0;1285
154;0;716;2539500;9900;35300;19000;23700;8500;400;400;11900;1400;706200;734600;956100;233600;370500;0;0;0;0;2580;1281;14824;7212;20519;0;0;0;0;0;0;0;0;6923;14552;0;0;0;0;0;0;0;0;0;0;12;0;0;1287
155;0;720;3363300;8600;34400;20600;25400;7800;300;400;12900;700;526600;661200;1957500;256900;268300;0;0;0;0;2580;1281;14852;7217;20538;0;0;0;0;0;0;0;0;6928;14616;0;0;0;0;0;0;0;0;0;0;12;0;0;1287
156;0;723;3478000;13000;43300;21400;41300;9300;300;400;14200;1100;603300;765900;1899500;282800;319400;0;0;0;0;2580;1284;14688;7165;20401;0;0;0;0;0;0;0;0;6887;14552;0;0;0;0;0;0;0;0;0;0;12;0;0;1284
157;0;726;2398400;17500;46600;20200;26400;10400;400;400;13800;1100;515800;739800;971100;259900;255400;0;0;0;0;2580;1282;14816;7216;20505;0;0;0;0;0;0;0;0;6924;14552;0;0;0;0;0;0;0;0;0;0;12;0;0;1286
158;0;730;2538000;13900;43000;19800;26700;8300;400;300;12200;900;540000;724800;1109300;266100;273000;0;0;0;0;2580;1281;14824;7205;20519;0;0;0;0;0;0;0;0;6910;14516;0;0;0;0;0;0;0;0;0;0;12;0;0;1287
159;0;733;2685300;17400;51400;19400;27100;9600;400;400;13600;1400;491300;761400;1258000;257100;233200;0;0;0;0;2580;1283;14724;7170;20434;0;0;0;0;0;0;0;0;6861;14488;0;0;0;0;0;0;0;0;0;0;12;0;0;1285
160;0;736;2911200;16100;40200;19400;24500;9400;400;500;14500;900;1059600;531400;1159800;663000;395500;0;0;0;0;2580;1283;14752;7161;20453;0;0;0;0;0;0;0;0;6857;14516;0;0;0;0;0;0;0;0;0;0;12;0;0;1285
161;0;740;7252800;15600;46800;23300;27800;10700;400;400;14200;1300;560700;633300;5846600;283500;276700;0;0;0;0;2580;1283;14724;7180;20434;0;0;0;0;0;0;0;0;6882;14552;0;0;0;0;0;0;0;0;0;0;12;0;0;1285
162;0;743;6248000;35900;61600;25200;31000;18900;500;500;14500;1200;815900;716400;4406000;381400;434000;0;0;0;0;2580;1284;14688;7169;20401;0;0;0;0;0;0;0;0;6876;14552;0;0;0;0;0;0;0;0;0;0;12;0;0;1284
163;0;746;4960100;16300;47100;23700;67200;32200;600;900;27500;4100;745100;530900;3404900;470700;273700;0;0;0;0;2580;1284;14688;7146;20401;0;0;0;0;0;0;0;0;6849;14488;0;0;0;0;0;0;0;0;0;0;12;0;0;1284
164;0;750;6669300;30600;73300;28400;38400;16500;400;500;20800;1900;803800;797500;4802600;329500;473600;0;0;0;0;2580;1283;14752;7200;20453;0;0;0;0;0;0;0;0;6909;14580;0;0;0;0;0;0;0;0;0;0;12;0;0;1285
165;0;753;4485900;59600;136900;34900;49600;31000;500;1500;24400;5800;866300;660500;2481100;445400;420000;0;0;0;0;2580;1281;14824;7188;20519;0;0;0;0;0;0;0;0;6896;14516;0;0;0;0;0;0;0;0;0;0;12;0;0;1287
166;0;756;2792800;19900;53600;23100;29300;12000;400;400;15600;1600;644700;755000;1203300;396500;247800;0;0;0;0;2580;1283;14724;7173;20434;0;0;0;0;0;0;0;0;6879;14552;0;0;0;0;0;0;0;0;0;0;12;0;0;1285
167;0;760;3403000;21500;48500;20300;26500;10500;400;400;14200;1200;915600;724000;1551800;311600;603300;0;0;0;0;2580;1282;14788;7217;20486;0;0;0;0;0;0;0;0;6912;14580;0;0;0;0;0;0;0;0;0;0;12;0;0;1286
168;0;763;7076000;23100;45500;23100;28300;13200;400;800;25900;7900;695100;679900;5392600;396300;297700;0;0;0;0;2580;1284;14688;7184;20401;0;0;0;0;0;0;0;0;6882;14488;0;0;0;0;0;0;0;0;0;0;12;0;0;1284
169;0;766;5817200;44400;112700;28900;49800;23000;500;300;25300;2000;841800;709300;3941200;420800;419900;0;0;0;0;2580;1284;14688;7155;20401;0;0;0;0;0;0;0;0;6856;14452;0;0;0;0;0;0;0;0;0;0;12;0;0;1284
170;0;770;3079700;25200;49200;23800;30300;11200;1200;1500;12900;1900;754600;613000;1433300;289200;464300;0;0;0;0;2580;1282;14760;7219;20467;0;0;0;0;0;0;0;0;6931;14552;0;0;0;0;0;0;0;0;0;0;12;0;0;1286
171;0;773;2467300;22300;56100;21000;29700;13600;900;400;14200;1700;552500;681700;1035200;269200;282500;0;0;0;0;2580;1285;14624;7118;20349;0;0;0;0;0;0;0;0;6815;14452;0;0;0;0;0;0;0;0;0;0;12;0;0;1283
172;0;776;2749800;104000;51500;24200;28400;13100;800;300;16200;2100;556700;680200;1235300;271500;284300;0;0;0;0;2580;1283;14752;7184;20453;0;0;0;0;0;0;0;0;6882;14580;0;0;0;0;0;0;0;0;0;0;12;0;0;1285
173;0;780;2635300;19800;62100;22800;30700;14800;400;500;14400;1500;635400;676900;1120100;313300;321200;0;0;0;0;2580;1282;14788;7208;20486;0;0;0;0;0;0;0;0;6912;14552;0;0;0;0;0;0;0;0;0;0;12;0;0;1286
174;0;783;2542600;14300;45700;20500;28000;11400;300;400;14100;900;482300;673800;1216900;254500;226700;0;0;0;0;2580;1284;14716;7176;20420;0;0;0;0;0;0;0;0;6891;14516;0;0;0;0;0;0;0;0;0;0;12;0;0;1284
175;0;786;2923400;12300;40500;22600;36100;9400;500;400;16300;800;550900;681700;1517400;275100;274000;0;0;0;0;2580;1283;14724;7192;20434;0;0;0;0;0;0;0;0;6901;14588;0;0;0;0;0;0;0;0;0;0;12;0;0;1285
176;0;790;3570700;19200;51000;21400;27100;9400;300;400;14500;2100;686400;679300;1955000;282400;403400;0;0;0;0;2580;1283;14752;7144;20453;0;0;0;0;0;0;0;0;6842;14516;0;0;0;0;0;0;0;0;0;0;12;0;0;1285
177;0;793;2652700;17000;44600;20800;26000;9300;300;500;13800;1100;576400;707000;1202800;270900;304900;0;0;0;0;2580;1282;14788;7184;20486;0;0;0;0;0;0;0;0;6890;14552;0;0;0;0;0;0;0;0;0;0;12;0;0;1286
178;0;796;2559500;20500;42700;22900;27100;9600;400;600;13000;700;596900;736800;1054400;267200;328100;0;0;0;0;2580;1286;14588;7144;20316;0;0;0;0;0;0;0;0;6836;14452;0;0;0;0;0;0;0;0;0;0;12;0;0;1282
179;0;800;2301500;12800;41800;19400;26900;8000;500;300;13500;700;502700;665200;975500;257000;244300;0;0;0;0;2580;1282;14816;7186;20505;0;0;0;0;0;0;0;0;6882;14516;0;0;0;0;0;0;0;0;0;0;12;0;0;1286
180;0;803;2371800;22600;48300;21800;29300;9200;500;600;15700;800;537000;635900;1017600;254400;281800;0;0;0;0;2580;1282;14760;7230;20467;0;0;0;0;0;0;0;0;6936;14588;0;0;0;0;0;0;0;0;0;0;12;0;0;1286
181;0;806;2481700;11000;39500;19600;26300;8600;400;300;14500;1000;517300;631300;1177800;279400;237000;0;0;0;0;2580;1283;14780;7221;20472;0;0;0;0;0;0;0;0;6915;14452;0;0;0;0;0;0;0;0;0;0;12;0;0;1285
182;0;810;3342900;14200;47300;22700;28300;10600;700;400;14100;900;587600;608600;1966400;299500;287200;0;0;0;0;2580;1284;14660;7144;20382;0;0;0;0;0;0;0;0;6837;14488;0;0;0;0;0;0;0;0;0;0;12;0;0;1284
183;0;813;2492800;16100;43000;19900;26500;9900;500;400;13300;1000;586500;555500;1183600;257200;328300;0;0;0;0;2580;1282;14760;7154;20467;0;0;0;0;0;0;0;0;6847;14516;0;0;0;0;0;0;0;0;0;0;12;0;0;1286
184;0;816;2284200;13100;39800;19200;25800;8000;400;400;14200;1100;473300;571200;1084000;226300;246000;0;0;0;0;2580;1283;14752;7193;20453;0;0;0;0;0;0;0;0;6898;14616;0;0;0;0;0;0;0;0;0;0;12;0;0;1285
185;0;820;2359400;12200;39300;27400;26700;8300;400;800;14400;900;558700;576600;1059500;297500;260500;0;0;0;0;2580;1285;14624;7127;20349;0;0;0;0;0;0;0;0;6822;14452;0;0;0;0;0;0;0;0;0;0;12;0;0;1283
186;0;823;2538100;10100;41600;19400;24700;8200;300;400;13000;800;493100;549100;1345400;250600;242000;0;0;0;0;2580;1283;14780;7204;20472;0;0;0;0;0;0;0;0;6896;14644;0;0;0;0;0;0;0;0;0;0;12;0;0;1285
187;0;826;2407200;12100;43800;21300;29100;11000;600;500;15200;800;539900;583800;1115200;279500;259500;0;0;0;0;2580;1285;14624;7150;20349;0;0;0;0;0;0;0;0;6835;14488;0;0;0;0;0;0;0;0;0;0;12;0;0;1283
188;0;830;2930100;12300;41600;19900;28500;11300;400;600;13900;700;699900;598900;1425900;289700;409700;0;0;0;0;2580;1283;14752;7178;20453;0;0;0;0;0;0;0;0;6870;14452;0;0;0;0;0;0;0;0;0;0;12;0;0;1285
189;0;833;3225600;12200;44300;22400;27900;10700;300;400;14100;1400;591700;639100;1788900;294700;295900;0;0;0;0;2580;1283;14724;7170;20434;0;0;0;0;0;0;0;0;6873;14552;0;0;0;0;0;0;0;0;0;0;12;0;0;1285
190;0;836;2558800;17800;50800;20400;28100;9900;400;500;14100;1900;643300;554000;1180100;269100;373400;0;0;0;0;2580;1286;14588;7129;20316;0;0;0;0;0;0;0;0;6835;14452;0;0;0;0;0;0;0;0;0;0;12;0;0;1282
191;0;840;2559500;15000;53800;19500;27000;8500;400;400;15300;500;529100;609100;1247600;268100;260200;0;0;0;0;2580;1282;14760;7177;20467;0;0;0;0;0;0;0;0;6868;14552;0;0;0;0;0;0;0;0;0;0;12;0;0;1286
192;0;843;2381700;14100;44900;21800;25600;8300;400;600;13300;1000;577100;544600;1097800;271100;305300;0;0;0;0;2580;1285;14652;7161;20368;0;0;0;0;0;0;0;0;6850;14516;0;0;0;0;0;0;0;0;0;0;12;0;0;1283
193;0;846;2697400;11600;43600;20200;33900;7400;300;400;13200;1700;553400;649000;1328900;276400;275300;0;0;0;0;2580;1283;14752;7166;20453;0;0;0;0;0;0;0;0;6869;14488;0;0;0;0;0;0;0;0;0;0;12;0;0;1285
194;0;850;2799200;12300;45400;21900;27900;8900;400;400;12400;800;653200;640300;1337200;348700;303800;0;0;0;0;2580;1284;14660;7154;20382;0;0;0;0;0;0;0;0;6843;14488;0;0;0;0;0;0;0;0;0;0;12;0;0;1284
195;0;853;3160100;15100;41400;20700;26600;11100;400;1000;13000;2000;555200;672000;1735400;275700;278300;0;0;0;0;2580;1282;14816;7230;20505;0;0;0;0;0;0;0;0;6916;14580;0;0;0;0;0;0;0;0;0;0;12;0;0;1286
196;0;856;3853400;16300;41400;22100;29200;18400;400;500;16200;1300;560900;672600;2434400;259200;292900;0;0;0;0;2580;1283;14752;7186;20453;0;0;0;0;0;0;0;0;6867;14488;0;0;0;0;0;0;0;0;0;0;12;0;0;1285
197;0;860;3573500;11600;123100;32300;49800;36900;400;500;28300;6100;905100;623700;1685800;478500;426100;0;0;0;0;2580;1285;14652;7161;20368;0;0;0;0;0;0;0;0;6857;14516;0;0;0;0;0;0;0;0;0;0;12;0;0;1283
198;0;863;2700900;12800;38500;17700;23800;8200;1200;600;11400;700;634900;561600;1344600;320500;313500;0;0;0;0;2580;1282;14788;7233;20486;0;0;0;0;0;0;0;0;6923;14552;0;0;0;0;0;0;0;0;0;0;12;0;0;1286
199;0;866;2439100;11300;39700;21100;29000;12600;300;400;13100;1200;447200;784100;1047800;217600;228400;0;0;0;0;2580;1285;14652;7161;20368;0;0;0;0;0;0;0;0;6846;14452;0;0;0;0;0;0;0;0;0;0;12;0;0;1283
200;0;870;2238800;9000;38700;19300;26500;7400;1000;500;13000;700;501700;582700;964400;243800;257400;0;0;0;0;2580;1286;14588;7120;20316;0;0;0;0;0;0;0;0;6821;14452;0;0;0;0;0;0;0;0;0;0;12;0;0;1282
201;0;873;3377600;7700;35800;21800;26400;8100;400;300;21600;900;479200;574700;2149100;233800;244800;0;0;0;0;2580;1283;14696;7121;20415;0;0;0;0;0;0;0;0;6831;14488;0;0;0;0;0;0;0;0;0;0;12;0;0;1285
202;0;876;4653700;13500;44800;20900;27100;11600;400;300;13100;1600;578100;544300;3330900;272800;304200;0;0;0;0;2580;1284;14716;7167;20420;0;0;0;0;0;0;0;0;6859;14516;0;0;0;0;0;0;0;0;0;0;12;0;0;1284
203;0;880;3414900;12900;53400;26800;29700;9100;1200;500;15200;900;460500;470900;2282300;236000;224300;0;0;0;0;2580;1284;14688;7185;20401;0;0;0;0;0;0;0;0;6874;14552;0;0;0;0;0;0;0;0;0;0;12;0;0;1284
204;0;883;2223800;16300;48100;17300;23900;8400;500;400;14300;1000;477400;707900;876900;246300;230700;0;0;0;0;2580;1284;14716;7166;20420;0;0;0;0;0;0;0;0;6875;14516;0;0;0;0;0;0;0;0;0;0;12;0;0;1284
205;0;886;2309000;16300;37400;18500;21800;6600;400;400;12000;1000;517500;622700;1010100;257200;258600;0;0;0;0;2580;1282;14788;7178;20486;0;0;0;0;0;0;0;0;6874;14616;0;0;0;0;0;0;0;0;0;0;12;0;0;1286
206;0;890;3047600;8300;42100;19600;26200;15400;400;400;13300;700;503600;539600;1844800;244100;258500;0;0;0;0;2580;1284;14688;7174;20401;0;0;0;0;0;0;0;0;6872;14516;0;0;0;0;0;0;0;0;0;0;12;0;0;1284
207;0;893;4507300;10400;43800;39500;47800;21300;1500;800;23500;4000;666200;564800;3043600;294800;370500;0;0;0;0;2580;1286;14588;7116;20316;0;0;0;0;0;0;0;0;6822;14452;0;0;0;0;0;0;0;0;0;0;12;0;0;1282
208;0;896;2783200;11900;40400;18600;26300;11200;500;600;16600;1600;566200;601300;1442600;242600;323100;0;0;0;0;2580;1282;14816;7165;20505;0;0;0;0;0;0;0;0;6860;14552;0;0;0;0;0;0;0;0;0;0;12;0;0;1286
209;0;900;2346000;22900;54500;22100;26900;11500;400;400;14800;1000;614900;637600;905800;303400;310600;0;0;0;0;2580;1287;14524;7140;20264;0;0;0;0;0;0;0;0;6838;14452;0;0;0;0;0;0;0;0;0;0;12;0;0;1281
210;0;903;2248000;8700;39700;17600;22000;7500;300;300;12300;900;467600;632900;1002000;223300;243500;0;0;0;0;2580;1284;14688;7166;20401;0;0;0;0;0;0;0;0;6862;14552;0;0;0;0;0;0;0;0;0;0;12;0;0;1284
211;0;906;2991400;11200;42500;20900;25200;7700;400;300;12600;1200;540100;596300;1661100;269600;269900;0;0;0;0;2580;1283;14752;7185;20453;0;0;0;0;0;0;0;0;6881;14516;0;0;0;0;0;0;0;0;0;0;12;0;0;1285
212;0;910;2142000;13600;37900;18700;22600;8900;300;300;11000;600;496200;482400;897300;251500;243900;0;0;0;0;2580;1285;14624;7146;20349;0;0;0;0;0;0;0;0;6843;14488;0;0;0;0;0;0;0;0;0;0;12;0;0;1283
213;0;913;2111000;7600;40500;17300;21900;5400;300;300;12600;600;509900;581600;861100;261500;247400;0;0;0;0;2580;1286;14588;7108;20316;0;0;0;0;0;0;0;0;6801;14452;0;0;0;0;0;0;0;0;0;0;12;0;0;1282
214;0;916;2100400;7600;37200;18600;23300;4000;300;300;12700;800;471900;596000;875500;226600;244600;0;0;0;0;2580;1284;14688;7165;20401;0;0;0;0;0;0;0;0;6844;14516;0;0;0;0;0;0;0;0;0;0;12;0;0;1284
215;0;920;2278000;6600;33900;16700;23200;5500;300;300;10600;800;501900;493100;1034600;247400;253800;0;0;0;0;2580;1283;14752;7209;20453;0;0;0;0;0;0;0;0;6890;14616;0;0;0;0;0;0;0;0;0;0;12;0;0;1285
216;0;923;2396100;11100;43300;22200;29500;7100;400;500;13900;800;609800;600900;992600;327400;281700;0;0;0;0;2580;1286;14560;7112;20297;0;0;0;0;0;0;0;0;6808;14452;0;0;0;0;0;0;0;0;0;0;12;0;0;1282
217;0;926;2157300;7800;35600;16600;21400;6900;300;300;10800;800;460500;596600;944500;224800;235000;0;0;0;0;2580;1282;14816;7232;20505;0;0;0;0;0;0;0;0;6926;14616;0;0;0;0;0;0;0;0;0;0;12;0;0;1286
218;0;930;2359000;8100;37100;21400;27800;8300;400;300;14200;900;558400;587400;1041200;272300;284600;0;0;0;0;2580;1284;14716;7119;20420;0;0;0;0;0;0;0;0;6805;14452;0;0;0;0;0;0;0;0;0;0;12;0;0;1284
219;0;933;2800500;7500;44600;22300;38400;21300;400;300;15100;1100;739600;552700;1320600;367400;371700;0;0;0;0;2580;1283;14696;7145;20415;0;0;0;0;0;0;0;0;6826;14488;0;0;0;0;0;0;0;0;0;0;12;0;0;1285
220;0;936;2220300;13000;41500;21200;26400;11700;400;800;12600;1100;514800;590600;926100;261700;251400;0;0;0;0;2580;1284;14688;7117;20401;0;0;0;0;0;0;0;0;6807;14452;0;0;0;0;0;0;0;0;0;0;12;0;0;1284
221;0;940;2228600;10300;37900;17600;22300;6400;300;300;11400;700;525800;488000;943500;261400;264000;0;0;0;0;2580;1285;14652;7158;20368;0;0;0;0;0;0;0;0;6854;14516;0;0;0;0;0;0;0;0;0;0;12;0;0;1283
222;0;943;2563400;7600;37900;21100;27000;6000;300;400;13600;800;496600;597100;1324100;250000;245800;0;0;0;0;2580;1284;14688;7181;20401;0;0;0;0;0;0;0;0;6873;14552;0;0;0;0;0;0;0;0;0;0;12;0;0;1284
223;0;946;2242800;21200;45400;18400;25100;15300;300;500;13800;1200;504100;687800;876700;270400;231900;0;0;0;0;2580;1286;14588;7122;20316;0;0;0;0;0;0;0;0;6822;14452;0;0;0;0;0;0;0;0;0;0;12;0;0;1282
224;0;950;2187700;8600;36100;21400;26700;6900;400;700;15800;800;505300;598000;919500;249700;254900;0;0;0;0;2580;1282;14788;7235;20486;0;0;0;0;0;0;0;0;6922;14552;0;0;0;0;0;0;0;0;0;0;12;0;0;1286
225;0;953;2903800;7200;36500;19300;25400;7400;300;400;15800;1600;541700;590400;1598700;270900;269300;0;0;0;0;2580;1285;14624;7148;20349;0;0;0;0;0;0;0;0;6831;14452;0;0;0;0;0;0;0;0;0;0;12;0;0;1283
226;0;956;2431600;28300;67200;29300;26900;9300;300;500;12600;1000;524500;466700;1225000;273800;249800;0;0;0;0;2580;1283;14724;7181;20434;0;0;0;0;0;0;0;0;6873;14552;0;0;0;0;0;0;0;0;0;0;12;0;0;1285
227;0;960;2352300;14100;46200;17900;24800;9800;300;600;12800;800;568800;637700;964100;292100;276100;0;0;0;0;2580;1283;14780;7183;20472;0;0;0;0;0;0;0;0;6878;14580;0;0;0;0;0;0;0;0;0;0;12;0;0;1285
228;0;963;2329100;12700;37400;18500;21900;7400;400;200;10300;400;484600;592300;1076000;236100;247600;0;0;0;0;2580;1285;14652;7151;20368;0;0;0;0;0;0;0;0;6858;14452;0;0;0;0;0;0;0;0;0;0;12;0;0;1283
229;0;966;2591100;12600;40700;19000;24700;8100;300;400;10700;1800;674000;623900;1139200;332700;339800;0;0;0;0;2580;1283;14724;7167;20434;0;0;0;0;0;0;0;0;6868;14552;0;0;0;0;0;0;0;0;0;0;12;0;0;1285
230;0;970;2328800;9600;39200;24800;32400;7800;300;300;13500;1300;517400;604700;1039800;270100;246400;0;0;0;0;2580;1284;14716;7150;20420;0;0;0;0;0;0;0;0;6858;14516;0;0;0;0;0;0;0;0;0;0;12;0;0;1284
231;0;973;2452200;14300;39000;21100;24000;8500;300;300;11200;600;515700;629900;1154100;260300;255100;0;0;0;0;2580;1284;14660;7122;20382;0;0;0;0;0;0;0;0;6818;14488;0;0;0;0;0;0;0;0;0;0;12;0;0;1284
232;0;976;3145200;15100;40400;21800;25700;8700;300;400;13500;800;549700;617900;1807100;271200;277100;0;0;0;0;2580;1284;14688;7164;20401;0;0;0;0;0;0;0;0;6857;14452;0;0;0;0;0;0;0;0;0;0;12;0;0;1284
233;0;980;2301000;13300;39600;19600;22300;8200;300;400;11300;800;492500;600400;1059300;254400;237000;0;0;0;0;2580;1283;14752;7195;20453;0;0;0;0;0;0;0;0;6897;14616;0;0;0;0;0;0;0;0;0;0;12;0;0;1285
234;0;983;2275500;12900;41000;18900;23200;9300;300;600;12000;600;475200;614300;1030900;251800;223200;0;0;0;0;2580;1284;14716;7196;20420;0;0;0;0;0;0;0;0;6885;14580;0;0;0;0;0;0;0;0;0;0;12;0;0;1284
235;0;986;2501600;12700;39100;18500;23700;9600;300;1100;11900;800;511500;679500;1120900;254500;256600;0;0;0;0;2580;1284;14716;7203;20420;0;0;0;0;0;0;0;0;6899;14580;0;0;0;0;0;0;0;0;0;0;12;0;0;1284
236;0;990;2298800;9200;39000;19600;28600;7800;400;400;14000;1200;483900;520100;997700;238900;244400;0;0;0;0;2580;1282;14816;7215;20505;0;0;0;0;0;0;0;0;6905;14616;0;0;0;0;0;0;0;0;0;0;12;0;0;1286
237;0;993;2274400;8000;37500;18700;22000;7300;300;300;12200;700;484400;500600;1010400;240800;242800;0;0;0;0;2580;1282;14788;7198;20486;0;0;0;0;0;0;0;0;6901;14516;0;0;0;0;0;0;0;0;0;0;12;0;0;1286
238;0;996;2493800;10100;36100;19400;26700;7500;400;400;13400;600;499500;561600;1268700;243400;255400;0;0;0;0;2580;1284;14660;7184;20382;0;0;0;0;0;0;0;0;6883;14552;0;0;0;0;0;0;0;0;0;0;12;0;0;1284
239;0;1000;3079800;8800;38700;22100;35000;10200;400;400;15500;700;541500;559400;1812500;264800;275400;0;0;0;0;2580;1283;14780;7213;20472;0;0;0;0;0;0;0;0;6930;14516;0;0;0;0;0;0;0;0;0;0;12;0;0;1285
240;0;1003;2309800;16900;53800;21200;28500;15200;300;500;14500;900;525100;620800;971800;267900;256300;0;0;0;0;2580;1283;14752;7212;20453;0;0;0;0;0;0;0;0;6905;14552;0;0;0;0;0;0;0;0;0;0;12;0;0;1285
241;0;1006;2722400;10700;37400;20600;29800;8600;400;300;14700;1500;458400;519500;1533500;230500;227100;0;0;0;0;2580;1284;14716;7181;20420;0;0;0;0;0;0;0;0;6892;14580;0;0;0;0;0;0;0;0;0;0;12;0;0;1284
242;0;1010;2418400;14600;42900;20900;27300;9500;400;600;12700;600;550100;687000;1017900;281800;267000;0;0;0;0;2580;1284;14688;7160;20401;0;0;0;0;0;0;0;0;6844;14516;0;0;0;0;0;0;0;0;0;0;12;0;0;1284
243;0;1013;2300000;10900;40800;19400;24900;7500;300;500;12300;800;512700;609900;1016800;255200;256500;0;0;0;0;2580;1282;14788;7212;20486;0;0;0;0;0;0;0;0;6900;14616;0;0;0;0;0;0;0;0;0;0;12;0;0;1286
244;0;1016;2429300;13700;43100;22300;28300;16600;400;400;14600;1500;502600;666400;1081600;258300;243700;0;0;0;0;2580;1283;14752;7172;20453;0;0;0;0;0;0;0;0;6858;14516;0;0;0;0;0;0;0;0;0;0;12;0;0;1285
245;0;1020;3101900;10300;42400;19900;26900;8500;400;400;13900;500;542600;596800;1779600;262000;279700;0;0;0;0;2580;1285;14624;7170;20349;0;0;0;0;0;0;0;0;6835;14552;0;0;0;0;0;0;0;0;0;0;12;0;0;1283
246;0;1023;2351300;17700;46300;22700;28900;9300;400;400;14600;900;507300;628300;1041900;258900;248300;0;0;0;0;2580;1283;14780;7244;20472;0;0;0;0;0;0;0;0;6924;14708;0;0;0;0;0;0;0;0;0;0;12;0;0;1285
247;0;1026;2607800;8400;43700;20200;26600;7600;300;300;12400;600;503700;483700;1454800;242900;260400;0;0;0;0;2580;1283;14724;7173;20434;0;0;0;0;0;0;0;0;6868;14516;0;0;0;0;0;0;0;0;0;0;12;0;0;1285
248;0;1030;2374000;11900;42700;21700;31600;11700;400;300;14200;1000;514600;660300;1003400;252200;262100;0;0;0;0;2580;1284;14716;7148;20420;0;0;0;0;0;0;0;0;6834;14516;0;0;0;0;0;0;0;0;0;0;12;0;0;1284
249;0;1033;2362100;10200;36800;19800;24900;7100;300;300;12100;600;516300;586200;1098000;261400;254100;0;0;0;0;2580;1283;14752;7195;20453;0;0;0;0;0;0;0;0;6879;14580;0;0;0;0;0;0;0;0;0;0;12;0;0;1285
250;0;1036;2356800;16500;40300;21000;27100;10000;300;400;13400;600;511000;496500;1170800;251100;259400;0;0;0;0;2580;1284;14688;7165;20401;0;0;0;0;0;0;0;0;6845;14552;0;0;0;0;0;0;0;0;0;0;12;0;0;1284
251;0;1040;2507300;8300;37700;19500;26500;8900;300;800;11500;500;492200;507200;1337100;242100;248800;0;0;0;0;2580;1284;14716;7147;20420;0;0;0;0;0;0;0;0;6831;14516;0;0;0;0;0;0;0;0;0;0;12;0;0;1284
252;0;1043;3220800;9300;38300;21200;24600;8100;400;300;12100;500;563300;601100;1901000;273800;289000;0;0;0;0;2580;1284;14688;7196;20401;0;0;0;0;0;0;0;0;6877;14616;0;0;0;0;0;0;0;0;0;0;12;0;0;1284
253;0;1046;2743100;14900;45900;19800;27500;11500;1000;400;13300;1400;528400;645800;1392200;268500;259000;0;0;0;0;2580;1285;14652;7196;20368;0;0;0;0;0;0;0;0;6899;14580;0;0;0;0;0;0;0;0;0;0;12;0;0;1283
254;0;1050;2383500;19800;48000;22200;27400;8300;500;500;12500;1300;552700;638300;1022800;242700;309200;0;0;0;0;2580;1284;14688;7152;20401;0;0;0;0;0;0;0;0;6863;14516;0;0;0;0;0;0;0;0;0;0;12;0;0;1284
255;0;1053;2369000;11800;38700;20600;32000;8400;400;400;13400;700;501600;635800;1066000;264600;236500;0;0;0;0;2580;1282;14816;7219;20505;0;0;0;0;0;0;0;0;6918;14580;0;0;0;0;0;0;0;0;0;0;12;0;0;1286
256;0;1056;2368400;11900;40700;22300;24900;5900;400;400;12700;1400;508400;480200;1216500;250900;254800;0;0;0;0;2580;1285;14652;7157;20368;0;0;0;0;0;0;0;0;6845;14516;0;0;0;0;0;0;0;0;0;0;12;0;0;1283
257;0;1060;2381900;11900;46600;20100;25600;8000;300;1100;12400;700;517100;599200;1073000;259400;256700;0;0;0;0;2580;1283;14752;7213;20453;0;0;0;0;0;0;0;0;6896;14552;0;0;0;0;0;0;0;0;0;0;12;0;0;1285
258;0;1063;2700900;12400;39900;22500;27900;7900;400;500;14300;800;551700;636000;1336200;264600;286300;0;0;0;0;2580;1283;14780;7234;20472;0;0;0;0;0;0;0;0;6934;14580;0;0;0;0;0;0;0;0;0;0;12;0;0;1285
259;0;1066;2850200;50100;75300;25300;41100;29400;400;700;19700;4600;780700;521000;1265100;395700;383900;0;0;0;0;2580;1284;14688;7179;20401;0;0;0;0;0;0;0;0;6880;14552;0;0;0;0;0;0;0;0;0;0;12;0;0;1284
260;0;1070;2561000;12400;39900;19400;78500;12300;400;700;15100;1400;718800;643300;979200;374700;343600;0;0;0;0;2580;1284;14688;7187;20401;0;0;0;0;0;0;0;0;6891;14516;0;0;0;0;0;0;0;0;0;0;12;0;0;1284
261;0;1073;2394800;11600;38200;21600;27800;8600;400;400;13300;1100;535300;498300;1064700;263300;271700;0;0;0;0;2580;1285;14624;7159;20349;0;0;0;0;0;0;0;0;6859;14516;0;0;0;0;0;0;0;0;0;0;12;0;0;1283
262;0;1076;2418100;11700;38000;25200;28700;11200;400;400;13800;1000;516200;501300;1073500;261800;253100;0;0;0;0;2580;1284;14716;7177;20420;0;0;0;0;0;0;0;0;6884;14516;0;0;0;0;0;0;0;0;0;0;12;0;0;1284
263;0;1080;2357000;11200;37900;22300;26700;10200;400;400;12900;800;520200;501500;1028800;245600;272200;0;0;0;0;2580;1285;14652;7163;20368;0;0;0;0;0;0;0;0;6873;14516;0;0;0;0;0;0;0;0;0;0;12;0;0;1283
264;0;1083;2506800;9700;37100;20100;24600;9200;300;500;11900;500;509000;490300;1332200;256400;252100;0;0;0;0;2580;1284;14688;7168;20401;0;0;0;0;0;0;0;0;6869;14552;0;0;0;0;0;0;0;0;0;0;12;0;0;1284
265;0;1086;3078800;11700;40800;21800;26800;9900;400;400;13900;1100;572000;589300;1749900;285800;285600;0;0;0;0;2580;1283;14780;7223;20472;0;0;0;0;0;0;0;0;6924;14644;0;0;0;0;0;0;0;0;0;0;12;0;0;1285
266;0;1090;2882100;11500;44000;19200;24900;8700;300;400;12100;1300;498500;651000;1528700;245800;252300;0;0;0;0;2580;1284;14688;7217;20401;0;0;0;0;0;0;0;0;6915;14552;0;0;0;0;0;0;0;0;0;0;12;0;0;1284
267;0;1093;2219100;13000;39100;17900;22200;9200;400;300;11600;800;455300;599200;1016300;219200;235400;0;0;0;0;2580;1285;14624;7157;20349;0;0;0;0;0;0;0;0;6862;14516;0;0;0;0;0;0;0;0;0;0;12;0;0;1283
268;0;1096;2399600;8500;38700;22500;27300;8700;300;400;12900;1500;493900;488900;1247200;235000;258500;0;0;0;0;2580;1285;14652;7169;20368;0;0;0;0;0;0;0;0;6880;14580;0;0;0;0;0;0;0;0;0;0;12;0;0;1283
269;0;1100;2419400;11000;36400;19500;26700;7600;300;400;12900;500;547100;481100;1079900;288900;257500;0;0;0;0;2580;1285;14652;7174;20368;0;0;0;0;0;0;0;0;6889;14516;0;0;0;0;0;0;0;0;0;0;12;0;0;1283
270;0;1103;2315900;9900;42100;21400;26800;8500;400;500;12500;800;492500;492100;1040000;250500;241100;0;0;0;0;2580;1284;14716;7202;20420;0;0;0;0;0;0;0;0;6918;14516;0;0;0;0;0;0;0;0;0;0;12;0;0;1284
271;0;1106;2667400;9900;41300;19800;26500;14800;300;600;14800;1100;521200;587200;1374600;244600;275600;0;0;0;0;2580;1283;14752;7199;20453;0;0;0;0;0;0;0;0;6899;14616;0;0;0;0;0;0;0;0;0;0;12;0;0;1285
272;0;1110;3249700;17300;47200;24000;29700;12700;500;500;16200;1100;543300;505000;2017800;277300;265500;0;0;0;0;2580;1284;14716;7173;20420;0;0;0;0;0;0;0;0;6866;14516;0;0;0;0;0;0;0;0;0;0;12;0;0;1284
273;0;1113;2261200;19300;50700;20000;24700;10900;300;600;13000;1600;558200;641300;885600;281100;276800;0;0;0;0;2580;1284;14660;7153;20382;0;0;0;0;0;0;0;0;6855;14552;0;0;0;0;0;0;0;0;0;0;12;0;0;1284
274;0;1116;2326100;9700;37800;18600;21500;6800;400;300;12000;600;491500;495400;1060600;244800;245800;0;0;0;0;2580;1285;14652;7195;20368;0;0;0;0;0;0;0;0;6901;14580;0;0;0;0;0;0;0;0;0;0;12;0;0;1283
275;0;1120;2397200;11700;41800;20100;24400;8200;300;400;10800;900;535500;621900;1065800;260400;274400;0;0;0;0;2580;1285;14652;7164;20368;0;0;0;0;0;0;0;0;6880;14516;0;0;0;0;0;0;0;0;0;0;12;0;0;1283
276;0;1123;2323200;7200;36400;21300;25600;6700;400;1400;15500;700;496400;472500;1206200;243700;252200;0;0;0;0;2580;1286;14588;7147;20316;0;0;0;0;0;0;0;0;6864;14516;0;0;0;0;0;0;0;0;0;0;12;0;0;1282
277;0;1126;2570700;10400;36000;17000;21900;7800;300;500;11500;900;540400;476500;1415200;255600;284500;0;0;0;0;2580;1282;14844;7230;20524;0;0;0;0;0;0;0;0;6933;14644;0;0;0;0;0;0;0;0;0;0;12;0;0;1286
278;0;1130;3143300;12500;39900;21300;28300;9300;500;700;14800;900;550000;592800;1834700;277800;271300;0;0;0;0;2580;1284;14688;7168;20401;0;0;0;0;0;0;0;0;6867;14552;0;0;0;0;0;0;0;0;0;0;12;0;0;1284
279;0;1133;2255300;13900;40000;20300;28000;13600;500;1200;12600;1000;528400;638100;921600;274500;252500;0;0;0;0;2580;1284;14688;7155;20401;0;0;0;0;0;0;0;0;6853;14516;0;0;0;0;0;0;0;0;0;0;12;0;0;1284
280;0;1136;2114500;7900;34800;18800;22200;6800;300;300;12900;500;448500;550600;968800;228600;219000;0;0;0;0;2580;1284;14688;7172;20401;0;0;0;0;0;0;0;0;6876;14552;0;0;0;0;0;0;0;0;0;0;12;0;0;1284
281;0;1140;2157600;8500;34000;16700;26200;6300;300;300;11500;600;451000;472000;1096400;229300;221200;0;0;0;0;2580;1285;14652;7186;20368;0;0;0;0;0;0;0;0;6889;14516;0;0;0;0;0;0;0;0;0;0;12;0;0;1283
282;0;1143;2154400;7500;35000;21400;26100;7700;400;400;14100;500;464200;516800;926200;231800;231200;0;0;0;0;2580;1285;14652;7185;20368;0;0;0;0;0;0;0;0;6873;14516;0;0;0;0;0;0;0;0;0;0;12;0;0;1283
283;0;1146;2120900;7100;35200;16800;21400;5800;400;300;10700;600;470200;474900;1047000;231100;238100;0;0;0;0;2580;1286;14588;7139;20316;0;0;0;0;0;0;0;0;6830;14516;0;0;0;0;0;0;0;0;0;0;12;0;0;1282
284;0;1150;2246300;7200;33200;18700;23300;5300;400;400;12100;500;453300;478100;1179300;219500;232900;0;0;0;0;2580;1283;14780;7233;20472;0;0;0;0;0;0;0;0;6921;14580;0;0;0;0;0;0;0;0;0;0;12;0;0;1285
285;0;1153;3381000;6900;34900;19400;24900;7000;300;500;13000;1400;502600;605100;2117100;236300;265700;0;0;0;0;2580;1283;14724;7184;20434;0;0;0;0;0;0;0;0;6860;14552;0;0;0;0;0;0;0;0;0;0;12;0;0;1285
286;0;1156;2122400;18400;36000;21600;26700;8300;300;300;12100;1600;458000;602700;879400;218200;239100;0;0;0;0;2580;1284;14716;7168;20420;0;0;0;0;0;0;0;0;6868;14516;0;0;0;0;0;0;0;0;0;0;12;0;0;1284
287;0;1160;2131800;6900;35900;19200;26600;5700;1000;600;10600;500;437800;477200;1048500;214900;222400;0;0;0;0;2580;1284;14688;7207;20401;0;0;0;0;0;0;0;0;6906;14616;0;0;0;0;0;0;0;0;0;0;12;0;0;1284
288;0;1163;2205200;6000;34800;18600;23500;4900;400;900;12300;600;472600;481000;1116900;232900;238900;0;0;0;0;2580;1286;14588;7172;20316;0;0;0;0;0;0;0;0;6875;14516;0;0;0;0;0;0;0;0;0;0;12;0;0;1282
289;0;1166;2172500;7600;35700;19100;24400;6100;400;600;12400;600;488900;481900;971300;247300;240900;0;0;0;0;2580;1285;14652;7192;20368;0;0;0;0;0;0;0;0;6912;14580;0;0;0;0;0;0;0;0;0;0;12;0;0;1283
290;0;1170;2121200;7000;36600;18500;22900;5300;400;300;12400;500;473600;475000;1037400;229900;242800;0;0;0;0;2580;1285;14652;7175;20368;0;0;0;0;0;0;0;0;6895;14580;0;0;0;0;0;0;0;0;0;0;12;0;0;1283
291;0;1173;2149900;7100;34500;16800;21200;5400;300;400;11300;500;445400;478700;1094900;210600;234100;0;0;0;0;2580;1286;14588;7168;20316;0;0;0;0;0;0;0;0;6879;14516;0;0;0;0;0;0;0;0;0;0;12;0;0;1282
292;0;1176;4116100;8900;37300;21200;31300;6400;400;400;13900;900;537600;973400;2419900;266900;269200;0;0;0;0;2580;1284;14688;7180;20401;0;0;0;0;0;0;0;0;6880;14552;0;0;0;0;0;0;0;0;0;0;12;0;0;1284
293;0;1180;2117700;11800;41800;23700;25300;9400;300;500;13000;900;442800;613000;876400;221100;220800;0;0;0;0;2580;1285;14652;7209;20368;0;0;0;0;0;0;0;0;6924;14580;0;0;0;0;0;0;0;0;0;0;12;0;0;1283
294;0;1183;2151200;8200;36200;20000;24200;5700;300;300;11300;500;435200;547800;1018800;231500;203300;0;0;0;0;2580;1284;14688;7183;20401;0;0;0;0;0;0;0;0;6888;14552;0;0;0;0;0;0;0;0;0;0;12;0;0;1284
295;0;1186;2179800;7500;36000;21300;27300;6400;400;400;13800;800;480800;558600;978000;245700;234600;0;0;0;0;2580;1286;14588;7143;20316;0;0;0;0;0;0;0;0;6845;14516;0;0;0;0;0;0;0;0;0;0;12;0;0;1282
296;0;1190;2075400;8800;37600;19100;23900;6400;400;400;13200;600;471500;575800;880700;237100;234000;0;0;0;0;2580;1284;14716;7206;20420;0;0;0;0;0;0;0;0;6895;14580;0;0;0;0;0;0;0;0;0;0;12;0;0;1284
297;0;1193;2077900;8200;36100;21100;24900;7000;400;300;12500;500;486400;555900;883100;241200;244400;0;0;0;0;2580;1286;14588;7146;20316;0;0;0;0;0;0;0;0;6844;14516;0;0;0;0;0;0;0;0;0;0;12;0;0;1282
298;0;1196;2054800;7500;36500;19200;25700;6400;400;300;12400;700;461200;557200;874100;227500;233600;0;0;0;0;2580;1286;14588;7139;20316;0;0;0;0;0;0;0;0;6817;14516;0;0;0;0;0;0;0;0;0;0;12;0;0;1282
299;0;1200;3661900;6800;34600;21300;26100;6200;400;300;12600;900;675700;766800;2029300;306700;368300;0;0;0;0;2580;1284;14688;7191;20401;0;0;0;0;0;0;0;0;6870;14552;0;0;0;0;0;0;0;0;0;0;12;0;0;1284
