# scene=solar_system_v1compat.json;config=Release;cpu=12th Gen Intel(R) Core(TM) i7-1265U;affinity=4;ablation=none;rasterstats=0;lodstats=0;asserts_lib=0;res=1536x900;views=2;mesurees=240;chauffe=60;overhead_ns=37;resolution_ns=100
zone;median_ns;p95_ns;max_ns;pourmille_de_la_frame
FRAME;2869200;4051700;6785900;1000
Input;11600;23300;49700;4
Animation;6200;14200;20700;2
LocalXform1;2300;4300;7100;0
WorldXform1;6000;10400;39300;2
Cameras;8100;15800;28900;2
LocalXform2;200;300;500;0
WorldXform2;200;400;1100;0
Trigger;15700;26300;78600;5
BuildViews;900;2200;4600;0
Clear;1202400;1417300;1586700;419
Render;469600;753900;3357800;163
Present;1129900;1939300;2534000;393
RESTE;11000;20200;62000;3
Entities;0;0;0;0
XformNodes;0;0;0;0
TriggerPairs;0;0;0;0
TriggerHits;0;0;0;0
MeshesTested;86;86;86;0
MeshesCulled;83;83;83;0
FacesSubmitted;4272;5232;5232;0
TrisRasterized;151;631;632;0
VertsTransformed;2523;3082;3082;0
TrisCov0;0;0;0;0
TrisCov1;0;0;0;0
TrisCov2to4;0;0;0;0
TrisCov5plus;0;0;0;0
TrisTightEmpty;0;0;0;0
PixelsTested;0;0;0;0
PixelsTight;0;0;0;0
PixelsCovered;0;0;0;0
TrisEarlyRejected;1;238;481;0
FacesInside;296;296;1256;0
InstPx0to1;0;0;0;0
InstPx1to4;0;0;0;0
InstPx4to16;0;0;0;0
InstPx16plus;0;0;0;0
FacesPx0to1;0;0;0;0
FacesPx1to4;0;0;0;0
FacesPx4to16;0;0;0;0
FacesPx16plus;0;0;0;0
VertsInside;0;0;0;0
TrisEmittedInside;0;0;0;0
