# scene=solar_system_v1compat.json;config=Release;cpu=12th Gen Intel(R) Core(TM) i7-1265U;affinity=4;ablation=none;rasterstats=0;asserts_lib=0;res=1536x900;views=2;mesurees=240;chauffe=60;overhead_ns=36;resolution_ns=100
zone;median_ns;p95_ns;max_ns;pourmille_de_la_frame
FRAME;3115200;4254000;6698300;1000
Input;12700;27400;54100;4
Animation;6900;16200;62500;2
LocalXform1;2900;5000;34000;0
WorldXform1;6800;13900;49500;2
Cameras;8800;18100;56000;2
LocalXform2;200;400;7600;0
WorldXform2;200;400;1000;0
Trigger;19000;31000;171900;6
BuildViews;1200;5000;19600;0
Clear;1234000;1559500;1837400;396
Render;606400;974000;4508700;194
Present;1188800;1923100;2524700;381
RESTE;13300;25700;47400;4
Entities;0;0;0;0
XformNodes;0;0;0;0
TriggerPairs;0;0;0;0
TriggerHits;0;0;0;0
MeshesTested;86;86;86;0
MeshesCulled;83;83;83;0
FacesSubmitted;4272;5232;5232;0
TrisRasterized;151;631;632;0
VertsTransformed;2523;3082;3082;0
TrisCov0;0;0;0;0
TrisCov1;0;0;0;0
TrisCov2to4;0;0;0;0
TrisCov5plus;0;0;0;0
TrisTightEmpty;0;0;0;0
PixelsTested;0;0;0;0
PixelsTight;0;0;0;0
PixelsCovered;0;0;0;0
TrisEarlyRejected;1;238;481;0
