# scene=solar_system_v1compat.json;config=Release;cpu=12th Gen Intel(R) Core(TM) i7-1265U;affinity=4;ablation=none;rasterstats=0;asserts_lib=0;res=1536x900;views=2;frames=300;warmup=60;overhead_ns=36;resolution_ns=100
frame;warmup;sim_millidays;frame_ns;Input_ns;Animation_ns;LocalXform1_ns;WorldXform1_ns;Cameras_ns;LocalXform2_ns;WorldXform2_ns;Trigger_ns;BuildViews_ns;Clear_ns;Render_ns;Present_ns;Entities;XformNodes;TriggerPairs;TriggerHits;MeshesTested;MeshesCulled;FacesSubmitted;TrisRasterized;VertsTransformed;TrisCov0;TrisCov1;TrisCov2to4;TrisCov5plus;TrisTightEmpty;PixelsTested;PixelsTight;PixelsCovered;TrisEarlyRejected
0;1;203;21500000;680000;10300;8000;6500;42000;600;600;23700;900;2060300;1337400;13800800;0;0;0;0;86;81;6192;1061;3641;0;0;0;0;0;0;0;0;11
1;1;206;9155700;1899200;13900;5700;10700;13100;400;600;21100;1000;1114000;2071200;3987500;0;0;0;0;86;81;6192;1055;3641;0;0;0;0;0;0;0;0;15
2;1;210;10208300;267100;7700;3300;8600;19100;400;400;23200;1300;1240200;1408600;7208400;0;0;0;0;86;81;6192;1055;3641;0;0;0;0;0;0;0;0;463
3;1;213;7471600;28800;12000;3300;7800;8500;200;200;17900;1000;1018900;1299100;5041800;0;0;0;0;86;82;5232;597;3082;0;0;0;0;0;0;0;0;1
4;1;216;4272400;22200;6200;3000;9800;6700;200;200;16400;1000;1265600;1152400;1774000;0;0;0;0;86;82;5232;591;3082;0;0;0;0;0;0;0;0;1
5;1;220;3889300;19000;10500;2800;6700;9200;300;300;25900;1300;1255800;1375100;1166400;0;0;0;0;86;81;6192;1055;3641;0;0;0;0;0;0;0;0;4
6;1;223;6029300;16800;8300;5000;8700;9800;200;100;16300;900;1134800;1314500;3497200;0;0;0;0;86;81;6192;1063;3641;0;0;0;0;0;0;0;0;11
7;1;226;18364300;13000;15600;7500;6800;11800;200;200;21400;1300;1031900;1305700;15931800;0;0;0;0;86;81;6192;1057;3641;0;0;0;0;0;0;0;0;343
8;1;230;3776000;16400;7700;3600;6400;6800;200;200;18000;1000;1013000;1209300;1479900;0;0;0;0;86;82;5232;597;3082;0;0;0;0;0;0;0;0;1
9;1;233;3654600;16000;10500;2500;7000;10700;200;200;16500;500;1229900;1233100;1114500;0;0;0;0;86;82;5232;595;3082;0;0;0;0;0;0;0;0;1
10;1;236;6178300;10300;5100;2600;5500;7400;200;100;14200;1000;1255200;1700600;3147200;0;0;0;0;86;81;6192;1049;3641;0;0;0;0;0;0;0;0;380
11;1;240;4204300;23500;10400;3300;7800;12500;300;200;18700;1300;1082100;1645400;1384000;0;0;0;0;86;81;6192;1051;3641;0;0;0;0;0;0;0;0;29
12;1;243;4617000;15000;8000;3100;6900;10500;200;200;17200;1900;1256600;2113500;1170300;0;0;0;0;86;81;6192;1047;3641;0;0;0;0;0;0;0;0;38
13;1;246;3430700;12100;5900;2600;5800;6300;200;200;15200;800;1105500;1195700;1069800;0;0;0;0;86;82;5232;589;3082;0;0;0;0;0;0;0;0;33
14;1;250;5984600;9900;6100;2100;5200;7800;200;200;14800;800;1038200;1849900;3018900;0;0;0;0;86;82;5232;593;3082;0;0;0;0;0;0;0;0;43
15;1;253;4046200;45600;21800;7000;17900;23100;200;200;23400;1900;953500;1191400;1739600;0;0;0;0;86;82;5232;591;3082;0;0;0;0;0;0;0;0;51
16;1;256;4922000;17600;7600;2800;6700;9100;200;300;17700;1300;1371400;2199500;1273500;0;0;0;0;86;81;6192;1055;3641;0;0;0;0;0;0;0;0;64
17;1;260;6163000;14700;8300;2700;7800;19100;300;200;21900;1200;1505500;1942000;2606200;0;0;0;0;86;81;6192;1049;3641;0;0;0;0;0;0;0;0;86
18;1;263;4315100;12200;6500;2100;5200;8300;200;200;16300;900;919600;1255100;2073900;0;0;0;0;86;82;5232;583;3082;0;0;0;0;0;0;0;0;84
19;1;266;4387600;23600;12500;3700;10400;11900;400;300;22500;1000;1322500;1655400;1306000;0;0;0;0;86;82;5232;581;3082;0;0;0;0;0;0;0;0;94
20;1;270;4054000;11800;7000;3400;6800;8400;200;200;19600;1000;1339300;1500300;1140500;0;0;0;0;86;82;5232;579;3082;0;0;0;0;0;0;0;0;95
21;1;273;6065100;11900;7000;2400;7000;8600;200;200;17600;1200;1315600;1676600;2939000;0;0;0;0;86;81;6192;1031;3641;0;0;0;0;0;0;0;0;522
22;1;276;5740300;183500;47700;16700;35000;42000;800;1300;41600;3900;1366500;2318900;1646300;0;0;0;0;86;81;6192;1041;3641;0;0;0;0;0;0;0;0;141
23;1;280;4426400;20900;8600;3600;9600;10000;300;300;20400;900;1513200;1485500;1335800;0;0;0;0;86;81;6192;1043;3641;0;0;0;0;0;0;0;0;588
24;1;283;5974900;19000;10000;3100;9400;12100;300;400;29200;1300;1506100;2251300;2102200;0;0;0;0;86;82;5232;585;3082;0;0;0;0;0;0;0;0;147
25;1;286;4004000;20700;11300;4000;10000;12100;400;400;27800;1700;1534100;1374000;991500;0;0;0;0;86;82;5232;583;3082;0;0;0;0;0;0;0;0;154
26;1;290;3696400;12100;6100;2500;7000;7300;300;300;18500;1300;1228100;1355600;1045400;0;0;0;0;86;82;5232;583;3082;0;0;0;0;0;0;0;0;173
27;1;293;4388600;12200;6100;2600;6600;8700;200;200;18100;700;1294000;1646500;1362900;0;0;0;0;86;81;6192;1045;3641;0;0;0;0;0;0;0;0;190
28;1;296;4401900;13700;7400;3000;9200;8100;300;200;18800;1100;1344200;1542400;1440500;0;0;0;0;86;81;6192;1033;3641;0;0;0;0;0;0;0;0;208
29;1;300;3842400;16300;8200;3700;9100;10200;300;300;27200;1300;1327400;1441900;984300;0;0;0;0;86;82;5232;577;3082;0;0;0;0;0;0;0;0;219
30;1;303;3223800;11200;5700;2600;5500;5700;200;200;16700;700;1078100;1063400;1023000;0;0;0;0;86;82;5232;579;3082;0;0;0;0;0;0;0;0;238
31;1;306;3597000;12100;5300;2600;6400;9500;300;200;17400;1000;1228100;952400;1351500;0;0;0;0;86;82;5232;577;3082;0;0;0;0;0;0;0;0;263
32;1;310;3279300;42500;9100;4900;9500;22900;200;200;24700;1100;1104900;952300;1090900;0;0;0;0;86;81;6192;1031;3641;0;0;0;0;0;0;0;0;678
33;1;313;3833400;11300;6200;2700;7000;7200;200;100;16700;1000;1391300;1306600;1057600;0;0;0;0;86;81;6192;1017;3641;0;0;0;0;0;0;0;0;321
34;1;316;2943200;13000;6800;2500;6000;6800;200;200;17700;800;1190500;765700;922100;0;0;0;0;86;82;5232;567;3082;0;0;0;0;0;0;0;0;346
35;1;320;2955700;9100;6000;2500;6400;6800;200;200;17100;600;1087000;702500;1104700;0;0;0;0;86;82;5232;567;3082;0;0;0;0;0;0;0;0;375
36;1;323;3029000;14200;6900;2800;6500;8400;200;300;17700;700;1292300;621900;1046500;0;0;0;0;86;82;5232;571;3082;0;0;0;0;0;0;0;0;407
37;1;326;4297400;16200;7700;3700;7200;11900;200;200;19200;900;1278900;520800;2413900;0;0;0;0;86;82;5232;565;3082;0;0;0;0;0;0;0;0;415
38;1;330;4416300;409500;12600;3900;8400;11900;300;200;21300;1200;1442200;1145600;1342900;0;0;0;0;86;81;6192;1013;3641;0;0;0;0;0;0;0;0;419
39;1;333;3408900;14600;9300;2800;7900;8900;300;200;20300;1200;1253600;680700;1391100;0;0;0;0;86;81;6192;1019;3641;0;0;0;0;0;0;0;0;869
40;1;336;3122300;18900;8800;2600;8000;12100;300;200;18500;2400;1268300;598900;1168900;0;0;0;0;86;82;5232;563;3082;0;0;0;0;0;0;0;0;413
41;1;340;4743200;13500;7100;3100;6800;9800;200;200;17500;800;1248800;594400;2824200;0;0;0;0;86;82;5232;555;3082;0;0;0;0;0;0;0;0;405
42;1;343;3223700;19600;11800;4700;10800;12300;300;400;31100;1600;1329900;716500;1069300;0;0;0;0;86;82;5232;557;3082;0;0;0;0;0;0;0;0;407
43;1;346;3296200;14300;7300;4100;7000;7800;300;200;18400;900;1200000;971800;1050600;0;0;0;0;86;81;6192;1007;3641;0;0;0;0;0;0;0;0;692
44;1;350;3621600;11600;7500;2700;6600;8200;300;200;17600;1300;1183200;1242200;1125300;0;0;0;0;86;81;6192;1005;3641;0;0;0;0;0;0;0;0;415
45;1;353;4256700;13700;7100;2400;7600;9300;200;200;19000;1100;1222800;704400;2256100;0;0;0;0;86;82;5232;553;3082;0;0;0;0;0;0;0;0;403
46;1;356;3694100;13600;6900;3300;10900;8200;200;400;20100;1100;1540400;964300;1109800;0;0;0;0;86;82;5232;551;3082;0;0;0;0;0;0;0;0;401
47;1;360;2841700;13300;6800;3000;8000;8200;300;300;18700;800;1181800;673900;917000;0;0;0;0;86;82;5232;545;3082;0;0;0;0;0;0;0;0;395
48;1;363;2722200;9800;5800;2500;6300;7200;300;200;17100;800;1137400;601000;924400;0;0;0;0;86;82;5232;539;3082;0;0;0;0;0;0;0;0;389
49;1;366;3340600;9300;5800;2200;6400;6200;200;100;16500;700;1082900;1236000;964000;0;0;0;0;86;81;6192;987;3641;0;0;0;0;0;0;0;0;399
50;1;370;4076200;9900;5900;2400;6500;6700;300;200;16700;900;1219900;603100;2191900;0;0;0;0;86;83;4272;151;2523;0;0;0;0;0;0;0;0;1
51;1;373;3342800;16600;9500;4500;9600;20100;400;400;30700;1500;1524200;701700;1009800;0;0;0;0;86;83;4272;151;2523;0;0;0;0;0;0;0;0;1
52;1;376;2829100;12400;6600;2800;6100;7800;300;300;19600;700;1237700;581400;944000;0;0;0;0;86;83;4272;151;2523;0;0;0;0;0;0;0;0;1
53;1;380;2743500;10700;6300;2500;6100;8000;200;200;17700;1300;1157100;595900;928300;0;0;0;0;86;83;4272;151;2523;0;0;0;0;0;0;0;0;1
54;1;383;3379600;8800;5400;2300;5900;8700;200;200;16900;800;1113400;1220000;987300;0;0;0;0;86;82;5232;585;3082;0;0;0;0;0;0;0;0;74
55;1;386;4131400;10100;6000;2300;5700;8600;200;100;17400;900;1189300;649200;2231500;0;0;0;0;86;82;5232;595;3082;0;0;0;0;0;0;0;0;445
56;1;390;2909700;13500;9400;3000;7100;10200;200;200;26400;900;1291300;571600;963000;0;0;0;0;86;83;4272;151;2523;0;0;0;0;0;0;0;0;1
57;1;393;2796300;11100;5900;2800;7300;7400;200;300;18900;1000;1178000;610100;944700;0;0;0;0;86;83;4272;151;2523;0;0;0;0;0;0;0;0;1
58;1;396;2672100;8900;5400;2800;6200;8800;200;300;17800;900;1114800;567900;927600;0;0;0;0;86;83;4272;151;2523;0;0;0;0;0;0;0;0;1
59;1;400;2791500;9100;5800;2300;5800;6900;200;200;17700;1500;1134700;576000;1022200;0;0;0;0;86;83;4272;151;2523;0;0;0;0;0;0;0;0;1
60;0;403;3812300;11000;6700;3100;5600;7900;200;200;18600;800;1351200;1410500;987100;0;0;0;0;86;82;5232;583;3082;0;0;0;0;0;0;0;0;2
61;0;406;3282500;13300;8600;2900;8100;9400;200;200;23700;1500;1108100;788000;1295600;0;0;0;0;86;83;4272;151;2523;0;0;0;0;0;0;0;0;1
62;0;410;3213000;12800;6300;3200;6600;16500;300;400;20200;1200;1332600;517800;1283800;0;0;0;0;86;83;4272;151;2523;0;0;0;0;0;0;0;0;1
63;0;413;2811600;11600;6300;2500;6400;9300;200;200;19500;900;1295700;551000;896500;0;0;0;0;86;83;4272;151;2523;0;0;0;0;0;0;0;0;1
64;0;416;2680200;8800;6500;2700;6500;6900;200;300;17700;800;1117300;565100;933100;0;0;0;0;86;83;4272;151;2523;0;0;0;0;0;0;0;0;1
65;0;420;4215400;9300;6000;2700;5700;6900;200;300;17200;900;1189400;1898600;1067700;0;0;0;0;86;82;5232;575;3082;0;0;0;0;0;0;0;0;1
66;0;423;3110000;28100;14200;4500;9500;10800;200;200;21700;1200;956500;792900;1256200;0;0;0;0;86;83;4272;151;2523;0;0;0;0;0;0;0;0;1
67;0;426;3247000;12400;7300;3000;8500;7200;300;200;17900;1000;1328700;508400;1336600;0;0;0;0;86;83;4272;151;2523;0;0;0;0;0;0;0;0;1
68;0;430;2953600;13000;6600;2600;6400;9600;300;200;17300;900;1292000;587700;1004600;0;0;0;0;86;83;4272;151;2523;0;0;0;0;0;0;0;0;1
69;0;433;2747000;10100;6100;2800;6400;8500;200;200;17000;1000;1106600;597700;980300;0;0;0;0;86;83;4272;151;2523;0;0;0;0;0;0;0;0;1
70;0;436;2885100;9300;6100;2300;6100;7500;300;200;17900;4500;1186100;639400;989500;0;0;0;0;86;83;4272;151;2523;0;0;0;0;0;0;0;0;1
71;0;440;4631500;9300;5600;2300;5600;7100;200;200;16900;700;1243100;800700;2524700;0;0;0;0;86;82;5232;561;3082;0;0;0;0;0;0;0;0;411
72;0;443;2906600;13500;8100;3000;7900;15900;7600;400;21900;1000;1226100;609700;979200;0;0;0;0;86;83;4272;151;2523;0;0;0;0;0;0;0;0;1
73;0;446;2849700;12000;5800;2400;6400;7600;300;200;17700;6200;1180800;622900;971700;0;0;0;0;86;83;4272;151;2523;0;0;0;0;0;0;0;0;1
74;0;450;2781100;8700;5600;2500;6900;6900;300;200;17500;5500;1153200;601000;960500;0;0;0;0;86;83;4272;151;2523;0;0;0;0;0;0;0;0;1
75;0;453;2850600;9100;5400;3200;5600;6800;200;200;18500;1100;1108600;605900;1075200;0;0;0;0;86;83;4272;151;2523;0;0;0;0;0;0;0;0;1
76;0;456;6698300;9900;5800;2400;6300;6900;300;200;17400;900;1168500;4508700;959500;0;0;0;0;86;82;5232;531;3082;0;0;0;0;0;0;0;0;26
77;0;460;2795400;13600;6300;3000;6400;17200;300;300;20700;800;1112400;598600;1004900;0;0;0;0;86;83;4272;151;2523;0;0;0;0;0;0;0;0;1
78;0;463;2802700;11100;5800;2300;6500;7700;300;200;21600;1100;1183200;590300;962300;0;0;0;0;86;83;4272;151;2523;0;0;0;0;0;0;0;0;1
79;0;466;2654000;9800;6600;2600;6000;6900;300;200;16900;3600;1085100;556400;933800;0;0;0;0;86;83;4272;151;2523;0;0;0;0;0;0;0;0;1
80;0;470;3026300;9200;8900;2700;5500;6900;200;200;17600;900;1104800;556200;1298300;0;0;0;0;86;83;4272;151;2523;0;0;0;0;0;0;0;0;1
81;0;473;4273100;17700;11900;3000;9100;11800;300;300;22300;1200;1462500;566900;2152300;0;0;0;0;86;83;4272;151;2523;0;0;0;0;0;0;0;0;1
82;0;476;2972100;12700;7800;3100;7200;7800;300;300;20100;8000;1182800;665900;1043800;0;0;0;0;86;83;4272;151;2523;0;0;0;0;0;0;0;0;1
83;0;480;2810500;11100;6500;2700;6400;7500;300;200;18000;2200;1140000;609900;986400;0;0;0;0;86;83;4272;151;2523;0;0;0;0;0;0;0;0;1
84;0;483;2747400;10700;6300;2600;5800;6700;300;200;18200;5500;1116000;608800;953800;0;0;0;0;86;83;4272;151;2523;0;0;0;0;0;0;0;0;1
85;0;486;2782700;9600;6200;2600;6200;7700;200;200;18900;3400;1101700;575200;1030900;0;0;0;0;86;83;4272;151;2523;0;0;0;0;0;0;0;0;1
86;0;490;4320900;10400;5900;2500;5800;6800;300;200;16800;1000;1837400;583700;1837800;0;0;0;0;86;83;4272;151;2523;0;0;0;0;0;0;0;0;1
87;0;493;3140800;38100;23900;4700;10000;13500;300;300;18600;1100;1198800;629400;1189800;0;0;0;0;86;83;4272;151;2523;0;0;0;0;0;0;0;0;1
88;0;496;2902400;12800;6100;2500;6800;8100;200;200;19000;4900;1229700;615700;985100;0;0;0;0;86;83;4272;151;2523;0;0;0;0;0;0;0;0;1
89;0;500;2744500;9000;5600;2700;6400;8000;200;200;19200;5000;1134500;601600;938500;0;0;0;0;86;83;4272;151;2523;0;0;0;0;0;0;0;0;1
90;0;503;2865500;9000;5800;2200;7200;6700;200;100;17300;1000;1149000;560900;1097300;0;0;0;0;86;83;4272;151;2523;0;0;0;0;0;0;0;0;1
91;0;506;3501100;14900;7200;2500;6900;9800;300;200;18600;1000;1559500;775800;1092100;0;0;0;0;86;83;4272;151;2523;0;0;0;0;0;0;0;0;1
92;0;510;3832200;35700;9100;3800;9200;10000;300;300;25500;1200;1198700;663500;1862700;0;0;0;0;86;83;4272;151;2523;0;0;0;0;0;0;0;0;1
93;0;513;3100300;26000;7500;3400;6900;15000;200;200;18800;1100;1287500;664700;1049200;0;0;0;0;86;83;4272;151;2523;0;0;0;0;0;0;0;0;1
94;0;516;2830000;10500;5800;3100;6600;8300;200;300;22500;900;1183200;645600;933300;0;0;0;0;86;83;4272;151;2523;0;0;0;0;0;0;0;0;1
95;0;520;2797900;11000;6100;3000;7100;16700;200;500;20900;1900;1142800;590200;988100;0;0;0;0;86;83;4272;151;2523;0;0;0;0;0;0;0;0;1
96;0;523;3704900;11600;6600;3000;42700;10800;300;300;171900;2200;1563500;725600;1146200;0;0;0;0;86;83;4272;151;2523;0;0;0;0;0;0;0;0;1
97;0;526;3809600;14400;7500;2500;6700;7900;200;200;18500;900;1282000;693800;1738600;0;0;0;0;86;83;4272;151;2523;0;0;0;0;0;0;0;0;1
98;0;530;2991100;14700;7300;3000;7600;16200;200;300;19000;1100;1325000;615600;969700;0;0;0;0;86;83;4272;151;2523;0;0;0;0;0;0;0;0;1
99;0;533;2813000;11300;5900;3300;7000;9100;300;300;38400;1100;1175300;630000;917900;0;0;0;0;86;83;4272;151;2523;0;0;0;0;0;0;0;0;1
100;0;536;3279100;9900;5500;2500;5900;7200;200;200;16700;3200;1141800;606500;1459700;0;0;0;0;86;83;4272;151;2523;0;0;0;0;0;0;0;0;1
101;0;540;3115200;17900;12200;3700;8700;12700;500;400;30800;2300;1383400;566500;1062900;0;0;0;0;86;83;4272;151;2523;0;0;0;0;0;0;0;0;1
102;0;543;3762500;16800;6700;2600;7100;8100;200;300;17500;800;1308700;632900;1741100;0;0;0;0;86;83;4272;151;2523;0;0;0;0;0;0;0;0;1
103;0;546;3096700;15700;14400;5700;10900;10300;300;300;30100;1000;1323600;606400;1055800;0;0;0;0;86;83;4272;151;2523;0;0;0;0;0;0;0;0;1
104;0;550;2730400;10400;5400;2700;6300;8700;200;300;20800;1500;1165800;575200;923900;0;0;0;0;86;83;4272;151;2523;0;0;0;0;0;0;0;0;1
105;0;553;3095800;10600;5400;3600;5900;6700;200;200;16600;700;1149200;567400;1320800;0;0;0;0;86;83;4272;151;2523;0;0;0;0;0;0;0;0;1
106;0;556;3040400;14800;8000;3300;6700;8000;300;300;19100;800;1347800;568700;1051800;0;0;0;0;86;83;4272;151;2523;0;0;0;0;0;0;0;0;1
107;0;560;4135600;12300;6800;3100;6500;8000;200;200;16800;1100;1284900;705300;2064900;0;0;0;0;86;83;4272;151;2523;0;0;0;0;0;0;0;0;1
108;0;563;2871000;13400;7100;3000;7400;9200;200;200;19800;1000;1263400;595200;940400;0;0;0;0;86;83;4272;151;2523;0;0;0;0;0;0;0;0;1
109;0;566;2791400;11000;6100;2600;7400;8800;200;300;19400;1800;1187900;595300;941200;0;0;0;0;86;83;4272;151;2523;0;0;0;0;0;0;0;0;1
110;0;570;3133500;9300;5500;2600;6100;6500;200;200;17100;900;1118100;591300;1366200;0;0;0;0;86;83;4272;151;2523;0;0;0;0;0;0;0;0;1
111;0;573;3188000;15600;9600;3500;10700;12100;400;200;27000;1400;1433700;533400;1126000;0;0;0;0;86;83;4272;151;2523;0;0;0;0;0;0;0;0;1
112;0;576;4119400;14100;7300;3000;7200;8800;300;200;18000;800;1293300;752500;1999700;0;0;0;0;86;83;4272;151;2523;0;0;0;0;0;0;0;0;1
113;0;580;2963400;22900;14500;5000;7300;13200;300;300;20300;1000;1284200;613000;969700;0;0;0;0;86;83;4272;151;2523;0;0;0;0;0;0;0;0;1
114;0;583;2840000;10500;6100;2700;6600;8800;200;200;18900;3800;1189800;601100;943900;0;0;0;0;86;83;4272;151;2523;0;0;0;0;0;0;0;0;1
115;0;586;3014500;10200;5900;2600;5600;7500;300;200;23900;4000;1318000;549700;1073500;0;0;0;0;86;83;4272;151;2523;0;0;0;0;0;0;0;0;1
116;0;590;2956900;10700;14200;3200;6000;8200;200;200;22100;1000;1140900;584900;1154600;0;0;0;0;86;83;4272;151;2523;0;0;0;0;0;0;0;0;1
117;0;593;3376500;11500;6600;2900;5800;7900;200;200;16900;900;1310900;553400;1446600;0;0;0;0;86;83;4272;151;2523;0;0;0;0;0;0;0;0;1
118;0;596;2937100;54100;24800;7700;17200;56000;300;300;38600;3100;954900;539300;1225200;0;0;0;0;86;83;4272;151;2523;0;0;0;0;0;0;0;0;1
119;0;600;3001800;12000;8000;32000;10300;11200;300;200;18500;900;1254500;660600;955600;0;0;0;0;86;83;4272;151;2523;0;0;0;0;0;0;0;0;1
120;0;603;2836600;9600;5800;4000;6600;7100;200;200;17700;3100;1181500;586300;999100;0;0;0;0;86;83;4272;151;2523;0;0;0;0;0;0;0;0;1
121;0;606;3251200;13300;7700;2900;8500;10000;300;200;24700;1100;1503400;679500;986300;0;0;0;0;86;83;4272;151;2523;0;0;0;0;0;0;0;0;1
122;0;610;3050000;12700;6300;2500;6200;7100;200;300;17900;800;1350200;576300;1059100;0;0;0;0;86;83;4272;151;2523;0;0;0;0;0;0;0;0;1
123;0;613;4001000;13700;6500;2700;6300;8800;300;200;17000;1300;1321300;1038500;1561000;0;0;0;0;86;83;4272;151;2523;0;0;0;0;0;0;0;0;1
124;0;616;2985300;17600;15000;3200;7600;10300;300;200;19400;800;1261300;613100;1024800;0;0;0;0;86;83;4272;151;2523;0;0;0;0;0;0;0;0;1
125;0;620;3168600;11200;6200;2600;6800;7500;200;200;17700;3300;1173800;648200;1273700;0;0;0;0;86;83;4272;151;2523;0;0;0;0;0;0;0;0;1
126;0;623;2871300;16200;10700;4500;8300;18100;300;700;25100;1400;1228500;587600;956700;0;0;0;0;86;83;4272;151;2523;0;0;0;0;0;0;0;0;1
127;0;626;2987200;10900;6200;2600;6400;7000;200;200;17600;3500;1277900;583200;1055500;0;0;0;0;86;83;4272;151;2523;0;0;0;0;0;0;0;0;1
128;0;630;4146600;11300;6800;2900;6100;7900;200;200;18000;800;1296100;883400;1880800;0;0;0;0;86;83;4272;151;2523;0;0;0;0;0;0;0;0;1
129;0;633;2897300;12500;7900;3800;7600;17000;300;300;22000;900;1270800;596000;946500;0;0;0;0;86;83;4272;151;2523;0;0;0;0;0;0;0;0;1
130;0;636;3414500;10500;6800;2500;5800;8900;200;200;19400;4100;1175900;602400;1557300;0;0;0;0;86;83;4272;151;2523;0;0;0;0;0;0;0;0;1
131;0;640;3058600;15700;10000;4100;9100;10200;300;300;26300;1400;1426800;558800;980900;0;0;0;0;86;83;4272;151;2523;0;0;0;0;0;0;0;0;1
132;0;643;3028100;11200;6300;2400;5800;8200;200;200;20700;900;1320200;570400;1071300;0;0;0;0;86;83;4272;151;2523;0;0;0;0;0;0;0;0;1
133;0;646;4239700;13100;7000;2500;7200;9200;200;200;19500;1300;1333600;860900;1969900;0;0;0;0;86;83;4272;151;2523;0;0;0;0;0;0;0;0;1
134;0;650;2903500;12100;7200;3600;6500;9400;300;300;21400;19100;1235000;602300;974400;0;0;0;0;86;83;4272;151;2523;0;0;0;0;0;0;0;0;1
135;0;653;3098200;10400;6300;2600;6400;20000;300;200;18200;2900;1345100;711000;963400;0;0;0;0;86;83;4272;151;2523;0;0;0;0;0;0;0;0;1
136;0;656;2751900;11300;6400;2800;7200;7100;300;200;17200;3500;1114400;596800;969100;0;0;0;0;86;83;4272;151;2523;0;0;0;0;0;0;0;0;1
137;0;660;2925900;10500;5800;3100;6100;8200;200;200;18300;3500;1176100;640600;1038800;0;0;0;0;86;83;4272;151;2523;0;0;0;0;0;0;0;0;1
138;0;663;3898200;11300;6900;2500;6000;7900;200;200;17900;1000;1271200;565000;1995200;0;0;0;0;86;83;4272;151;2523;0;0;0;0;0;0;0;0;1
139;0;666;3043100;31100;12900;4600;17000;13400;400;300;23900;1300;1137300;611500;1175900;0;0;0;0;86;83;4272;151;2523;0;0;0;0;0;0;0;0;1
140;0;670;3072800;11200;6000;2700;6100;11500;200;800;20500;1500;1171800;799900;1029000;0;0;0;0;86;83;4272;151;2523;0;0;0;0;0;0;0;0;1
141;0;673;2761500;10800;6900;2500;6000;14000;300;200;26600;1100;1134100;607700;940500;0;0;0;0;86;83;4272;151;2523;0;0;0;0;0;0;0;0;1
142;0;676;2852800;8900;6400;2200;5600;6300;200;200;17200;700;1148500;609700;1033200;0;0;0;0;86;83;4272;151;2523;0;0;0;0;0;0;0;0;1
143;0;680;2995300;11900;7000;3200;6500;8500;200;300;17700;800;1308800;547700;1071600;0;0;0;0;86;83;4272;151;2523;0;0;0;0;0;0;0;0;1
144;0;683;3676900;13700;6500;2600;6800;8600;200;200;17200;1000;1286100;605800;1707500;0;0;0;0;86;83;4272;151;2523;0;0;0;0;0;0;0;0;1
145;0;686;3908700;14000;7200;4800;10700;16300;200;300;20400;1100;1274600;718300;1821500;0;0;0;0;86;83;4272;151;2523;0;0;0;0;0;0;0;0;1
146;0;690;2886300;13300;7400;5000;16300;8600;200;200;19000;1500;1294400;571400;937800;0;0;0;0;86;83;4272;151;2523;0;0;0;0;0;0;0;0;1
147;0;693;2809200;9800;6000;2700;6100;8400;200;300;17300;5200;1164000;593500;979800;0;0;0;0;86;83;4272;151;2523;0;0;0;0;0;0;0;0;1
148;0;696;3001000;13500;6300;2500;5900;9300;200;200;17800;900;1357400;560900;1016100;0;0;0;0;86;83;4272;151;2523;0;0;0;0;0;0;0;0;1
149;0;700;3757300;12600;8400;3300;5900;7600;200;300;17900;1000;1350200;591000;1748500;0;0;0;0;86;83;4272;151;2523;0;0;0;0;0;0;0;0;1
150;0;703;3322900;11700;8000;34000;7000;9200;300;200;19500;2600;1236100;877100;1098700;0;0;0;0;86;83;4272;151;2523;0;0;0;0;0;0;0;0;1
151;0;706;2780800;11600;6100;2800;6600;6800;200;200;17800;5900;1093200;615800;1002300;0;0;0;0;86;83;4272;151;2523;0;0;0;0;0;0;0;0;1
152;0;710;2784000;11800;5800;2700;6100;9200;200;200;18200;3300;1123000;616300;970000;0;0;0;0;86;83;4272;151;2523;0;0;0;0;0;0;0;0;1
153;0;713;2963400;9400;5600;2600;6000;7900;200;200;16700;3700;1240100;616400;1040500;0;0;0;0;86;83;4272;151;2523;0;0;0;0;0;0;0;0;1
154;0;716;4161200;13000;7100;2900;5700;7000;200;300;17800;1400;1337400;557800;2199000;0;0;0;0;86;83;4272;151;2523;0;0;0;0;0;0;0;0;1
155;0;720;3195400;11600;7800;3400;7200;8300;200;200;19000;1000;1181800;811200;1131500;0;0;0;0;86;83;4272;151;2523;0;0;0;0;0;0;0;0;1
156;0;723;2842300;12300;7000;2600;6900;9200;200;200;22800;900;1149200;666200;942300;0;0;0;0;86;83;4272;151;2523;0;0;0;0;0;0;0;0;1
157;0;726;2757300;10400;5500;2600;6800;7300;200;200;18800;2300;1126900;600400;961000;0;0;0;0;86;83;4272;151;2523;0;0;0;0;0;0;0;0;1
158;0;730;3030800;9100;5600;3000;5600;7600;200;200;16900;1200;1166800;686100;1118200;0;0;0;0;86;83;4272;151;2523;0;0;0;0;0;0;0;0;1
159;0;733;3617300;12100;6100;2600;7000;7400;200;300;18200;2000;1291900;572200;1685400;0;0;0;0;86;83;4272;151;2523;0;0;0;0;0;0;0;0;1
160;0;736;3531400;23700;12300;5000;11000;18900;200;200;23100;1700;1085500;624600;1704200;0;0;0;0;86;83;4272;151;2523;0;0;0;0;0;0;0;0;1
161;0;740;3163900;15100;7100;3000;16100;7800;300;300;20200;1100;1376700;650500;1053900;0;0;0;0;86;83;4272;151;2523;0;0;0;0;0;0;0;0;1
162;0;743;2955000;14500;8200;4100;8900;12200;300;800;19000;1000;1370800;564600;939000;0;0;0;0;86;83;4272;151;2523;0;0;0;0;0;0;0;0;1
163;0;746;2935400;11200;6400;2400;6100;7500;200;300;17300;4000;1164200;563200;1138400;0;0;0;0;86;83;4272;151;2523;0;0;0;0;0;0;0;0;1
164;0;750;3130700;12100;7200;2600;5800;8600;200;300;17300;1200;1329600;555400;1179100;0;0;0;0;86;83;4272;151;2523;0;0;0;0;0;0;0;0;1
165;0;753;3322500;23900;13200;5300;13800;15800;200;200;21200;1400;986200;538500;1684700;0;0;0;0;86;83;4272;151;2523;0;0;0;0;0;0;0;0;1
166;0;756;3190300;32000;11900;5600;10900;10500;700;300;31400;1700;1385400;638300;1046200;0;0;0;0;86;83;4272;151;2523;0;0;0;0;0;0;0;0;1
167;0;760;2853700;11600;6500;2600;7000;6900;200;300;18200;7500;1163300;614900;1001100;0;0;0;0;86;83;4272;151;2523;0;0;0;0;0;0;0;0;1
168;0;763;2738300;10300;6200;2900;6400;7000;200;300;17000;4200;1111800;587100;971100;0;0;0;0;86;83;4272;151;2523;0;0;0;0;0;0;0;0;1
169;0;766;3078400;9800;5500;2600;6300;7600;200;200;17400;3300;1257600;715000;1033700;0;0;0;0;86;83;4272;151;2523;0;0;0;0;0;0;0;0;1
170;0;770;4552400;12300;7200;2600;6700;8300;300;300;17500;900;1329100;695600;2460300;0;0;0;0;86;83;4272;151;2523;0;0;0;0;0;0;0;0;1
171;0;773;3035800;11800;7300;2900;6700;6600;300;300;18500;900;1148400;596100;1223600;0;0;0;0;86;83;4272;151;2523;0;0;0;0;0;0;0;0;1
172;0;776;2872600;12800;6000;2500;6200;12600;200;400;20300;1200;1174000;538700;1086500;0;0;0;0;86;83;4272;151;2523;0;0;0;0;0;0;0;0;1
173;0;780;2840000;10300;6900;2800;6600;12400;200;200;24600;800;1161700;542500;1060100;0;0;0;0;86;83;4272;151;2523;0;0;0;0;0;0;0;0;1
174;0;783;3091800;9900;6100;2400;6100;9000;200;500;22100;1700;1228800;565800;1228100;0;0;0;0;86;83;4272;151;2523;0;0;0;0;0;0;0;0;1
175;0;786;3566100;13000;8300;3900;8700;11000;300;200;25500;2100;1350700;631400;1485300;0;0;0;0;86;83;4272;151;2523;0;0;0;0;0;0;0;0;1
176;0;790;2885700;14200;7500;3200;6700;7700;300;300;19200;2000;1226500;525800;1059600;0;0;0;0;86;83;4272;151;2523;0;0;0;0;0;0;0;0;1
177;0;793;2807100;10400;5600;2700;5800;15800;200;200;23500;700;1171400;502400;1059100;0;0;0;0;86;83;4272;151;2523;0;0;0;0;0;0;0;0;1
178;0;796;2874500;9600;5200;2700;6000;7600;200;100;21500;4900;1211500;545900;1049200;0;0;0;0;86;83;4272;151;2523;0;0;0;0;0;0;0;0;1
179;0;800;2830100;9800;5200;2500;5800;6800;200;100;19000;4200;1114400;593900;1059200;0;0;0;0;86;83;4272;151;2523;0;0;0;0;0;0;0;0;1
180;0;803;4148300;12100;6600;2700;7300;7500;200;200;17500;1600;1329000;744800;1982700;0;0;0;0;86;83;4272;151;2523;0;0;0;0;0;0;0;0;1
181;0;806;2931800;13600;6900;3700;7200;13100;300;300;22900;800;1107400;784400;959100;0;0;0;0;86;83;4272;151;2523;0;0;0;0;0;0;0;0;1
182;0;810;2832700;11500;6100;2500;6300;9600;200;200;17900;5100;1178900;604900;976100;0;0;0;0;86;83;4272;151;2523;0;0;0;0;0;0;0;0;1
183;0;813;2743600;9900;6200;2500;6100;7100;200;200;17500;4400;1113000;618400;944800;0;0;0;0;86;83;4272;151;2523;0;0;0;0;0;0;0;0;1
184;0;816;2674700;10700;5800;2500;6300;6600;200;300;18000;4200;1086100;543500;972200;0;0;0;0;86;83;4272;151;2523;0;0;0;0;0;0;0;0;1
185;0;820;3875100;9700;5600;2400;5700;7400;300;200;17500;900;1234000;566500;2001800;0;0;0;0;86;83;4272;151;2523;0;0;0;0;0;0;0;0;1
186;0;823;2942500;14900;8000;2600;6400;7000;300;200;17600;900;1107600;612800;1152600;0;0;0;0;86;83;4272;151;2523;0;0;0;0;0;0;0;0;1
187;0;826;2839700;11600;5900;3400;6200;11400;200;200;18200;3100;1178100;587300;997500;0;0;0;0;86;83;4272;151;2523;0;0;0;0;0;0;0;0;1
188;0;830;2799900;8700;5800;2600;7700;8000;200;200;16800;2800;1100700;583300;1048700;0;0;0;0;86;83;4272;151;2523;0;0;0;0;0;0;0;0;1
189;0;833;2751700;9300;5600;2500;6800;8000;200;300;17600;5100;1099100;549100;1035700;0;0;0;0;86;83;4272;151;2523;0;0;0;0;0;0;0;0;1
190;0;836;2857300;9500;11000;3100;5800;8800;200;200;17600;3000;1089700;546200;1147000;0;0;0;0;86;83;4272;151;2523;0;0;0;0;0;0;0;0;1
191;0;840;4320100;14100;5800;2700;5900;8200;200;300;18400;800;1585300;963400;1684600;0;0;0;0;86;83;4272;151;2523;0;0;0;0;0;0;0;0;1
192;0;843;3778700;30700;10000;3700;9000;10900;300;300;24900;2000;1518600;792200;1358600;0;0;0;0;86;83;4272;151;2523;0;0;0;0;0;0;0;0;1
193;0;846;3455100;15500;8100;2800;9100;12500;400;1000;29700;1300;1355400;825100;1181100;0;0;0;0;86;83;4272;151;2523;0;0;0;0;0;0;0;0;1
194;0;850;3588200;24300;9700;3000;9700;15200;300;300;26300;1400;1492600;777400;1210200;0;0;0;0;86;83;4272;151;2523;0;0;0;0;0;0;0;0;1
195;0;853;4254000;14500;7800;2800;8300;10000;200;300;23000;4100;1635400;796500;1733700;0;0;0;0;86;83;4272;151;2523;0;0;0;0;0;0;0;0;1
196;0;856;3659500;35400;10800;4200;10300;11000;300;400;33300;2200;1383700;974000;1177200;0;0;0;0;86;83;4272;151;2523;0;0;0;0;0;0;0;0;1
197;0;860;3621800;15100;8200;2900;9600;10600;400;400;27800;1500;1524900;809400;1196600;0;0;0;0;86;83;4272;151;2523;0;0;0;0;0;0;0;0;1
198;0;863;3491700;15200;7900;3900;9200;9900;200;300;26700;1100;1460600;744000;1200100;0;0;0;0;86;83;4272;151;2523;0;0;0;0;0;0;0;0;1
199;0;866;4081200;14200;8200;2600;9800;10000;200;200;25600;1300;1620100;816600;1553500;0;0;0;0;86;83;4272;151;2523;0;0;0;0;0;0;0;0;1
200;0;870;4043100;17000;9100;3300;10100;11600;300;300;27900;1600;1502000;750200;1677400;0;0;0;0;86;83;4272;151;2523;0;0;0;0;0;0;0;0;1
201;0;873;3274500;17100;8300;3100;7600;8700;300;200;21900;4100;1443200;630500;1111400;0;0;0;0;86;83;4272;151;2523;0;0;0;0;0;0;0;0;1
202;0;876;3047900;12100;7100;3200;6700;8400;300;200;21600;1800;1222200;654100;1098700;0;0;0;0;86;83;4272;151;2523;0;0;0;0;0;0;0;0;1
203;0;880;3017500;15000;8200;3800;13600;9500;300;200;19300;2500;1192100;646500;1094300;0;0;0;0;86;83;4272;151;2523;0;0;0;0;0;0;0;0;1
204;0;883;3711700;10500;62500;2900;8400;9800;300;300;23000;1400;1493000;645700;1438800;0;0;0;0;86;83;4272;151;2523;0;0;0;0;0;0;0;0;1
205;0;886;3045200;14900;10200;3500;9800;18400;300;200;21800;1000;1075000;570900;1302500;0;0;0;0;86;83;4272;151;2523;0;0;0;0;0;0;0;0;1
206;0;890;3205700;12700;6900;2800;30200;7400;400;200;20900;19600;1393000;587100;1100200;0;0;0;0;86;83;4272;151;2523;0;0;0;0;0;0;0;0;1
207;0;893;3153900;11500;5800;2500;6300;7200;200;200;31700;2700;1279400;634200;1161100;0;0;0;0;86;83;4272;151;2523;0;0;0;0;0;0;0;0;1
208;0;896;3789700;14900;8400;3900;8600;9600;300;200;22200;1100;1268900;716300;1722900;0;0;0;0;86;83;4272;151;2523;0;0;0;0;0;0;0;0;1
209;0;900;4267200;20500;12600;2900;9000;14100;300;300;24600;2000;1825200;768000;1568700;0;0;0;0;86;83;4272;151;2523;0;0;0;0;0;0;0;0;1
210;0;903;3463200;36000;21200;6700;20400;21300;500;400;27900;2100;1023100;591200;1686300;0;0;0;0;86;83;4272;151;2523;0;0;0;0;0;0;0;0;1
211;0;906;3833400;21400;11500;4400;8200;10800;200;200;19900;1900;1526000;684200;1528600;0;0;0;0;86;83;4272;151;2523;0;0;0;0;0;0;0;0;1
212;0;910;4286300;20300;8800;3300;9300;9600;400;300;25000;1200;1650200;809500;1731400;0;0;0;0;86;83;4272;151;2523;0;0;0;0;0;0;0;0;1
213;0;913;4148000;21200;12000;3200;10200;12000;300;400;30700;1200;1703900;788400;1544500;0;0;0;0;86;83;4272;151;2523;0;0;0;0;0;0;0;0;1
214;0;916;4428100;21600;11300;4700;14000;11300;300;400;25700;2200;1580900;1020600;1689500;0;0;0;0;86;83;4272;151;2523;0;0;0;0;0;0;0;0;1
215;0;920;3694000;23000;16200;4400;7900;18200;300;200;20300;900;1462600;694800;1426500;0;0;0;0;86;83;4272;151;2523;0;0;0;0;0;0;0;0;1
216;0;923;3279300;15400;8000;3600;10300;11100;200;200;18700;1100;1209900;721100;1264300;0;0;0;0;86;83;4272;151;2523;0;0;0;0;0;0;0;0;1
217;0;926;3904600;14100;8200;3000;11500;11800;200;200;19200;1300;1247200;1071700;1498200;0;0;0;0;86;83;4272;151;2523;0;0;0;0;0;0;0;0;1
218;0;930;4125600;18200;9000;3200;7300;8100;200;200;19700;900;1466100;710900;1843300;0;0;0;0;86;83;4272;151;2523;0;0;0;0;0;0;0;0;1
219;0;933;3381300;15500;8100;3800;7700;8800;300;300;19000;900;1441200;644500;1215600;0;0;0;0;86;83;4272;151;2523;0;0;0;0;0;0;0;0;1
220;0;936;3313700;17500;8400;2800;6800;10500;300;200;19000;800;1378600;621600;1232400;0;0;0;0;86;83;4272;151;2523;0;0;0;0;0;0;0;0;1
221;0;940;3556900;14300;7500;3000;7800;9200;300;200;19800;800;1417200;843000;1217000;0;0;0;0;86;83;4272;151;2523;0;0;0;0;0;0;0;0;1
222;0;943;3209900;11900;6700;2700;6200;6700;200;200;20200;3100;1213100;709400;1211100;0;0;0;0;86;83;4272;151;2523;0;0;0;0;0;0;0;0;1
223;0;946;3656200;11700;7500;2800;7600;12200;300;200;21000;900;1292600;572800;1705800;0;0;0;0;86;83;4272;151;2523;0;0;0;0;0;0;0;0;1
224;0;950;3479800;14400;7500;4000;6700;9600;200;200;20200;4400;1298200;686900;1410400;0;0;0;0;86;83;4272;151;2523;0;0;0;0;0;0;0;0;1
225;0;953;3275900;13300;8000;3200;7600;7900;200;200;19300;4100;1312600;657500;1218400;0;0;0;0;86;83;4272;151;2523;0;0;0;0;0;0;0;0;1
226;0;956;3491000;10300;7000;2800;49500;14300;400;200;31500;1500;1645200;626400;1086100;0;0;0;0;86;83;4272;151;2523;0;0;0;0;0;0;0;0;1
227;0;960;3294100;15900;7800;2900;6400;15900;200;500;19300;700;1220600;676400;1313100;0;0;0;0;86;83;4272;151;2523;0;0;0;0;0;0;0;0;1
228;0;963;3011300;31400;16500;4500;9200;11700;300;200;18000;800;1034500;557700;1311800;0;0;0;0;86;83;4272;151;2523;0;0;0;0;0;0;0;0;1
229;0;966;3326900;16400;17800;5800;7800;12500;200;200;18900;700;1245500;511200;1473800;0;0;0;0;86;83;4272;151;2523;0;0;0;0;0;0;0;0;1
230;0;970;3618800;12700;6900;2700;6800;12700;200;200;22800;1200;1323000;652700;1564500;0;0;0;0;86;83;4272;151;2523;0;0;0;0;0;0;0;0;1
231;0;973;4562800;16700;12500;4200;13900;11300;500;400;42000;1300;1641100;1440300;1363000;0;0;0;0;86;83;4272;151;2523;0;0;0;0;0;0;0;0;1
232;0;976;4793500;18500;12800;5400;17300;12600;400;600;49900;1600;1621600;1666900;1367900;0;0;0;0;86;83;4272;151;2523;0;0;0;0;0;0;0;0;1
233;0;980;4265000;15500;10600;5100;12300;11100;300;300;47700;1300;1425100;1699200;1022100;0;0;0;0;86;83;4272;151;2523;0;0;0;0;0;0;0;0;1
234;0;983;3378200;11200;7000;2900;7500;8900;300;300;20900;1000;1173500;829200;1303600;0;0;0;0;86;83;4272;151;2523;0;0;0;0;0;0;0;0;1
235;0;986;3070300;14200;8700;3900;10300;10500;400;400;30100;1800;1264800;555800;1156400;0;0;0;0;86;83;4272;151;2523;0;0;0;0;0;0;0;0;1
236;0;990;3025600;11300;6000;2500;6200;7800;300;200;17100;1000;1261700;606800;1090800;0;0;0;0;86;83;4272;151;2523;0;0;0;0;0;0;0;0;1
237;0;993;3631800;18700;9800;3400;9100;16100;300;300;27000;1800;1274000;839100;1405400;0;0;0;0;86;83;4272;151;2523;0;0;0;0;0;0;0;0;1
238;0;996;3345800;14900;9700;3500;8900;39300;400;300;28200;4300;1545300;650900;1024300;0;0;0;0;86;83;4272;151;2523;0;0;0;0;0;0;0;0;1
239;0;1000;3236800;13200;6500;2600;6000;7400;200;200;20500;900;1346600;723600;1097800;0;0;0;0;86;83;4272;151;2523;0;0;0;0;0;0;0;0;1
240;0;1003;2917600;13400;21200;4600;9600;10200;300;300;24100;1300;1208300;583100;1028100;0;0;0;0;86;83;4272;151;2523;0;0;0;0;0;0;0;0;1
241;0;1006;3288800;11200;13700;2400;7500;9600;200;100;17700;1300;1255300;583700;1369200;0;0;0;0;86;83;4272;151;2523;0;0;0;0;0;0;0;0;1
242;0;1010;3754400;12700;8000;2900;6800;10000;200;200;18000;1300;1241000;516900;1923100;0;0;0;0;86;83;4272;151;2523;0;0;0;0;0;0;0;0;1
243;0;1013;3241800;14100;7900;2800;7100;7500;200;200;20100;1000;1325900;539600;1302000;0;0;0;0;86;83;4272;151;2523;0;0;0;0;0;0;0;0;1
244;0;1016;3747400;12200;6500;2800;6800;11800;200;400;22000;1300;1473400;1015800;1180500;0;0;0;0;86;83;4272;151;2523;0;0;0;0;0;0;0;0;1
245;0;1020;3211400;14100;6900;2400;7200;7800;200;200;19600;800;1335600;613200;1191500;0;0;0;0;86;83;4272;151;2523;0;0;0;0;0;0;0;0;1
246;0;1023;3275200;11000;5600;2700;6000;7300;300;200;17800;2900;1202600;570900;1436400;0;0;0;0;86;83;4272;151;2523;0;0;0;0;0;0;0;0;1
247;0;1026;3033800;13300;6400;3100;6200;10400;200;300;18100;1400;1068700;543400;1349600;0;0;0;0;86;83;4272;151;2523;0;0;0;0;0;0;0;0;1
248;0;1030;4212800;10300;6800;2700;6200;6900;200;200;30300;900;1521000;586300;2029700;0;0;0;0;86;83;4272;151;2523;0;0;0;0;0;0;0;0;1
249;0;1033;3219700;18500;11200;4100;11500;10100;300;400;29900;1500;1433000;633900;1050000;0;0;0;0;86;83;4272;151;2523;0;0;0;0;0;0;0;0;1
250;0;1036;3011600;12600;6100;3000;6700;19300;200;400;21000;1000;1154400;585300;1188800;0;0;0;0;86;83;4272;151;2523;0;0;0;0;0;0;0;0;1
251;0;1040;3421800;9600;6000;3100;6000;7100;300;200;17900;800;1194300;605200;1561600;0;0;0;0;86;83;4272;151;2523;0;0;0;0;0;0;0;0;1
252;0;1043;3497300;24800;16500;4400;10700;21300;500;500;47300;3000;1201900;675300;1475500;0;0;0;0;86;83;4272;151;2523;0;0;0;0;0;0;0;0;1
253;0;1046;3807500;19500;16200;3100;7300;11700;200;300;19300;1400;1270600;1075900;1365200;0;0;0;0;86;83;4272;151;2523;0;0;0;0;0;0;0;0;1
254;0;1050;2876000;11900;6200;2700;6100;6400;200;300;17700;1100;1079000;572300;1162500;0;0;0;0;86;83;4272;151;2523;0;0;0;0;0;0;0;0;1
255;0;1053;3030100;10900;6000;2600;6200;8500;200;200;17800;7800;1197900;568400;1190100;0;0;0;0;86;83;4272;151;2523;0;0;0;0;0;0;0;0;1
256;0;1056;3357900;10400;5600;2400;6000;6400;200;300;16600;700;1210000;556200;1533900;0;0;0;0;86;83;4272;151;2523;0;0;0;0;0;0;0;0;1
257;0;1060;2773900;11200;8100;2600;6800;8000;300;200;18000;800;1029000;522200;1157100;0;0;0;0;86;83;4272;151;2523;0;0;0;0;0;0;0;0;1
258;0;1063;3478900;10400;6000;2600;6000;9200;200;300;19600;700;1310600;514200;1585300;0;0;0;0;86;83;4272;151;2523;0;0;0;0;0;0;0;0;1
259;0;1066;3163900;14400;28900;3000;6400;11800;200;200;18100;900;1328400;621700;1118100;0;0;0;0;86;83;4272;151;2523;0;0;0;0;0;0;0;0;1
260;0;1070;2945000;10600;5800;3200;6100;6500;200;200;17700;600;1178000;556200;1150800;0;0;0;0;86;83;4272;151;2523;0;0;0;0;0;0;0;0;1
261;0;1073;3182800;9400;6100;2400;6800;7000;200;200;17700;1000;1287000;591900;1243600;0;0;0;0;86;83;4272;151;2523;0;0;0;0;0;0;0;0;1
262;0;1076;3714600;12500;5900;2800;6000;8100;200;200;17400;800;1355600;496800;1797600;0;0;0;0;86;83;4272;151;2523;0;0;0;0;0;0;0;0;1
263;0;1080;4081100;15000;11700;4300;11900;9600;200;200;19400;900;1490400;1045700;1458100;0;0;0;0;86;83;4272;151;2523;0;0;0;0;0;0;0;0;1
264;0;1083;2990800;13200;7000;2900;6900;7700;200;200;18300;700;1175800;606000;1140200;0;0;0;0;86;83;4272;151;2523;0;0;0;0;0;0;0;0;1
265;0;1086;2979900;10900;6900;3200;6300;7600;300;300;18200;1200;1161000;622200;1131600;0;0;0;0;86;83;4272;151;2523;0;0;0;0;0;0;0;0;1
266;0;1090;2948800;10000;5800;2700;6100;7100;200;200;18700;3300;1126100;557800;1198000;0;0;0;0;86;83;4272;151;2523;0;0;0;0;0;0;0;0;1
267;0;1093;2967900;9200;6500;2900;6400;6400;200;800;17200;1100;1152700;548700;1207300;0;0;0;0;86;83;4272;151;2523;0;0;0;0;0;0;0;0;1
268;0;1096;3183100;16300;8600;3300;9000;13300;200;300;21300;2100;1030900;730300;1332800;0;0;0;0;86;83;4272;151;2523;0;0;0;0;0;0;0;0;1
269;0;1100;3193300;13400;45600;3100;5900;7700;300;200;37400;900;1225700;516500;1325100;0;0;0;0;86;83;4272;151;2523;0;0;0;0;0;0;0;0;1
270;0;1103;3066000;10800;7500;3000;6400;7400;200;200;18000;1000;1212200;491000;1297600;0;0;0;0;86;83;4272;151;2523;0;0;0;0;0;0;0;0;1
271;0;1106;3076700;17100;6600;3000;6500;8700;200;100;18600;800;1197900;515600;1292300;0;0;0;0;86;83;4272;151;2523;0;0;0;0;0;0;0;0;1
272;0;1110;3715100;17200;6700;2900;6700;8800;200;200;18700;1300;1264300;497400;1882000;0;0;0;0;86;83;4272;151;2523;0;0;0;0;0;0;0;0;1
273;0;1113;3310600;10700;6500;2600;6400;14700;200;300;19600;800;1220300;572700;1446000;0;0;0;0;86;83;4272;151;2523;0;0;0;0;0;0;0;0;1
274;0;1116;3062100;14400;6300;3000;10200;8300;200;200;18900;900;1191400;511100;1287800;0;0;0;0;86;83;4272;151;2523;0;0;0;0;0;0;0;0;1
275;0;1120;3035900;10000;6000;2500;7200;25000;200;200;17500;900;1163800;523900;1270400;0;0;0;0;86;83;4272;151;2523;0;0;0;0;0;0;0;0;1
276;0;1123;3020200;17900;6100;3800;8700;7100;300;300;18100;800;1128200;488700;1331600;0;0;0;0;86;83;4272;151;2523;0;0;0;0;0;0;0;0;1
277;0;1126;3504300;16200;6400;3800;7100;8100;300;100;17600;1200;1296000;532400;1603500;0;0;0;0;86;83;4272;151;2523;0;0;0;0;0;0;0;0;1
278;0;1130;3707500;20700;11100;5600;10400;16200;300;200;19700;2500;1248500;722900;1634900;0;0;0;0;86;83;4272;151;2523;0;0;0;0;0;0;0;0;1
279;0;1133;3143300;13900;7600;3800;6900;8200;200;200;20600;3600;1199400;554500;1308200;0;0;0;0;86;83;4272;151;2523;0;0;0;0;0;0;0;0;1
280;0;1136;3047600;24400;5800;2800;7800;9100;300;200;17600;1200;1147100;519900;1302600;0;0;0;0;86;83;4272;151;2523;0;0;0;0;0;0;0;0;1
281;0;1140;2968000;27000;5700;2900;6400;9800;200;300;18700;900;1111000;488800;1287200;0;0;0;0;86;83;4272;151;2523;0;0;0;0;0;0;0;0;1
282;0;1143;3317200;26700;6300;2500;6100;8500;300;200;18200;1300;1254100;518000;1465200;0;0;0;0;86;83;4272;151;2523;0;0;0;0;0;0;0;0;1
283;0;1146;3196600;27400;18100;5800;15100;35400;200;300;20200;2000;1174100;512200;1375600;0;0;0;0;86;83;4272;151;2523;0;0;0;0;0;0;0;0;1
284;0;1150;3114400;12300;6900;2600;6100;9500;300;200;20000;700;1255700;521600;1265000;0;0;0;0;86;83;4272;151;2523;0;0;0;0;0;0;0;0;1
285;0;1153;2978000;20900;7800;2900;6600;7900;200;200;18400;700;1174200;472700;1256400;0;0;0;0;86;83;4272;151;2523;0;0;0;0;0;0;0;0;1
286;0;1156;3036000;18800;5600;2600;6100;8100;200;200;17400;800;1165400;524100;1278700;0;0;0;0;86;83;4272;151;2523;0;0;0;0;0;0;0;0;1
287;0;1160;3201600;21800;6200;2800;7000;8900;200;200;17500;700;1211700;545200;1367500;0;0;0;0;86;82;5232;631;3082;0;0;0;0;0;0;0;0;481
288;0;1163;4177900;22600;15600;3600;14200;18300;200;200;31000;4100;1476500;646300;1928200;0;0;0;0;86;82;5232;631;3082;0;0;0;0;0;0;0;0;440
289;0;1166;3564800;29400;7700;4500;6700;10600;300;300;22700;1000;1279100;667200;1521600;0;0;0;0;86;82;5232;631;3082;0;0;0;0;0;0;0;0;358
290;0;1170;3338800;19100;10900;2700;6000;7700;300;200;19000;800;1293300;657600;1310500;0;0;0;0;86;82;5232;631;3082;0;0;0;0;0;0;0;0;296
291;0;1173;3030800;22900;6900;3500;10000;8000;200;200;21300;700;1146200;552800;1248700;0;0;0;0;86;82;5232;631;3082;0;0;0;0;0;0;0;0;243
292;0;1176;3491600;31700;5700;2300;6600;7300;200;200;18200;700;1215000;763800;1428800;0;0;0;0;86;82;5232;632;3082;0;0;0;0;0;0;0;0;256
293;0;1180;2760200;21800;11200;3100;9500;12200;200;200;21500;1500;1031300;571000;1061000;0;0;0;0;86;82;5232;631;3082;0;0;0;0;0;0;0;0;244
294;0;1183;3101900;11100;5900;2300;7100;8300;200;200;16900;5000;1303600;560600;1165400;0;0;0;0;86;82;5232;631;3082;0;0;0;0;0;0;0;0;238
295;0;1186;2940900;10500;6500;2600;6500;7700;200;200;17900;800;1199200;620700;1058100;0;0;0;0;86;82;5232;631;3082;0;0;0;0;0;0;0;0;238
296;0;1190;2972000;10200;5800;2500;5600;7200;200;200;16700;1100;1096400;705500;1111700;0;0;0;0;86;82;5232;631;3082;0;0;0;0;0;0;0;0;242
297;0;1193;3099600;9700;5900;3300;5900;6600;300;200;17700;1200;1117700;603000;1310700;0;0;0;0;86;82;5232;631;3082;0;0;0;0;0;0;0;0;252
298;0;1196;3697500;16800;9100;4500;9100;11600;300;300;28500;1200;1404900;629000;1560400;0;0;0;0;86;82;5232;631;3082;0;0;0;0;0;0;0;0;252
299;0;1200;3048100;13200;19700;3100;7700;7900;200;300;21800;1600;1160200;667200;1129300;0;0;0;0;86;82;5232;631;3082;0;0;0;0;0;0;0;0;244
