# scene=solar_system_v1compat_belt_lod.json;config=Release;cpu=Intel(R) Core(TM) i9-10900X CPU @ 3.70GHz;affinity=fffff;ablation=none;rasterstats=0;lodstats=0;asserts_lib=0;res=1536x900;views=4;mesurees=240;chauffe=60;overhead_ns=115;resolution_ns=100
zone;median_ns;p95_ns;max_ns;pourmille_de_la_frame
FRAME;7873500;10772100;11717500;1000
Input;13400;19100;33500;1
Animation;105500;150600;245200;13
LocalXform1;61600;88000;222900;7
WorldXform1;86500;123200;298000;10
Cameras;7900;11400;22500;1
LocalXform2;1200;1900;4600;0
WorldXform2;1100;1700;3400;0
Trigger;40100;59600;147200;5
BuildViews;1600;2300;4500;0
Clear;1014200;1457000;1648700;128
Render;4496500;6811300;7927500;571
Present;1926900;2610800;3019700;244
RESTE;70600;127700;177400;8
Entities;0;0;0;0
XformNodes;0;0;0;0
TriggerPairs;0;0;0;0
TriggerHits;0;0;0;0
MeshesTested;2580;2580;2580;0
MeshesCulled;1283;1286;1287;0
FacesSubmitted;82988;90412;94380;0
TrisRasterized;38484;39785;40397;0
VertsTransformed;58661;62851;64994;0
TrisCov0;0;0;0;0
TrisCov1;0;0;0;0
TrisCov2to4;0;0;0;0
TrisCov5plus;0;0;0;0
TrisTightEmpty;0;0;0;0
PixelsTested;0;0;0;0
PixelsTight;0;0;0;0
PixelsCovered;0;0;0;0
TrisEarlyRejected;38114;39300;40022;0
FacesInside;77092;79300;80548;0
InstPx0to1;0;0;0;0
InstPx1to4;0;0;0;0
InstPx4to16;0;0;0;0
InstPx16plus;0;0;0;0
FacesPx0to1;0;0;0;0
FacesPx1to4;0;0;0;0
FacesPx4to16;0;0;0;0
FacesPx16plus;0;0;0;0
VertsInside;0;0;0;0
TrisEmittedInside;0;0;0;0
LodLevel0;97;103;104;0
LodLevel1;0;0;0;0
LodLevel2;0;0;0;0
LodLevel3;1200;1200;1200;0
