# scene=solar_system_v1compat_belt.json;config=Release;cpu=Intel(R) Core(TM) i9-10900X CPU @ 3.70GHz;affinity=fffff;ablation=none;rasterstats=0;lodstats=0;asserts_lib=0;res=1536x900;views=4;frames=300;warmup=60;overhead_ns=117;resolution_ns=100
frame;warmup;sim_millidays;frame_ns;Input_ns;Animation_ns;LocalXform1_ns;WorldXform1_ns;Cameras_ns;LocalXform2_ns;WorldXform2_ns;Trigger_ns;BuildViews_ns;Clear_ns;Render_ns;Present_ns;Entities;XformNodes;TriggerPairs;TriggerHits;MeshesTested;MeshesCulled;FacesSubmitted;TrisRasterized;VertsTransformed;TrisCov0;TrisCov1;TrisCov2to4;TrisCov5plus;TrisTightEmpty;PixelsTested;PixelsTight;PixelsCovered;TrisEarlyRejected;FacesInside;InstPx0to1;InstPx1to4;InstPx4to16;InstPx16plus;FacesPx0to1;FacesPx1to4;FacesPx4to16;FacesPx16plus;VertsInside;TrisEmittedInside;LodLevel0;LodLevel1;LodLevel2;LodLevel3
0;1;203;29326800;2023200;143400;93600;124500;47700;2400;1600;60800;2600;3252500;8665000;14729400;0;0;0;0;2580;1263;295780;139369;192954;0;0;0;0;0;0;0;0;138043;277236;0;0;0;0;0;0;0;0;0;0;1317;0;0;0
1;1;206;16350900;2028300;149500;87600;124800;13700;1700;1500;57200;2500;1224900;9112500;3486800;0;0;0;0;2580;1275;288012;135098;188327;0;0;0;0;0;0;0;0;133797;269764;0;0;0;0;0;0;0;0;0;0;1305;0;0;0
2;1;210;13987700;344000;147600;87500;123500;11900;1900;1500;57100;2500;1212300;9899900;2037000;0;0;0;0;2580;1270;291468;137941;190374;0;0;0;0;0;0;0;0;136761;273508;0;0;0;0;0;0;0;0;0;0;1310;0;0;0
3;1;213;13508300;19500;147100;87300;123200;10700;1700;1600;57200;2600;1148700;9805100;2028300;0;0;0;0;2580;1270;288108;136587;188504;0;0;0;0;0;0;0;0;135764;270916;0;0;0;0;0;0;0;0;0;0;1310;0;0;0
4;1;216;12606200;9600;43100;25300;35100;4500;500;500;16400;1000;755900;9665300;2000200;0;0;0;0;2580;1270;290124;137434;189626;0;0;0;0;0;0;0;0;136634;271876;0;0;0;0;0;0;0;0;0;0;1310;0;0;0
5;1;220;13385600;17300;135800;80900;113500;10200;1600;1400;54600;2200;1106800;9569300;2237900;0;0;0;0;2580;1273;288588;136795;188697;0;0;0;0;0;0;0;0;135537;272548;0;0;0;0;0;0;0;0;0;0;1307;0;0;0
6;1;223;14000200;24700;189900;137200;195100;14900;3100;2000;98400;3300;1245600;9818800;2205900;0;0;0;0;2580;1274;288972;136571;188886;0;0;0;0;0;0;0;0;135344;272932;0;0;0;0;0;0;0;0;0;0;1306;0;0;0
7;1;226;13933700;18500;150200;87600;122700;10800;1800;1600;55900;2300;1172400;9834700;2414000;0;0;0;0;2580;1273;287916;136409;188323;0;0;0;0;0;0;0;0;135142;271588;0;0;0;0;0;0;0;0;0;0;1307;0;0;0
8;1;230;15131700;20300;155200;87600;124000;11400;1800;1600;56600;2400;1398800;10672500;2540200;0;0;0;0;2580;1278;285132;135310;186650;0;0;0;0;0;0;0;0;134508;270052;0;0;0;0;0;0;0;0;0;0;1302;0;0;0
9;1;233;14247800;19800;157600;87400;122300;11800;1700;1600;58200;2400;1161100;10415700;2146500;0;0;0;0;2580;1273;287916;136663;188323;0;0;0;0;0;0;0;0;135838;272836;0;0;0;0;0;0;0;0;0;0;1307;0;0;0
10;1;236;9817900;9200;46800;27400;36100;4400;500;400;17600;800;770100;6843300;2015700;0;0;0;0;2580;1275;285996;135104;187205;0;0;0;0;0;0;0;0;133843;269956;0;0;0;0;0;0;0;0;0;0;1305;0;0;0
11;1;240;13588800;16900;154500;87800;123200;10700;1700;1500;59400;2400;1174300;9836400;2063100;0;0;0;0;2580;1273;289260;136743;189071;0;0;0;0;0;0;0;0;135512;273220;0;0;0;0;0;0;0;0;0;0;1307;0;0;0
12;1;243;9678700;8200;44700;25100;35100;4200;500;400;16200;900;714100;6802300;1984200;0;0;0;0;2580;1275;288012;136571;188327;0;0;0;0;0;0;0;0;135300;271972;0;0;0;0;0;0;0;0;0;0;1305;0;0;0
13;1;246;9958300;8300;43500;24600;34900;3900;500;500;16800;700;643800;6725300;2413000;0;0;0;0;2580;1275;286668;136029;187579;0;0;0;0;0;0;0;0;135193;271588;0;0;0;0;0;0;0;0;0;0;1305;0;0;0
14;1;250;13437600;16100;148700;87400;123600;11000;1900;1600;59800;2200;1066600;9880700;1981500;0;0;0;0;2580;1273;287244;135894;187949;0;0;0;0;0;0;0;0;135072;271876;0;0;0;0;0;0;0;0;0;0;1307;0;0;0
15;1;253;9275500;7700;43200;24900;35100;3700;500;400;16400;700;672800;6493100;1935300;0;0;0;0;2580;1276;286380;136345;187394;0;0;0;0;0;0;0;0;135526;270628;0;0;0;0;0;0;0;0;0;0;1304;0;0;0
16;1;256;13464700;16600;148100;87500;123000;10800;1900;1600;57800;2200;1094400;9932700;1928800;0;0;0;0;2580;1273;288588;136763;188697;0;0;0;0;0;0;0;0;135539;272836;0;0;0;0;0;0;0;0;0;0;1307;0;0;0
17;1;260;13748900;17000;147200;87500;122800;10800;1700;1600;57600;2300;1113200;9844600;2291100;0;0;0;0;2580;1273;288588;136794;188697;0;0;0;0;0;0;0;0;135571;272260;0;0;0;0;0;0;0;0;0;0;1307;0;0;0
18;1;263;13491800;16900;150300;87800;123300;11500;1700;1600;57600;2400;1149600;9837100;2000500;0;0;0;0;2580;1273;287244;135624;187949;0;0;0;0;0;0;0;0;134841;269956;0;0;0;0;0;0;0;0;0;0;1307;0;0;0
19;1;266;13288500;17400;161300;87600;122100;10600;1700;1600;60200;2300;1122200;9710200;1935400;0;0;0;0;2580;1276;287052;136168;187768;0;0;0;0;0;0;0;0;135423;271972;0;0;0;0;0;0;0;0;0;0;1304;0;0;0
20;1;270;13514900;17400;147800;87500;122700;10900;1800;1500;56800;2200;1117300;9850800;2043400;0;0;0;0;2580;1276;286380;135993;187394;0;0;0;0;0;0;0;0;135243;270340;0;0;0;0;0;0;0;0;0;0;1304;0;0;0
21;1;273;13314800;17500;148200;87300;122000;10700;1800;1600;59400;2300;1134600;9771300;1903200;0;0;0;0;2580;1273;286572;135796;187575;0;0;0;0;0;0;0;0;134633;269956;0;0;0;0;0;0;0;0;0;0;1307;0;0;0
22;1;276;13926200;17000;148300;87300;123200;10900;1700;1800;55600;25800;1132900;10305300;1961000;0;0;0;0;2580;1271;289836;137246;189441;0;0;0;0;0;0;0;0;136124;273508;0;0;0;0;0;0;0;0;0;0;1309;0;0;0
23;1;280;13799000;16300;174500;88200;123500;11500;1700;1600;58700;2600;1119600;9803200;2345300;0;0;0;0;2580;1276;286380;135727;187394;0;0;0;0;0;0;0;0;134595;269380;0;0;0;0;0;0;0;0;0;0;1304;0;0;0
24;1;283;27451900;19200;148600;87700;122500;11200;1900;1600;86200;2600;1158300;23597700;2123200;0;0;0;0;2580;1276;286380;135986;187394;0;0;0;0;0;0;0;0;135308;270340;0;0;0;0;0;0;0;0;0;0;1304;0;0;0
25;1;286;13035700;10100;61500;35000;49800;5400;600;600;22600;1000;763600;9948100;2077200;0;0;0;0;2580;1275;286668;136012;187579;0;0;0;0;0;0;0;0;135344;271588;0;0;0;0;0;0;0;0;0;0;1305;0;0;0
26;1;290;12267200;10200;67600;39200;55200;5200;700;700;27700;1100;780600;9147400;2076500;0;0;0;0;2580;1278;285132;135120;186650;0;0;0;0;0;0;0;0;134470;270052;0;0;0;0;0;0;0;0;0;0;1302;0;0;0
27;1;293;9767200;8200;55800;31900;45700;4100;600;500;21400;900;734200;6878300;1941500;0;0;0;0;2580;1274;286956;136190;187764;0;0;0;0;0;0;0;0;135118;272164;0;0;0;0;0;0;0;0;0;0;1306;0;0;0
28;1;296;13397100;17800;149700;87400;122100;10700;1700;1600;56100;2200;1145100;9778400;1967200;0;0;0;0;2580;1271;289164;137171;189067;0;0;0;0;0;0;0;0;136114;273508;0;0;0;0;0;0;0;0;0;0;1309;0;0;0
29;1;300;13162300;16400;147900;87700;139700;11400;1700;1600;89900;3100;1136300;9428600;2047300;0;0;0;0;2580;1279;284844;135263;186465;0;0;0;0;0;0;0;0;134678;268804;0;0;0;0;0;0;0;0;0;0;1301;0;0;0
30;1;303;13105900;16600;148600;87400;122800;10900;1800;1500;59600;2300;1126100;9458000;2020700;0;0;0;0;2580;1279;283500;134451;185717;0;0;0;0;0;0;0;0;133854;268708;0;0;0;0;0;0;0;0;0;0;1301;0;0;0
31;1;306;13274100;16900;150100;87500;122400;12300;1700;1600;58000;2300;1140000;9646200;1978400;0;0;0;0;2580;1274;288300;136951;188512;0;0;0;0;0;0;0;0;136400;272548;0;0;0;0;0;0;0;0;0;0;1306;0;0;0
32;1;310;13438000;16900;149900;87500;123100;11300;1700;1500;58000;2400;1108400;9732900;2093300;0;0;0;0;2580;1277;286092;135245;187209;0;0;0;0;0;0;0;0;134265;269092;0;0;0;0;0;0;0;0;0;0;1303;0;0;0
33;1;313;13318300;17700;147600;87600;122200;11100;1700;1600;56200;2500;1130700;9674600;2013200;0;0;0;0;2580;1275;286668;136134;187579;0;0;0;0;0;0;0;0;135201;271876;0;0;0;0;0;0;0;0;0;0;1305;0;0;0
34;1;316;13052300;17000;149600;87600;123200;11000;1800;1600;56300;2300;1111800;9432000;2007700;0;0;0;0;2580;1276;287052;136444;187768;0;0;0;0;0;0;0;0;135994;272260;0;0;0;0;0;0;0;0;0;0;1304;0;0;0
35;1;320;13580000;17100;157700;140400;170900;12200;1800;1600;56800;32500;1198000;9412800;2326500;0;0;0;0;2580;1275;286668;135961;187579;0;0;0;0;0;0;0;0;135558;270628;0;0;0;0;0;0;0;0;0;0;1305;0;0;0
36;1;323;13824200;17000;148100;87500;122700;11100;1800;1500;57300;2300;1144200;9770200;2408500;0;0;0;0;2580;1273;287916;136270;188323;0;0;0;0;0;0;0;0;135873;270628;0;0;0;0;0;0;0;0;0;0;1307;0;0;0
37;1;326;13210200;17800;149300;87400;123000;11800;1800;1500;58700;2500;965600;9663300;2072800;0;0;0;0;2580;1277;286092;134795;187209;0;0;0;0;0;0;0;0;134391;269092;0;0;0;0;0;0;0;0;0;0;1303;0;0;0
38;1;330;13261000;17400;148900;87400;122700;11200;1800;1600;134400;2500;1130900;9530300;2017200;0;0;0;0;2580;1275;286668;135942;187579;0;0;0;0;0;0;0;0;135111;271300;0;0;0;0;0;0;0;0;0;0;1305;0;0;0
39;1;333;13659700;17900;148500;87400;123100;11700;1700;1500;59400;2500;1115900;9943800;2093200;0;0;0;0;2580;1272;288204;136677;188508;0;0;0;0;0;0;0;0;135870;271876;0;0;0;0;0;0;0;0;0;0;1308;0;0;0
40;1;336;9488500;7700;44600;26700;37100;4100;500;500;16800;800;692800;6464100;2149100;0;0;0;0;2580;1278;285132;134697;186650;0;0;0;0;0;0;0;0;134300;269380;0;0;0;0;0;0;0;0;0;0;1302;0;0;0
41;1;340;13069400;19500;151100;87700;122900;11500;1700;1600;57100;2400;1121600;9489900;1945100;0;0;0;0;2580;1275;286668;136121;187579;0;0;0;0;0;0;0;0;135736;271876;0;0;0;0;0;0;0;0;0;0;1305;0;0;0
42;1;343;13169000;16600;147500;87600;122400;10700;1800;1700;60300;2300;1096300;9540900;2027100;0;0;0;0;2580;1277;285420;135677;186835;0;0;0;0;0;0;0;0;135276;270340;0;0;0;0;0;0;0;0;0;0;1303;0;0;0
43;1;346;13273200;15900;148700;87300;122900;10500;1800;1600;59300;2300;1123300;9645900;2000300;0;0;0;0;2580;1278;285804;135496;187024;0;0;0;0;0;0;0;0;134651;269764;0;0;0;0;0;0;0;0;0;0;1302;0;0;0
44;1;350;13215700;16500;147600;87200;122600;10900;1700;1500;57600;2200;1074400;9642400;1998200;0;0;0;0;2580;1273;287916;136550;188323;0;0;0;0;0;0;0;0;135702;272548;0;0;0;0;0;0;0;0;0;0;1307;0;0;0
45;1;353;13190600;18200;149400;107700;137700;12000;1900;1600;58500;2300;1267300;9355700;2024900;0;0;0;0;2580;1277;285420;135435;186835;0;0;0;0;0;0;0;0;135046;270628;0;0;0;0;0;0;0;0;0;0;1303;0;0;0
46;1;356;12992700;16700;150900;87700;123200;11400;1700;1600;57700;2300;1111100;9429600;1942800;0;0;0;0;2580;1276;286380;135581;187394;0;0;0;0;0;0;0;0;135169;270340;0;0;0;0;0;0;0;0;0;0;1304;0;0;0
47;1;360;12919800;14900;126100;75100;104800;9100;1500;1400;51000;1900;974700;9569400;1935800;0;0;0;0;2580;1278;285132;135433;186650;0;0;0;0;0;0;0;0;135045;270340;0;0;0;0;0;0;0;0;0;0;1302;0;0;0
48;1;363;12392000;12500;105700;62100;86600;8200;1200;1100;41500;1600;881100;9188800;1947400;0;0;0;0;2580;1275;286668;136010;187579;0;0;0;0;0;0;0;0;135620;271588;0;0;0;0;0;0;0;0;0;0;1305;0;0;0
49;1;366;12830200;11500;94600;55900;77500;7000;1000;1000;36500;1400;833600;9484900;2174800;0;0;0;0;2580;1277;285420;135551;186835;0;0;0;0;0;0;0;0;134737;270628;0;0;0;0;0;0;0;0;0;0;1303;0;0;0
50;1;370;11667900;11300;78400;45900;64500;6200;900;900;31300;1300;775100;8655000;1946600;0;0;0;0;2580;1279;284844;135054;186465;0;0;0;0;0;0;0;0;134649;271012;0;0;0;0;0;0;0;0;0;0;1301;0;0;0
51;1;373;11302000;8500;63400;37500;51300;4800;700;600;24200;1000;717400;8420000;1918300;0;0;0;0;2580;1274;286956;135708;187764;0;0;0;0;0;0;0;0;135328;271204;0;0;0;0;0;0;0;0;0;0;1306;0;0;0
52;1;376;9797100;7600;48000;27900;39100;4200;600;500;18400;800;679600;6898600;2031900;0;0;0;0;2580;1276;285036;134798;186646;0;0;0;0;0;0;0;0;134402;269092;0;0;0;0;0;0;0;0;0;0;1304;0;0;0
53;1;380;8964900;7800;42600;24600;34700;3500;500;400;15900;700;630800;6281600;1880200;0;0;0;0;2580;1276;285708;135740;187020;0;0;0;0;0;0;0;0;135351;270340;0;0;0;0;0;0;0;0;0;0;1304;0;0;0
54;1;383;11181700;8400;58500;35000;47600;5200;700;700;21800;900;708700;8107700;2135400;0;0;0;0;2580;1276;285708;135124;187020;0;0;0;0;0;0;0;0;134292;268132;0;0;0;0;0;0;0;0;0;0;1304;0;0;0
55;1;386;9617900;8200;43900;25100;34900;4800;500;500;16900;800;676100;6686000;2078300;0;0;0;0;2580;1275;286668;135576;187579;0;0;0;0;0;0;0;0;134913;271300;0;0;0;0;0;0;0;0;0;0;1305;0;0;0
56;1;390;14562600;18200;150500;87300;123500;11300;1700;1500;59300;2200;1113500;10868200;2070100;0;0;0;0;2580;1278;285132;135356;186650;0;0;0;0;0;0;0;0;134966;270340;0;0;0;0;0;0;0;0;0;0;1302;0;0;0
57;1;393;9336300;9000;43600;25300;35400;4600;400;400;16000;700;693800;6355700;2106100;0;0;0;0;2580;1276;286380;135898;187394;0;0;0;0;0;0;0;0;135497;272260;0;0;0;0;0;0;0;0;0;0;1304;0;0;0
58;1;396;13045100;14200;119000;69800;98800;9500;1400;1100;45600;1900;984400;9476100;2171300;0;0;0;0;2580;1277;280396;134256;184129;0;0;0;0;0;0;0;0;133864;268708;0;0;0;0;0;0;0;0;0;0;1303;0;0;0
59;1;400;9324700;10100;44300;24900;35100;4000;500;400;16100;1000;694900;6394100;2056100;0;0;0;0;2580;1277;286092;135145;187209;0;0;0;0;0;0;0;0;134751;271012;0;0;0;0;0;0;0;0;0;0;1303;0;0;0
60;0;403;13312300;17000;149400;87500;123600;11000;1800;1500;56100;2200;1111300;9817800;1877500;0;0;0;0;2580;1278;284460;135161;186276;0;0;0;0;0;0;0;0;134362;270052;0;0;0;0;0;0;0;0;0;0;1302;0;0;0
61;0;406;9250300;8300;43300;25100;34700;3900;500;500;16000;1100;672300;6356500;2047800;0;0;0;0;2580;1278;283788;134479;185902;0;0;0;0;0;0;0;0;134123;269092;0;0;0;0;0;0;0;0;0;0;1302;0;0;0
62;0;410;9456400;9100;44600;24600;34900;4900;500;400;16600;700;637100;6449200;2191900;0;0;0;0;2580;1276;286380;135864;187394;0;0;0;0;0;0;0;0;135519;272260;0;0;0;0;0;0;0;0;0;0;1304;0;0;0
63;0;413;10239800;8600;43700;24600;34900;4500;500;500;16200;800;677000;7214700;2168000;0;0;0;0;2580;1278;284460;134915;186276;0;0;0;0;0;0;0;0;134544;270052;0;0;0;0;0;0;0;0;0;0;1302;0;0;0
64;0;416;10182300;8500;43700;24700;34900;3900;500;400;16100;700;677800;7217900;2105900;0;0;0;0;2580;1277;281740;135849;184877;0;0;0;0;0;0;0;0;135469;271300;0;0;0;0;0;0;0;0;0;0;1303;0;0;0
65;0;420;13521800;16700;150400;87800;123700;11000;1800;1600;56600;2300;1122300;9763100;2131100;0;0;0;0;2580;1280;280204;134911;183948;0;0;0;0;0;0;0;0;134122;269380;0;0;0;0;0;0;0;0;0;0;1300;0;0;0
66;0;423;13214800;17200;150100;87700;123400;11500;1800;1600;57200;2300;1122900;9458500;2126500;0;0;0;0;2580;1277;282412;135893;185251;0;0;0;0;0;0;0;0;135532;272260;0;0;0;0;0;0;0;0;0;0;1303;0;0;0
67;0;426;16087000;19600;149900;87400;122500;11700;1900;1500;58700;2400;1149000;12333200;2098400;0;0;0;0;2580;1279;283500;134756;185717;0;0;0;0;0;0;0;0;134397;268708;0;0;0;0;0;0;0;0;0;0;1301;0;0;0
68;0;430;9260000;8900;44200;26000;35000;4200;500;400;16900;1200;691400;6375000;2013800;0;0;0;0;2580;1280;284556;134581;186280;0;0;0;0;0;0;0;0;134224;269764;0;0;0;0;0;0;0;0;0;0;1300;0;0;0
69;0;433;12814600;17600;147500;87300;122700;10600;1700;1600;56300;2200;1148600;9237200;1923700;0;0;0;0;2580;1276;285036;135078;186646;0;0;0;0;0;0;0;0;134719;270628;0;0;0;0;0;0;0;0;0;0;1304;0;0;0
70;0;436;13029100;16300;148700;87100;123300;10700;1800;1700;60800;2200;1072700;9419800;2033200;0;0;0;0;2580;1278;280108;134640;183944;0;0;0;0;0;0;0;0;134274;268708;0;0;0;0;0;0;0;0;0;0;1302;0;0;0
71;0;440;13125200;17000;149000;87500;122300;11000;1700;1600;60300;2200;1076600;9595100;1950000;0;0;0;0;2580;1277;283084;136095;185625;0;0;0;0;0;0;0;0;135655;271684;0;0;0;0;0;0;0;0;0;0;1303;0;0;0
72;0;443;12941500;17100;148800;87300;123500;10900;1700;1600;56900;2300;1079500;9407000;1955500;0;0;0;0;2580;1278;280108;134614;183944;0;0;0;0;0;0;0;0;134252;269956;0;0;0;0;0;0;0;0;0;0;1302;0;0;0
73;0;446;12776600;14500;127600;98900;105900;9300;1600;1200;51100;2000;1015300;9340800;1956600;0;0;0;0;2580;1278;282796;135758;185440;0;0;0;0;0;0;0;0;135394;271972;0;0;0;0;0;0;0;0;0;0;1302;0;0;0
74;0;450;12345300;11800;112600;65600;92400;7600;1300;1100;43800;1600;923800;9021800;2009600;0;0;0;0;2580;1281;279244;134359;183389;0;0;0;0;0;0;0;0;133977;269092;0;0;0;0;0;0;0;0;0;0;1299;0;0;0
75;0;453;12264500;12200;107300;53100;73900;6800;1100;1000;33700;1300;824300;8900200;2198500;0;0;0;0;2580;1277;281740;134985;184877;0;0;0;0;0;0;0;0;134622;270340;0;0;0;0;0;0;0;0;0;0;1303;0;0;0
76;0;456;28667200;20900;149700;87400;122700;11300;1800;1600;89300;2500;1136200;24791300;2143800;0;0;0;0;2580;1276;283372;135814;185810;0;0;0;0;0;0;0;0;135078;271012;0;0;0;0;0;0;0;0;0;0;1304;0;0;0
77;0;460;17813800;11000;70200;41000;58400;6700;800;700;26500;1100;879300;14471400;2168500;0;0;0;0;2580;1280;279532;134653;183574;0;0;0;0;0;0;0;0;134282;269668;0;0;0;0;0;0;0;0;0;0;1300;0;0;0
78;0;463;14815200;13900;94700;55100;77700;7400;1100;1000;36500;1500;899400;11381400;2176800;0;0;0;0;2580;1280;281548;134709;184696;0;0;0;0;0;0;0;0;134337;269764;0;0;0;0;0;0;0;0;0;0;1300;0;0;0
79;0;466;9842400;9100;45700;25900;36800;4100;500;400;16800;800;733900;6712300;2209500;0;0;0;0;2580;1276;282028;135162;185062;0;0;0;0;0;0;0;0;134789;270916;0;0;0;0;0;0;0;0;0;0;1304;0;0;0
80;0;470;9298600;9100;44100;24900;35100;4700;400;400;17300;700;723600;6356500;2036000;0;0;0;0;2580;1281;279244;134200;183389;0;0;0;0;0;0;0;0;133838;269092;0;0;0;0;0;0;0;0;0;0;1299;0;0;0
81;0;473;13186500;40600;149900;87300;122900;10600;1700;1600;60500;2300;1135400;9443400;2077000;0;0;0;0;2580;1281;279244;134446;183389;0;0;0;0;0;0;0;0;134064;269092;0;0;0;0;0;0;0;0;0;0;1299;0;0;0
82;0;476;9381200;8400;43000;25600;35100;3800;400;400;16600;700;733000;6437900;2031200;0;0;0;0;2580;1276;282700;135854;185436;0;0;0;0;0;0;0;0;135501;271300;0;0;0;0;0;0;0;0;0;0;1304;0;0;0
83;0;480;13587400;17500;149700;87600;122200;10800;1800;1600;59800;2400;1158600;9856500;2066800;0;0;0;0;2580;1281;279916;134548;183763;0;0;0;0;0;0;0;0;134182;270052;0;0;0;0;0;0;0;0;0;0;1299;0;0;0
84;0;483;13066000;17200;150200;87700;123800;11200;1900;1600;60000;2400;1135000;9416000;2007700;0;0;0;0;2580;1281;279244;134294;183389;0;0;0;0;0;0;0;0;133924;269380;0;0;0;0;0;0;0;0;0;0;1299;0;0;0
85;0;486;12999200;16300;148800;87300;123100;11300;1800;1600;56300;2300;1109500;9385400;2006600;0;0;0;0;2580;1278;281452;134674;184692;0;0;0;0;0;0;0;0;134325;269380;0;0;0;0;0;0;0;0;0;0;1302;0;0;0
86;0;490;12893900;15900;137000;80600;113400;9900;1700;1400;53100;2200;1066600;9367800;1991800;0;0;0;0;2580;1278;280780;135001;184318;0;0;0;0;0;0;0;0;134634;270628;0;0;0;0;0;0;0;0;0;0;1302;0;0;0
87;0;493;12326900;13300;111200;65700;92500;8100;1300;1200;44600;1700;915200;9104800;1912100;0;0;0;0;2580;1279;280492;134767;184133;0;0;0;0;0;0;0;0;134389;269092;0;0;0;0;0;0;0;0;0;0;1301;0;0;0
88;0;496;12435400;11800;94800;55800;77400;6900;1100;1000;36300;1400;809900;9303300;1983300;0;0;0;0;2580;1276;282700;136173;185436;0;0;0;0;0;0;0;0;135797;272548;0;0;0;0;0;0;0;0;0;0;1304;0;0;0
89;0;500;11034100;19000;69900;41200;57100;5800;800;800;28200;1100;728400;8077600;1957300;0;0;0;0;2580;1282;278956;134376;183204;0;0;0;0;0;0;0;0;133991;269092;0;0;0;0;0;0;0;0;0;0;1298;0;0;0
90;0;503;10046100;8200;53600;32000;43500;4100;700;500;20500;800;640200;7370300;1820100;0;0;0;0;2580;1280;280876;134828;184322;0;0;0;0;0;0;0;0;134428;270052;0;0;0;0;0;0;0;0;0;0;1300;0;0;0
91;0;506;9251400;7200;43400;25900;34900;3600;500;500;15900;700;584900;6558700;1914000;0;0;0;0;2580;1278;280780;134679;184318;0;0;0;0;0;0;0;0;134282;269668;0;0;0;0;0;0;0;0;0;0;1302;0;0;0
92;0;510;9767900;8000;43900;25600;35200;3500;500;500;17300;600;612000;6733400;2220600;0;0;0;0;2580;1282;278284;133684;182830;0;0;0;0;0;0;0;0;133309;267844;0;0;0;0;0;0;0;0;0;0;1298;0;0;0
93;0;513;13673500;7600;53100;31300;43500;4300;600;600;20600;800;760900;10677000;2022900;0;0;0;0;2580;1277;282412;135932;185251;0;0;0;0;0;0;0;0;135566;272260;0;0;0;0;0;0;0;0;0;0;1303;0;0;0
94;0;516;10696100;8400;58200;33900;47500;4400;700;600;21800;800;656800;7900600;1921700;0;0;0;0;2580;1280;279532;135287;183574;0;0;0;0;0;0;0;0;134922;270340;0;0;0;0;0;0;0;0;0;0;1300;0;0;0
95;0;520;8944300;7000;42600;24600;34600;3600;500;500;16300;600;587900;6335900;1849200;0;0;0;0;2580;1278;282124;135713;185066;0;0;0;0;0;0;0;0;135323;271300;0;0;0;0;0;0;0;0;0;0;1302;0;0;0
96;0;523;12946100;15200;149500;87600;123100;11300;1800;1500;59400;2200;1094000;9396200;1946400;0;0;0;0;2580;1281;279916;135011;183763;0;0;0;0;0;0;0;0;134626;269092;0;0;0;0;0;0;0;0;0;0;1299;0;0;0
97;0;526;12131900;10800;89200;53200;73600;6700;1000;900;34900;1400;850400;9011300;1942300;0;0;0;0;2580;1278;280780;135202;184318;0;0;0;0;0;0;0;0;134836;269668;0;0;0;0;0;0;0;0;0;0;1302;0;0;0
98;0;530;12817600;13300;118400;70200;97800;8500;1400;1300;47500;1800;911000;9469600;1992000;0;0;0;0;2580;1277;282412;134765;185251;0;0;0;0;0;0;0;0;134402;270052;0;0;0;0;0;0;0;0;0;0;1303;0;0;0
99;0;533;12888100;15600;148300;87300;122400;10600;1900;1600;56100;2100;1041100;9355700;1992000;0;0;0;0;2580;1283;277996;133722;182645;0;0;0;0;0;0;0;0;133364;267844;0;0;0;0;0;0;0;0;0;0;1297;0;0;0
100;0;536;12757100;15800;138400;81000;113600;10000;1500;1600;51400;2100;1021700;9339600;1930300;0;0;0;0;2580;1276;281356;134689;184688;0;0;0;0;0;0;0;0;134300;270916;0;0;0;0;0;0;0;0;0;0;1304;0;0;0
101;0;540;11834200;13300;112000;77800;108300;10600;2300;1800;59700;1800;888600;8978100;1513900;0;0;0;0;2580;1281;279916;134809;183763;0;0;0;0;0;0;0;0;134447;269764;0;0;0;0;0;0;0;0;0;0;1299;0;0;0
102;0;543;9849800;6400;42700;25400;34800;3700;500;500;16000;700;627400;7166400;1882700;0;0;0;0;2580;1281;279244;134789;183389;0;0;0;0;0;0;0;0;134424;269092;0;0;0;0;0;0;0;0;0;0;1299;0;0;0
103;0;546;11846800;11600;85600;50800;70200;6700;1100;900;34700;1400;816600;8722000;1994000;0;0;0;0;2580;1280;278860;134670;183200;0;0;0;0;0;0;0;0;134316;269668;0;0;0;0;0;0;0;0;0;0;1300;0;0;0
104;0;550;12858900;18100;167300;87800;123100;11900;1900;1600;58400;2300;1107000;9259100;1964200;0;0;0;0;2580;1281;279916;134509;183763;0;0;0;0;0;0;0;0;134150;269764;0;0;0;0;0;0;0;0;0;0;1299;0;0;0
105;0;553;12454800;13300;120900;76700;91700;8100;1300;1200;43200;1700;949000;9184100;1914700;0;0;0;0;2580;1278;280780;135401;184318;0;0;0;0;0;0;0;0;135028;271300;0;0;0;0;0;0;0;0;0;0;1302;0;0;0
106;0;556;12365700;13500;111200;65700;91600;8100;1300;1100;42300;1700;873100;9151900;1943600;0;0;0;0;2580;1281;278572;134329;183015;0;0;0;0;0;0;0;0;133955;269092;0;0;0;0;0;0;0;0;0;0;1299;0;0;0
107;0;560;12230300;11600;112200;58600;81200;7200;1100;1100;38500;1400;821300;9042800;2000300;0;0;0;0;2580;1281;279916;135240;183763;0;0;0;0;0;0;0;0;134859;270052;0;0;0;0;0;0;0;0;0;0;1299;0;0;0
108;0;563;11440600;10900;89500;53100;74100;6600;1000;1000;34400;1300;790000;8500100;1829200;0;0;0;0;2580;1282;278284;134419;182830;0;0;0;0;0;0;0;0;134041;269380;0;0;0;0;0;0;0;0;0;0;1298;0;0;0
109;0;566;11123500;9400;77900;46200;64100;5900;900;800;30600;1200;715100;8252000;1867400;0;0;0;0;2580;1283;277324;133942;182271;0;0;0;0;0;0;0;0;133564;268420;0;0;0;0;0;0;0;0;0;0;1297;0;0;0
110;0;570;10553900;8100;56800;33700;46400;4300;600;600;22400;900;654300;7697200;1980900;0;0;0;0;2580;1277;282412;136201;185251;0;0;0;0;0;0;0;0;135825;271300;0;0;0;0;0;0;0;0;0;0;1303;0;0;0
111;0;573;12972900;16300;148600;87500;121800;10400;1700;1700;57600;2300;1086400;9400000;1982400;0;0;0;0;2580;1283;277324;134076;182271;0;0;0;0;0;0;0;0;133685;268132;0;0;0;0;0;0;0;0;0;0;1297;0;0;0
112;0;576;9485800;16800;44600;26800;35500;3700;500;400;16300;600;690200;6661500;1937300;0;0;0;0;2580;1280;279532;134789;183574;0;0;0;0;0;0;0;0;134407;270628;0;0;0;0;0;0;0;0;0;0;1300;0;0;0
113;0;580;9414300;7000;42900;25300;34800;3700;500;400;15800;700;610200;6720700;1883400;0;0;0;0;2580;1280;280204;134927;183948;0;0;0;0;0;0;0;0;134559;270052;0;0;0;0;0;0;0;0;0;0;1300;0;0;0
114;0;583;16878700;16600;148700;87300;122900;10500;1700;1600;56800;2200;1093300;13184700;2080400;0;0;0;0;2580;1282;278956;134190;183204;0;0;0;0;0;0;0;0;133819;268132;0;0;0;0;0;0;0;0;0;0;1298;0;0;0
115;0;586;12896600;10300;75300;51100;55200;5700;800;600;26800;1100;761900;9955100;1908400;0;0;0;0;2580;1282;278956;134778;183204;0;0;0;0;0;0;0;0;134388;269764;0;0;0;0;0;0;0;0;0;0;1298;0;0;0
116;0;590;9577300;7400;44900;25800;36400;3900;500;400;17200;700;634000;6715500;2047000;0;0;0;0;2580;1280;278860;134469;183200;0;0;0;0;0;0;0;0;134088;269092;0;0;0;0;0;0;0;0;0;0;1300;0;0;0
117;0;593;8910400;7100;43000;24600;34700;3800;400;400;15900;700;605000;6280100;1853500;0;0;0;0;2580;1279;278156;136255;182923;0;0;0;0;0;0;0;0;135830;271972;0;0;0;0;0;0;0;0;0;0;1301;0;0;0
118;0;596;8852900;7300;42800;24600;34500;3400;500;500;15900;700;624500;6283900;1774700;0;0;0;0;2580;1282;277612;133945;182456;0;0;0;0;0;0;0;0;133559;268132;0;0;0;0;0;0;0;0;0;0;1298;0;0;0
119;0;600;8631300;5500;42000;24500;34600;3400;500;400;16000;600;579900;6382100;1502900;0;0;0;0;2580;1279;280492;135043;184133;0;0;0;0;0;0;0;0;134664;270340;0;0;0;0;0;0;0;0;0;0;1301;0;0;0
120;0;603;8658000;4100;39200;22800;32200;2400;500;400;15700;600;578300;6365100;1558500;0;0;0;0;2580;1282;278956;134114;183204;0;0;0;0;0;0;0;0;133727;268804;0;0;0;0;0;0;0;0;0;0;1298;0;0;0
121;0;606;8738300;4700;41400;24300;34900;3000;500;400;16400;600;577200;6293300;1703200;0;0;0;0;2580;1281;278572;133790;183015;0;0;0;0;0;0;0;0;133413;268420;0;0;0;0;0;0;0;0;0;0;1299;0;0;0
122;0;610;9763300;4400;41400;24400;34400;3100;500;400;16100;600;584600;7147100;1862300;0;0;0;0;2580;1281;279916;134772;183763;0;0;0;0;0;0;0;0;134380;270052;0;0;0;0;0;0;0;0;0;0;1299;0;0;0
123;0;613;12571500;16500;149500;100300;121900;11100;3000;1600;56400;2200;1091400;9112700;1851500;0;0;0;0;2580;1280;278860;134399;183200;0;0;0;0;0;0;0;0;133976;269092;0;0;0;0;0;0;0;0;0;0;1300;0;0;0
124;0;616;12710800;15800;147500;87200;123300;11400;1900;1700;59200;2200;1057300;9353000;1799500;0;0;0;0;2580;1279;277484;135115;182549;0;0;0;0;0;0;0;0;134699;269764;0;0;0;0;0;0;0;0;0;0;1301;0;0;0
125;0;620;12914400;16300;148100;87400;123000;10500;1800;1600;57700;2200;1060000;9401500;1946900;0;0;0;0;2580;1285;276748;133822;181901;0;0;0;0;0;0;0;0;133433;267844;0;0;0;0;0;0;0;0;0;0;1295;0;0;0
126;0;623;13089600;15500;149200;87700;122400;10800;1800;1600;57400;2200;1069200;9446800;2067800;0;0;0;0;2580;1279;281164;135706;184507;0;0;0;0;0;0;0;0;135325;272260;0;0;0;0;0;0;0;0;0;0;1301;0;0;0
127;0;626;12703800;13700;127200;75000;105400;9300;1500;1400;48300;1900;956900;9306500;2006800;0;0;0;0;2580;1281;279244;134215;183389;0;0;0;0;0;0;0;0;133824;268804;0;0;0;0;0;0;0;0;0;0;1299;0;0;0
128;0;630;24441600;13800;112300;65900;91600;8200;1400;1200;42200;1700;932600;21136100;1920900;0;0;0;0;2580;1283;274988;134687;181061;0;0;0;0;0;0;0;0;134286;268132;0;0;0;0;0;0;0;0;0;0;1297;0;0;0
129;0;633;9250000;6700;42700;24700;34800;3800;500;400;16100;700;680900;6409100;1990300;0;0;0;0;2580;1281;279244;134692;183389;0;0;0;0;0;0;0;0;134276;270052;0;0;0;0;0;0;0;0;0;0;1299;0;0;0
130;0;636;12816600;17000;149600;87200;121700;10300;1700;1600;56300;2200;1101000;9342400;1874600;0;0;0;0;2580;1283;277324;134073;182271;0;0;0;0;0;0;0;0;133677;268132;0;0;0;0;0;0;0;0;0;0;1297;0;0;0
131;0;640;12726000;16500;149100;87300;122100;10400;1700;1500;56300;2200;1062900;9321000;1843200;0;0;0;0;2580;1283;274316;134128;180687;0;0;0;0;0;0;0;0;133705;269092;0;0;0;0;0;0;0;0;0;0;1297;0;0;0
132;0;643;12887700;16500;187700;87800;122500;10300;1800;1600;56600;2200;1048500;9297300;2001600;0;0;0;0;2580;1283;274988;134788;181061;0;0;0;0;0;0;0;0;134380;269764;0;0;0;0;0;0;0;0;0;0;1297;0;0;0
133;0;646;12741200;17200;148900;87500;122600;10800;1800;1600;57600;2300;1080900;9312800;1845400;0;0;0;0;2580;1281;279244;134637;183389;0;0;0;0;0;0;0;0;134250;270340;0;0;0;0;0;0;0;0;0;0;1299;0;0;0
134;0;650;13335300;16700;148300;87400;121800;10600;1800;1600;59400;2300;1108300;9699400;2027400;0;0;0;0;2580;1283;277324;134076;182271;0;0;0;0;0;0;0;0;133652;267844;0;0;0;0;0;0;0;0;0;0;1297;0;0;0
135;0;653;12906500;16800;148600;87700;151500;11300;1800;1500;57300;2300;1112800;9353000;1907300;0;0;0;0;2580;1280;276524;135247;181990;0;0;0;0;0;0;0;0;134846;271300;0;0;0;0;0;0;0;0;0;0;1300;0;0;0
136;0;656;12765500;16400;149100;87500;121900;11000;1700;1500;56400;2300;1086500;9297500;1877800;0;0;0;0;2580;1280;279532;134887;183574;0;0;0;0;0;0;0;0;134483;269092;0;0;0;0;0;0;0;0;0;0;1300;0;0;0
137;0;660;12891700;15900;148600;87400;123100;10700;1700;1600;59300;2200;1070300;9324000;1992400;0;0;0;0;2580;1283;278668;134524;183019;0;0;0;0;0;0;0;0;134137;268804;0;0;0;0;0;0;0;0;0;0;1297;0;0;0
138;0;663;9248300;5300;43900;25500;34700;3600;400;400;16000;700;668000;6213900;2195400;0;0;0;0;2580;1283;274988;134319;181061;0;0;0;0;0;0;0;0;133942;268804;0;0;0;0;0;0;0;0;0;0;1297;0;0;0
139;0;666;12597500;14500;129300;75200;105400;9300;1500;1300;48300;1900;1017200;9208300;1933900;0;0;0;0;2580;1284;274028;134368;180502;0;0;0;0;0;0;0;0;133991;269092;0;0;0;0;0;0;0;0;0;0;1296;0;0;0
140;0;670;12348700;13500;111500;66000;91900;8400;1300;1200;42000;1800;925900;9045400;1989500;0;0;0;0;2580;1283;277996;134192;182645;0;0;0;0;0;0;0;0;133812;268132;0;0;0;0;0;0;0;0;0;0;1297;0;0;0
141;0;673;11881800;11000;94100;55800;77900;7000;1000;900;35600;1400;809700;8747500;1985900;0;0;0;0;2580;1278;280108;134278;183944;0;0;0;0;0;0;0;0;133901;269092;0;0;0;0;0;0;0;0;0;0;1302;0;0;0
142;0;676;11590200;10600;85800;50400;70600;6800;1000;900;33700;1300;764000;8583600;1931200;0;0;0;0;2580;1280;277196;134765;182364;0;0;0;0;0;0;0;0;134379;270052;0;0;0;0;0;0;0;0;0;0;1300;0;0;0
143;0;680;10877500;9500;66900;40000;66400;5400;800;800;25900;1000;716800;8067100;1829300;0;0;0;0;2580;1285;273740;134282;180317;0;0;0;0;0;0;0;0;133901;268804;0;0;0;0;0;0;0;0;0;0;1295;0;0;0
144;0;683;10296000;8000;53800;31800;43800;4300;600;600;20000;800;637900;7347900;2099300;0;0;0;0;2580;1281;279244;134526;183389;0;0;0;0;0;0;0;0;134098;269380;0;0;0;0;0;0;0;0;0;0;1299;0;0;0
145;0;686;9388600;7700;46500;26900;37000;4000;500;600;17000;700;681100;6778700;1745100;0;0;0;0;2580;1284;274028;134272;180502;0;0;0;0;0;0;0;0;133881;268804;0;0;0;0;0;0;0;0;0;0;1296;0;0;0
146;0;690;8567600;5800;42100;24400;34600;3200;500;500;16700;700;608300;6187000;1605800;0;0;0;0;2580;1284;274028;134051;180502;0;0;0;0;0;0;0;0;133651;268804;0;0;0;0;0;0;0;0;0;0;1296;0;0;0
147;0;693;8789100;7000;39800;23100;33000;3400;400;400;15000;600;599500;6277200;1749800;0;0;0;0;2580;1281;277900;133993;182641;0;0;0;0;0;0;0;0;133626;268132;0;0;0;0;0;0;0;0;0;0;1299;0;0;0
148;0;696;11303400;8100;60000;35000;49100;4600;700;700;22500;900;688900;8600500;1784800;0;0;0;0;2580;1281;276236;135039;181805;0;0;0;0;0;0;0;0;134664;269764;0;0;0;0;0;0;0;0;0;0;1299;0;0;0
149;0;700;9039300;6600;42200;24600;34400;3800;500;400;15900;700;655400;6326900;1887600;0;0;0;0;2580;1281;275564;134710;181431;0;0;0;0;0;0;0;0;134332;269380;0;0;0;0;0;0;0;0;0;0;1299;0;0;0
150;0;703;9096000;6600;43600;24600;34600;3600;500;400;17100;700;595600;6304100;2023300;0;0;0;0;2580;1285;273740;133975;180317;0;0;0;0;0;0;0;0;133614;268804;0;0;0;0;0;0;0;0;0;0;1295;0;0;0
151;0;706;26595200;15700;148600;87500;122800;11300;1800;1500;56200;2300;1129600;22818700;2078700;0;0;0;0;2580;1283;274988;134556;181061;0;0;0;0;0;0;0;0;134167;268804;0;0;0;0;0;0;0;0;0;0;1297;0;0;0
152;0;710;9112000;7800;41800;23200;33000;4400;400;500;15500;800;698400;6282600;1961400;0;0;0;0;2580;1282;273932;133974;180498;0;0;0;0;0;0;0;0;133599;268132;0;0;0;0;0;0;0;0;0;0;1298;0;0;0
153;0;713;12874700;17300;148300;87600;123200;10900;1700;1600;56300;2200;1110000;9278500;1985900;0;0;0;0;2580;1283;274988;134744;181061;0;0;0;0;0;0;0;0;134371;268804;0;0;0;0;0;0;0;0;0;0;1297;0;0;0
154;0;716;13484700;17200;147900;87500;122500;11000;1700;1600;56600;2200;1093100;9654400;2235400;0;0;0;0;2580;1281;275564;134764;181431;0;0;0;0;0;0;0;0;134400;269092;0;0;0;0;0;0;0;0;0;0;1299;0;0;0
155;0;720;12948200;17300;147700;87400;122300;10700;1800;1400;58200;2200;1094300;9434400;1914300;0;0;0;0;2580;1281;276236;134874;181805;0;0;0;0;0;0;0;0;134520;270052;0;0;0;0;0;0;0;0;0;0;1299;0;0;0
156;0;723;12795700;16100;148500;87500;122600;10500;1800;1500;55600;2300;1119500;9192400;1985400;0;0;0;0;2580;1284;274028;134259;180502;0;0;0;0;0;0;0;0;133918;269092;0;0;0;0;0;0;0;0;0;0;1296;0;0;0
157;0;726;13260800;17100;149000;87500;121900;10800;1800;1600;55800;2100;1227700;9473600;2058400;0;0;0;0;2580;1282;275948;134750;181620;0;0;0;0;0;0;0;0;134393;269092;0;0;0;0;0;0;0;0;0;0;1298;0;0;0
158;0;730;26552300;16500;138000;80700;113900;10200;1500;1500;53400;2100;1037700;22840400;2145400;0;0;0;0;2580;1281;275564;134685;181431;0;0;0;0;0;0;0;0;134313;268804;0;0;0;0;0;0;0;0;0;0;1299;0;0;0
159;0;733;10907700;11600;63500;33000;43300;5600;600;600;19900;800;761400;7710800;2204800;0;0;0;0;2580;1283;274316;133988;180687;0;0;0;0;0;0;0;0;133610;268132;0;0;0;0;0;0;0;0;0;0;1297;0;0;0
160;0;736;10275900;11300;60100;28000;40000;5300;600;500;18600;900;720800;7007500;2333000;0;0;0;0;2580;1283;274988;134084;181061;0;0;0;0;0;0;0;0;133710;268804;0;0;0;0;0;0;0;0;0;0;1297;0;0;0
161;0;740;9359200;11100;45900;34900;36200;5100;500;500;17000;700;735800;6228900;2195000;0;0;0;0;2580;1283;274316;134236;180687;0;0;0;0;0;0;0;0;133868;269092;0;0;0;0;0;0;0;0;0;0;1297;0;0;0
162;0;743;9316300;11600;45800;24900;35400;5000;500;400;16900;900;718100;6280200;2126600;0;0;0;0;2580;1284;274028;134308;180502;0;0;0;0;0;0;0;0;133936;269092;0;0;0;0;0;0;0;0;0;0;1296;0;0;0
163;0;746;13357100;20600;148500;87300;123800;11800;1700;1700;59000;2300;1153900;9388700;2304000;0;0;0;0;2580;1284;274028;133636;180502;0;0;0;0;0;0;0;0;133281;268132;0;0;0;0;0;0;0;0;0;0;1296;0;0;0
164;0;750;9606000;11500;45700;25100;35800;5400;500;400;23100;1200;726600;6316700;2366000;0;0;0;0;2580;1283;274988;134680;181061;0;0;0;0;0;0;0;0;134331;269764;0;0;0;0;0;0;0;0;0;0;1297;0;0;0
165;0;753;8669700;11300;44800;24700;35600;4600;500;400;16400;900;707200;6443700;1329300;0;0;0;0;2580;1281;275564;134184;181431;0;0;0;0;0;0;0;0;133827;268804;0;0;0;0;0;0;0;0;0;0;1299;0;0;0
166;0;756;8341200;8600;44200;25800;35000;4800;400;400;17400;800;641900;6345300;1173500;0;0;0;0;2580;1283;274316;134389;180687;0;0;0;0;0;0;0;0;134017;269092;0;0;0;0;0;0;0;0;0;0;1297;0;0;0
167;0;760;8231300;6500;42600;24500;36000;3900;500;400;16500;1000;605800;6321900;1131200;0;0;0;0;2580;1282;275276;134655;181246;0;0;0;0;0;0;0;0;134263;269764;0;0;0;0;0;0;0;0;0;0;1298;0;0;0
168;0;763;9040100;5300;43000;24500;34800;4200;500;400;16600;700;617200;6273800;1978600;0;0;0;0;2580;1284;274028;134111;180502;0;0;0;0;0;0;0;0;133725;268132;0;0;0;0;0;0;0;0;0;0;1296;0;0;0
169;0;766;10975700;13200;106600;62500;87200;8200;1200;1100;42300;1700;893400;8528900;1175500;0;0;0;0;2580;1284;274028;133766;180502;0;0;0;0;0;0;0;0;133395;267844;0;0;0;0;0;0;0;0;0;0;1296;0;0;0
170;0;770;8458700;6800;44500;24500;35300;4000;500;400;15900;700;641700;6392000;1248000;0;0;0;0;2580;1282;274604;134300;180872;0;0;0;0;0;0;0;0;133945;269092;0;0;0;0;0;0;0;0;0;0;1298;0;0;0
171;0;773;9035300;6900;44800;24700;35400;4100;500;500;16900;800;617000;7042300;1196500;0;0;0;0;2580;1285;273068;133709;179943;0;0;0;0;0;0;0;0;133339;267844;0;0;0;0;0;0;0;0;0;0;1295;0;0;0
172;0;776;8172000;5300;42200;24400;34500;3600;400;500;16500;900;599200;6228800;1176000;0;0;0;0;2580;1283;274988;134457;181061;0;0;0;0;0;0;0;0;134073;269764;0;0;0;0;0;0;0;0;0;0;1297;0;0;0
173;0;780;8210800;4800;39400;22800;32400;2600;400;400;14800;800;610200;6279300;1161400;0;0;0;0;2580;1282;275276;134762;181246;0;0;0;0;0;0;0;0;134382;269092;0;0;0;0;0;0;0;0;0;0;1298;0;0;0
174;0;783;8025700;5100;42100;24500;34500;2700;500;400;15700;600;611200;6187500;1059900;0;0;0;0;2580;1284;274700;134148;180876;0;0;0;0;0;0;0;0;133783;268804;0;0;0;0;0;0;0;0;0;0;1296;0;0;0
175;0;786;8096200;4300;41800;24400;34300;2400;500;500;16700;800;562500;6333900;1034200;0;0;0;0;2580;1283;274316;134445;180687;0;0;0;0;0;0;0;0;134081;269380;0;0;0;0;0;0;0;0;0;0;1297;0;0;0
176;0;790;8057300;5100;41800;24400;34500;2700;500;400;15800;500;558600;6291400;1042200;0;0;0;0;2580;1283;274988;134146;181061;0;0;0;0;0;0;0;0;133770;268804;0;0;0;0;0;0;0;0;0;0;1297;0;0;0
177;0;793;8185000;10500;42900;24400;34500;2800;500;400;15600;600;548600;6345300;1118600;0;0;0;0;2580;1282;275276;134104;181246;0;0;0;0;0;0;0;0;133733;269092;0;0;0;0;0;0;0;0;0;0;1298;0;0;0
178;0;796;8184900;4500;39000;23200;32600;2700;500;400;14800;500;548200;6234900;1244300;0;0;0;0;2580;1286;272780;133666;179758;0;0;0;0;0;0;0;0;133292;267844;0;0;0;0;0;0;0;0;0;0;1294;0;0;0
179;0;800;8304300;5300;42700;24300;34700;3100;500;500;16800;600;534400;6291800;1310200;0;0;0;0;2580;1282;275948;134619;181620;0;0;0;0;0;0;0;0;134249;268804;0;0;0;0;0;0;0;0;0;0;1298;0;0;0
180;0;803;8786900;4200;41300;24400;34500;2600;400;400;15900;600;546600;6278100;1798300;0;0;0;0;2580;1282;274604;134446;180872;0;0;0;0;0;0;0;0;134081;269380;0;0;0;0;0;0;0;0;0;0;1298;0;0;0
181;0;806;12761000;16600;148600;87400;122300;11100;1900;1700;59600;2300;1077000;9363100;1811300;0;0;0;0;2580;1283;275660;134175;181435;0;0;0;0;0;0;0;0;133798;267844;0;0;0;0;0;0;0;0;0;0;1297;0;0;0
182;0;810;12599500;15700;149700;87400;122000;10900;1700;1600;56100;2300;1063700;9285400;1743700;0;0;0;0;2580;1284;273356;133980;180128;0;0;0;0;0;0;0;0;133607;268132;0;0;0;0;0;0;0;0;0;0;1296;0;0;0
183;0;813;9019500;5200;42300;25500;34500;3000;500;400;15700;600;671600;6254500;1926000;0;0;0;0;2580;1282;274604;134012;180872;0;0;0;0;0;0;0;0;133617;268804;0;0;0;0;0;0;0;0;0;0;1298;0;0;0
184;0;816;12723900;15800;149400;87400;122600;10800;1700;1600;59300;2200;1122600;9266500;1834300;0;0;0;0;2580;1283;274988;134808;181061;0;0;0;0;0;0;0;0;134430;270052;0;0;0;0;0;0;0;0;0;0;1297;0;0;0
185;0;820;12406500;15200;138800;81000;113000;10200;1700;1400;52800;2000;1024000;9096000;1816200;0;0;0;0;2580;1285;273068;133300;179943;0;0;0;0;0;0;0;0;132930;267844;0;0;0;0;0;0;0;0;0;0;1295;0;0;0
186;0;823;12636600;14600;126500;75000;148800;10000;1700;1400;48300;1800;972700;9132100;2049800;0;0;0;0;2580;1283;275660;135218;181435;0;0;0;0;0;0;0;0;134838;270724;0;0;0;0;0;0;0;0;0;0;1297;0;0;0
187;0;826;12363000;13700;125000;69900;98900;8600;1400;1200;46100;1700;931200;9201300;1809600;0;0;0;0;2580;1285;273068;133606;179943;0;0;0;0;0;0;0;0;133221;268132;0;0;0;0;0;0;0;0;0;0;1295;0;0;0
188;0;830;12037000;13700;99000;59000;81300;7300;1200;1100;40200;1400;833700;9017500;1831900;0;0;0;0;2580;1283;274988;134222;181061;0;0;0;0;0;0;0;0;133834;267844;0;0;0;0;0;0;0;0;0;0;1297;0;0;0
189;0;833;11460100;9800;78000;46700;63900;6100;800;800;31100;1200;730800;8521400;1898400;0;0;0;0;2580;1283;274316;134046;180687;0;0;0;0;0;0;0;0;133671;269092;0;0;0;0;0;0;0;0;0;0;1297;0;0;0
190;0;836;10520800;8200;63900;37900;52500;4900;800;700;25700;1000;679600;7711200;1881700;0;0;0;0;2580;1286;272780;133640;179758;0;0;0;0;0;0;0;0;133264;267844;0;0;0;0;0;0;0;0;0;0;1294;0;0;0
191;0;840;9698300;7400;55700;33100;44900;4300;600;600;21400;800;648100;6909900;1921700;0;0;0;0;2580;1282;274604;134152;180872;0;0;0;0;0;0;0;0;133769;269092;0;0;0;0;0;0;0;0;0;0;1298;0;0;0
192;0;843;9467000;7200;45300;26900;36200;4200;500;500;17800;700;681600;6529300;2074000;0;0;0;0;2580;1285;273740;133972;180317;0;0;0;0;0;0;0;0;133592;268804;0;0;0;0;0;0;0;0;0;0;1295;0;0;0
193;0;846;9188100;7300;43800;25100;35400;4100;500;500;16300;800;659100;6408700;1945500;0;0;0;0;2580;1283;274988;134289;181061;0;0;0;0;0;0;0;0;133904;268132;0;0;0;0;0;0;0;0;0;0;1297;0;0;0
194;0;850;9806600;7300;48600;28900;39300;4000;600;500;19000;700;667200;7090800;1852300;0;0;0;0;2580;1284;273356;133498;180128;0;0;0;0;0;0;0;0;133118;268132;0;0;0;0;0;0;0;0;0;0;1296;0;0;0
195;0;853;26521200;16500;149300;87200;127200;13300;3000;2200;68100;2500;1089700;22776900;2072300;0;0;0;0;2580;1282;275948;134711;181620;0;0;0;0;0;0;0;0;134325;269764;0;0;0;0;0;0;0;0;0;0;1298;0;0;0
196;0;856;8945900;8300;40000;22500;32300;3600;500;400;14700;700;697100;6194600;1889500;0;0;0;0;2580;1283;274988;134263;181061;0;0;0;0;0;0;0;0;133870;268132;0;0;0;0;0;0;0;0;0;0;1297;0;0;0
197;0;860;12793900;13900;119500;69800;130400;10400;1700;1600;55500;2200;1080500;9361600;1887500;0;0;0;0;2580;1285;273740;134167;180317;0;0;0;0;0;0;0;0;133796;268804;0;0;0;0;0;0;0;0;0;0;1295;0;0;0
198;0;863;13124000;16200;147600;87300;122000;10400;1700;1600;57700;2200;1056100;9607200;1956100;0;0;0;0;2580;1282;275276;134821;181246;0;0;0;0;0;0;0;0;134430;269092;0;0;0;0;0;0;0;0;0;0;1298;0;0;0
199;0;866;9003700;7300;42900;25300;34700;3800;500;400;16300;700;665500;6307600;1857100;0;0;0;0;2580;1285;273740;133957;180317;0;0;0;0;0;0;0;0;133549;267844;0;0;0;0;0;0;0;0;0;0;1295;0;0;0
200;0;870;8964900;7200;42600;24600;34600;3700;500;500;15900;700;618600;6166300;2008700;0;0;0;0;2580;1286;272780;133698;179758;0;0;0;0;0;0;0;0;133309;267844;0;0;0;0;0;0;0;0;0;0;1294;0;0;0
201;0;873;12806100;16600;148400;87300;122400;10400;1700;1700;59300;2200;1080100;9315200;1903900;0;0;0;0;2580;1283;273644;133681;180313;0;0;0;0;0;0;0;0;133316;268132;0;0;0;0;0;0;0;0;0;0;1297;0;0;0
202;0;876;8729300;7000;52800;23200;49500;4000;500;500;16100;700;664900;6217300;1653100;0;0;0;0;2580;1284;274700;133887;180876;0;0;0;0;0;0;0;0;133509;268804;0;0;0;0;0;0;0;0;0;0;1296;0;0;0
203;0;880;8659500;4800;39100;22800;32500;2700;400;400;14800;600;600400;6266400;1635700;0;0;0;0;2580;1284;274028;134228;180502;0;0;0;0;0;0;0;0;133844;269092;0;0;0;0;0;0;0;0;0;0;1296;0;0;0
204;0;883;8911500;5200;42100;24400;34600;3300;500;400;17000;600;575000;6352500;1815400;0;0;0;0;2580;1284;274700;134071;180876;0;0;0;0;0;0;0;0;133697;268804;0;0;0;0;0;0;0;0;0;0;1296;0;0;0
205;0;886;12851900;16600;148200;87400;122900;11000;1800;1400;59300;2200;1081100;9309600;1959300;0;0;0;0;2580;1282;275276;134900;181246;0;0;0;0;0;0;0;0;134513;270052;0;0;0;0;0;0;0;0;0;0;1298;0;0;0
206;0;890;12808200;16400;148400;87500;122500;10700;1800;1600;56200;2300;1115800;9197400;1989900;0;0;0;0;2580;1284;274028;134159;180502;0;0;0;0;0;0;0;0;133777;268804;0;0;0;0;0;0;0;0;0;0;1296;0;0;0
207;0;893;12735600;16000;147900;87200;122000;10500;1700;1500;57800;2200;1126400;9268900;1827400;0;0;0;0;2580;1286;272780;133590;179758;0;0;0;0;0;0;0;0;133196;267844;0;0;0;0;0;0;0;0;0;0;1294;0;0;0
208;0;896;9030900;5600;42300;25400;34800;3100;500;500;16200;600;669200;6313800;1877700;0;0;0;0;2580;1282;275948;134187;181620;0;0;0;0;0;0;0;0;133810;269092;0;0;0;0;0;0;0;0;0;0;1298;0;0;0
209;0;900;12743200;16000;149700;87300;123200;10700;1700;1600;59200;2200;1093300;9272100;1870700;0;0;0;0;2580;1287;271820;133568;179199;0;0;0;0;0;0;0;0;133187;267844;0;0;0;0;0;0;0;0;0;0;1293;0;0;0
210;0;903;26282100;17000;149000;87300;123300;11100;1700;1500;59400;2200;1070800;22603400;2035300;0;0;0;0;2580;1284;274028;134258;180502;0;0;0;0;0;0;0;0;133892;269092;0;0;0;0;0;0;0;0;0;0;1296;0;0;0
211;0;906;13859800;8100;55000;31900;45100;4200;600;600;21400;900;745000;10861800;2023500;0;0;0;0;2580;1283;274988;134287;181061;0;0;0;0;0;0;0;0;133913;268804;0;0;0;0;0;0;0;0;0;0;1297;0;0;0
212;0;910;11751200;9000;62700;36200;51100;5000;700;700;24700;900;726000;8785300;2003800;0;0;0;0;2580;1285;273068;133721;179943;0;0;0;0;0;0;0;0;133334;268132;0;0;0;0;0;0;0;0;0;0;1295;0;0;0
213;0;913;9349900;7800;44200;25200;35700;3800;500;500;16200;600;668600;6457500;2046100;0;0;0;0;2580;1286;272780;133533;179758;0;0;0;0;0;0;0;0;133134;267844;0;0;0;0;0;0;0;0;0;0;1294;0;0;0
214;0;916;13043900;16100;149200;87200;122800;10700;1700;1600;59400;2200;1127200;9331600;2074800;0;0;0;0;2580;1284;274028;133962;180502;0;0;0;0;0;0;0;0;133538;268804;0;0;0;0;0;0;0;0;0;0;1296;0;0;0
215;0;920;12867700;15800;148700;87200;122900;10500;1800;1500;59500;2200;1070100;9313100;1974600;0;0;0;0;2580;1283;274988;134651;181061;0;0;0;0;0;0;0;0;134252;270052;0;0;0;0;0;0;0;0;0;0;1297;0;0;0
216;0;923;9961900;6300;42700;25000;34400;3700;500;500;15900;600;678000;7070100;2039200;0;0;0;0;2580;1286;272108;133617;179384;0;0;0;0;0;0;0;0;133212;267844;0;0;0;0;0;0;0;0;0;0;1294;0;0;0
217;0;926;12826300;15100;149600;87600;123000;10500;1700;1600;56200;2200;1092700;9339900;1893900;0;0;0;0;2580;1282;275948;135216;181620;0;0;0;0;0;0;0;0;134845;270052;0;0;0;0;0;0;0;0;0;0;1298;0;0;0
218;0;930;12748500;16300;148400;87400;122200;10700;1700;1600;59400;2200;1055100;9338300;1846400;0;0;0;0;2580;1284;274700;133490;180876;0;0;0;0;0;0;0;0;133108;267844;0;0;0;0;0;0;0;0;0;0;1296;0;0;0
219;0;933;12697800;15200;155000;87300;122600;10600;1700;1600;59200;2200;1089300;9311800;1788600;0;0;0;0;2580;1283;273644;133526;180313;0;0;0;0;0;0;0;0;133134;268132;0;0;0;0;0;0;0;0;0;0;1297;0;0;0
220;0;936;12674800;14200;126600;74800;105100;9300;1500;1300;47700;1900;958200;9121300;2160700;0;0;0;0;2580;1284;274028;133551;180502;0;0;0;0;0;0;0;0;133147;267844;0;0;0;0;0;0;0;0;0;0;1296;0;0;0
221;0;940;12361700;13600;119200;70100;107200;8400;1400;1300;47600;1700;954900;9096100;1886000;0;0;0;0;2580;1285;273740;133958;180317;0;0;0;0;0;0;0;0;133568;268804;0;0;0;0;0;0;0;0;0;0;1295;0;0;0
222;0;943;12105800;11300;104700;62000;87000;7800;1200;1000;41700;1600;875400;8959400;1903400;0;0;0;0;2580;1284;274028;134183;180502;0;0;0;0;0;0;0;0;133798;269092;0;0;0;0;0;0;0;0;0;0;1296;0;0;0
223;0;946;11802400;10700;84500;50400;70000;6300;1000;900;33000;1300;755900;8916600;1818000;0;0;0;0;2580;1286;272780;133592;179758;0;0;0;0;0;0;0;0;133193;267844;0;0;0;0;0;0;0;0;0;0;1294;0;0;0
224;0;950;9407700;5800;45200;26700;37500;3400;500;500;17400;600;661000;6707300;1862100;0;0;0;0;2580;1282;275276;134776;181246;0;0;0;0;0;0;0;0;134374;269092;0;0;0;0;0;0;0;0;0;0;1298;0;0;0
225;0;953;10886700;8900;65200;38900;53000;5200;800;600;25700;1000;716000;8018900;1899500;0;0;0;0;2580;1285;273068;133728;179943;0;0;0;0;0;0;0;0;133327;267844;0;0;0;0;0;0;0;0;0;0;1295;0;0;0
226;0;956;12902900;17200;148400;87400;122900;11100;1900;1500;57700;2200;1092300;9332700;1979100;0;0;0;0;2580;1283;274316;134142;180687;0;0;0;0;0;0;0;0;133743;269092;0;0;0;0;0;0;0;0;0;0;1297;0;0;0
227;0;960;11464100;10100;65200;38600;53200;5800;700;600;24300;1100;769000;8400000;2048900;0;0;0;0;2580;1283;275660;134637;181435;0;0;0;0;0;0;0;0;134241;269764;0;0;0;0;0;0;0;0;0;0;1297;0;0;0
228;0;963;12800000;16300;147700;87300;122600;10600;1700;1600;59200;2100;1108100;9294600;1891700;0;0;0;0;2580;1285;273740;133503;180317;0;0;0;0;0;0;0;0;133124;267844;0;0;0;0;0;0;0;0;0;0;1295;0;0;0
229;0;966;12274700;13700;127400;75000;105200;9400;1500;1300;51200;1800;1019200;9019900;1799100;0;0;0;0;2580;1283;274316;134287;180687;0;0;0;0;0;0;0;0;133914;269092;0;0;0;0;0;0;0;0;0;0;1297;0;0;0
230;0;970;8974200;7100;43200;25500;34600;3400;500;400;16800;700;664800;6165700;1970400;0;0;0;0;2580;1284;274700;133939;180876;0;0;0;0;0;0;0;0;133563;268804;0;0;0;0;0;0;0;0;0;0;1296;0;0;0
231;0;973;13290200;16100;147800;87400;122000;10600;1800;1600;56200;2200;1123700;9755800;1914300;0;0;0;0;2580;1284;273356;133738;180128;0;0;0;0;0;0;0;0;133360;268132;0;0;0;0;0;0;0;0;0;0;1296;0;0;0
232;0;976;8967500;6900;41400;23100;32800;4000;500;400;15800;600;682400;6245100;1873100;0;0;0;0;2580;1284;274028;134031;180502;0;0;0;0;0;0;0;0;133632;267844;0;0;0;0;0;0;0;0;0;0;1296;0;0;0
233;0;980;9155500;6700;42900;24500;34700;3600;500;500;16100;600;587500;6286200;2112400;0;0;0;0;2580;1283;274988;134737;181061;0;0;0;0;0;0;0;0;134347;270052;0;0;0;0;0;0;0;0;0;0;1297;0;0;0
234;0;983;8895300;6500;43200;24600;34900;3700;500;400;16000;700;581200;6204700;1939900;0;0;0;0;2580;1284;274700;134565;180876;0;0;0;0;0;0;0;0;134170;269764;0;0;0;0;0;0;0;0;0;0;1296;0;0;0
235;0;986;12715400;15100;154700;87200;129400;10600;1800;1500;57300;2200;1105900;9214700;1877800;0;0;0;0;2580;1284;274700;134822;180876;0;0;0;0;0;0;0;0;134437;269764;0;0;0;0;0;0;0;0;0;0;1296;0;0;0
236;0;990;12739000;16100;149000;99900;122100;11000;1700;1600;56000;2200;1048600;9326100;1847100;0;0;0;0;2580;1282;275948;134647;181620;0;0;0;0;0;0;0;0;134253;270052;0;0;0;0;0;0;0;0;0;0;1298;0;0;0
237;0;993;12834700;16300;148600;87400;122500;10900;1800;1600;58900;2200;1057000;9435800;1833200;0;0;0;0;2580;1282;275276;134543;181246;0;0;0;0;0;0;0;0;134166;268804;0;0;0;0;0;0;0;0;0;0;1298;0;0;0
238;0;996;12679600;16200;148700;87300;126300;10600;1700;1600;56000;2200;1051300;9278400;1849500;0;0;0;0;2580;1284;273356;134182;180128;0;0;0;0;0;0;0;0;133805;269092;0;0;0;0;0;0;0;0;0;0;1296;0;0;0
239;0;1000;26825700;16200;149600;87600;132900;13000;3200;2200;79400;2400;1110200;23024200;2082500;0;0;0;0;2580;1283;275660;134600;181435;0;0;0;0;0;0;0;0;134226;268804;0;0;0;0;0;0;0;0;0;0;1297;0;0;0
240;0;1003;9780400;10100;52900;30500;43200;5600;600;600;21100;900;724100;6846000;1999100;0;0;0;0;2580;1283;274988;134461;181061;0;0;0;0;0;0;0;0;134064;269092;0;0;0;0;0;0;0;0;0;0;1297;0;0;0
241;0;1006;13765200;18400;149200;87300;122300;10900;1700;1600;58600;2300;1126900;10182900;1943500;0;0;0;0;2580;1284;274700;134582;180876;0;0;0;0;0;0;0;0;134204;269764;0;0;0;0;0;0;0;0;0;0;1296;0;0;0
242;0;1010;9999400;8900;49600;28900;40200;5000;600;500;19000;800;710400;7159000;1932100;0;0;0;0;2580;1284;274028;133896;180502;0;0;0;0;0;0;0;0;133498;268804;0;0;0;0;0;0;0;0;0;0;1296;0;0;0
243;0;1013;9040600;8400;43800;24600;34800;4400;500;500;16900;700;650000;6266800;1944700;0;0;0;0;2580;1282;275276;134920;181246;0;0;0;0;0;0;0;0;134521;270052;0;0;0;0;0;0;0;0;0;0;1298;0;0;0
244;0;1016;8938400;8000;42700;24500;34700;3800;500;500;15900;700;672400;6286600;1806300;0;0;0;0;2580;1283;274988;134045;181061;0;0;0;0;0;0;0;0;133629;268804;0;0;0;0;0;0;0;0;0;0;1297;0;0;0
245;0;1020;8965100;6800;39800;23100;32400;4100;400;400;14900;600;622500;6260700;1918400;0;0;0;0;2580;1285;273068;134146;179943;0;0;0;0;0;0;0;0;133721;269092;0;0;0;0;0;0;0;0;0;0;1295;0;0;0
246;0;1023;13158000;16300;149300;87300;123000;11100;1800;1500;57200;2200;1084400;9501500;2072500;0;0;0;0;2580;1283;275660;135624;181435;0;0;0;0;0;0;0;0;135207;271684;0;0;0;0;0;0;0;0;0;0;1297;0;0;0
247;0;1026;12755300;16200;149000;87300;122800;10800;1700;1600;58700;2200;1089700;9255900;1907200;0;0;0;0;2580;1283;274316;134139;180687;0;0;0;0;0;0;0;0;133752;268804;0;0;0;0;0;0;0;0;0;0;1297;0;0;0
248;0;1030;12715600;29500;147400;97900;121700;10300;1700;1600;55700;2200;1063900;9119600;2012700;0;0;0;0;2580;1284;274700;134253;180876;0;0;0;0;0;0;0;0;133852;268804;0;0;0;0;0;0;0;0;0;0;1296;0;0;0
249;0;1033;12918100;16300;147800;87500;123200;10900;1800;1600;60200;2100;1067600;9396100;1948100;0;0;0;0;2580;1283;274988;134457;181061;0;0;0;0;0;0;0;0;134063;269764;0;0;0;0;0;0;0;0;0;0;1297;0;0;0
250;0;1036;12360100;15700;137400;93000;112900;9700;1600;1500;51600;2000;1033500;9019000;1831600;0;0;0;0;2580;1284;274028;134163;180502;0;0;0;0;0;0;0;0;133762;269092;0;0;0;0;0;0;0;0;0;0;1296;0;0;0
251;0;1040;12355700;13600;120100;70000;98400;9200;1300;1200;46700;1800;924600;9183900;1830000;0;0;0;0;2580;1284;274700;134067;180876;0;0;0;0;0;0;0;0;133677;268804;0;0;0;0;0;0;0;0;0;0;1296;0;0;0
252;0;1043;11747700;11300;140800;56200;78000;7200;1100;1000;35500;1400;798600;8632800;1933800;0;0;0;0;2580;1284;274028;134836;180502;0;0;0;0;0;0;0;0;134453;270052;0;0;0;0;0;0;0;0;0;0;1296;0;0;0
253;0;1046;12936600;16500;148400;87300;123000;10900;1700;1800;55900;2200;1085300;9321800;2023800;0;0;0;0;2580;1285;273740;134535;180317;0;0;0;0;0;0;0;0;134176;269764;0;0;0;0;0;0;0;0;0;0;1295;0;0;0
254;0;1050;12159700;11700;98800;58900;82300;7300;1100;1000;37600;1600;888400;8866000;2049800;0;0;0;0;2580;1284;274028;133996;180502;0;0;0;0;0;0;0;0;133629;268804;0;0;0;0;0;0;0;0;0;0;1296;0;0;0
255;0;1053;11994800;10800;99900;58600;82100;7400;1100;1000;39500;1400;808400;9020700;1812500;0;0;0;0;2580;1282;275948;134817;181620;0;0;0;0;0;0;0;0;134438;269764;0;0;0;0;0;0;0;0;0;0;1298;0;0;0
256;0;1056;9018100;6600;43200;25000;34500;3700;500;500;15900;600;653300;6281400;1912700;0;0;0;0;2580;1285;273740;134036;180317;0;0;0;0;0;0;0;0;133642;268804;0;0;0;0;0;0;0;0;0;0;1295;0;0;0
257;0;1060;8916400;6300;39600;23100;32400;3500;400;400;15200;600;606000;6220300;1928100;0;0;0;0;2580;1283;274988;134427;181061;0;0;0;0;0;0;0;0;134036;269092;0;0;0;0;0;0;0;0;0;0;1297;0;0;0
258;0;1063;13078000;15300;146900;87400;122900;10600;1700;1600;57800;2100;1064300;9394500;2115500;0;0;0;0;2580;1283;275660;134976;181435;0;0;0;0;0;0;0;0;134596;269764;0;0;0;0;0;0;0;0;0;0;1297;0;0;0
259;0;1066;12884900;16500;148900;87700;122600;10400;1800;1500;57600;2200;1106100;9324300;1955300;0;0;0;0;2580;1284;274028;134575;180502;0;0;0;0;0;0;0;0;134198;269092;0;0;0;0;0;0;0;0;0;0;1296;0;0;0
260;0;1070;9576900;6400;39800;23700;32400;3300;500;400;15300;700;682900;6878800;1847300;0;0;0;0;2580;1284;274028;134253;180502;0;0;0;0;0;0;0;0;133873;268804;0;0;0;0;0;0;0;0;0;0;1296;0;0;0
261;0;1073;8865100;6500;42400;24600;34500;3700;500;400;16600;600;594300;6222000;1877900;0;0;0;0;2580;1285;273068;134152;179943;0;0;0;0;0;0;0;0;133780;268804;0;0;0;0;0;0;0;0;0;0;1295;0;0;0
262;0;1076;8864000;6900;42600;24600;34500;3600;500;500;16200;600;601300;6148900;1944400;0;0;0;0;2580;1284;274700;134433;180876;0;0;0;0;0;0;0;0;134063;268804;0;0;0;0;0;0;0;0;0;0;1296;0;0;0
263;0;1080;12810400;15400;149400;87500;123000;10700;1700;1600;56400;2200;1077100;9377200;1849200;0;0;0;0;2580;1285;273740;134051;180317;0;0;0;0;0;0;0;0;133695;268804;0;0;0;0;0;0;0;0;0;0;1295;0;0;0
264;0;1083;9103000;12700;40100;23300;32200;3300;500;400;14800;600;677900;6322600;1935400;0;0;0;0;2580;1284;274028;134089;180502;0;0;0;0;0;0;0;0;133685;269092;0;0;0;0;0;0;0;0;0;0;1296;0;0;0
265;0;1086;12777300;16700;148200;87200;122700;10700;1700;1500;70500;2200;1106100;9258400;1889700;0;0;0;0;2580;1283;275660;135128;181435;0;0;0;0;0;0;0;0;134755;270724;0;0;0;0;0;0;0;0;0;0;1297;0;0;0
266;0;1090;12737800;15700;148400;87400;122900;10600;1700;1700;56100;2200;1116300;9304700;1810000;0;0;0;0;2580;1284;274028;134604;180502;0;0;0;0;0;0;0;0;134230;269092;0;0;0;0;0;0;0;0;0;0;1296;0;0;0
267;0;1093;12698200;16000;149200;87400;122700;10400;1800;1600;57200;2100;1135300;9125400;1935000;0;0;0;0;2580;1285;273068;134201;179943;0;0;0;0;0;0;0;0;133839;268804;0;0;0;0;0;0;0;0;0;0;1295;0;0;0
268;0;1096;12741900;16200;148900;87300;122900;10700;1700;1700;59300;2200;1082800;9294500;1865900;0;0;0;0;2580;1285;273740;134608;180317;0;0;0;0;0;0;0;0;134242;269764;0;0;0;0;0;0;0;0;0;0;1295;0;0;0
269;0;1100;12378300;14700;137000;80700;113300;10000;1700;1400;52100;2100;1020200;9049000;1839600;0;0;0;0;2580;1285;273740;134206;180317;0;0;0;0;0;0;0;0;133846;268804;0;0;0;0;0;0;0;0;0;0;1295;0;0;0
270;0;1103;8975100;5600;42700;25200;34600;3600;500;400;17200;600;657700;6287100;1859800;0;0;0;0;2580;1284;274700;134568;180876;0;0;0;0;0;0;0;0;134206;268804;0;0;0;0;0;0;0;0;0;0;1296;0;0;0
271;0;1106;13313800;13700;127400;75000;104500;9100;1500;1400;48300;1900;1323100;9649400;1907700;0;0;0;0;2580;1283;274988;134757;181061;0;0;0;0;0;0;0;0;134362;270052;0;0;0;0;0;0;0;0;0;0;1297;0;0;0
272;0;1110;12843400;16200;147800;87300;122200;11000;1800;1500;56200;2200;1106700;9223800;2016900;0;0;0;0;2580;1284;274700;134419;180876;0;0;0;0;0;0;0;0;134023;268804;0;0;0;0;0;0;0;0;0;0;1296;0;0;0
273;0;1113;12272700;14300;135000;74900;104500;8900;1600;1300;48200;1900;963900;9109100;1752700;0;0;0;0;2580;1284;273356;134441;180128;0;0;0;0;0;0;0;0;134068;269092;0;0;0;0;0;0;0;0;0;0;1296;0;0;0
274;0;1116;9036800;5200;42200;25400;34600;3100;400;400;16400;600;651700;6282100;1936900;0;0;0;0;2580;1285;273740;134574;180317;0;0;0;0;0;0;0;0;134194;269764;0;0;0;0;0;0;0;0;0;0;1295;0;0;0
275;0;1120;13006000;16000;148300;87300;122900;10500;1800;1500;59300;2200;1086600;9352500;2064200;0;0;0;0;2580;1285;273740;133944;180317;0;0;0;0;0;0;0;0;133586;268804;0;0;0;0;0;0;0;0;0;0;1295;0;0;0
276;0;1123;25885800;15500;148600;87400;122900;11300;1700;1600;60400;2200;1081000;22128300;2107900;0;0;0;0;2580;1286;272780;133864;179758;0;0;0;0;0;0;0;0;133507;268804;0;0;0;0;0;0;0;0;0;0;1294;0;0;0
277;0;1126;11523700;8800;57100;32800;46200;5200;700;600;21900;1000;718700;8636800;1941500;0;0;0;0;2580;1282;276620;135169;181994;0;0;0;0;0;0;0;0;134795;270724;0;0;0;0;0;0;0;0;0;0;1298;0;0;0
278;0;1130;10817100;8800;58400;33800;47500;4900;600;600;22000;900;683700;7987600;1923300;0;0;0;0;2580;1284;274028;134035;180502;0;0;0;0;0;0;0;0;133652;269092;0;0;0;0;0;0;0;0;0;0;1296;0;0;0
279;0;1133;9841200;7300;47000;27100;38000;4000;500;500;17900;700;642500;7140700;1839700;0;0;0;0;2580;1284;274028;134050;180502;0;0;0;0;0;0;0;0;133676;268804;0;0;0;0;0;0;0;0;0;0;1296;0;0;0
280;0;1136;8819300;6400;40100;23000;32200;3100;500;400;15500;600;609700;6218600;1826600;0;0;0;0;2580;1284;274028;134139;180502;0;0;0;0;0;0;0;0;133757;269092;0;0;0;0;0;0;0;0;0;0;1296;0;0;0
281;0;1140;9132800;6600;40000;23100;32400;3200;500;400;15300;600;605200;6293800;2070700;0;0;0;0;2580;1285;273740;134208;180317;0;0;0;0;0;0;0;0;133832;268804;0;0;0;0;0;0;0;0;0;0;1295;0;0;0
282;0;1143;12812000;16600;148500;87300;123000;10600;1800;1600;59300;2200;1089500;9355300;1856900;0;0;0;0;2580;1285;273740;134357;180317;0;0;0;0;0;0;0;0;133960;268804;0;0;0;0;0;0;0;0;0;0;1295;0;0;0
283;0;1146;12697000;16400;149400;87300;124000;10600;1700;1700;55600;2200;1045000;9342600;1810000;0;0;0;0;2580;1286;272780;134304;179758;0;0;0;0;0;0;0;0;133879;268804;0;0;0;0;0;0;0;0;0;0;1294;0;0;0
284;0;1150;26368300;16200;148600;87600;121800;10500;1800;1600;56400;2200;1039500;22701100;2069200;0;0;0;0;2580;1283;275660;134687;181435;0;0;0;0;0;0;0;0;134288;269764;0;0;0;0;0;0;0;0;0;0;1297;0;0;0
285;0;1153;19491800;16200;137000;80600;113000;10500;1600;1400;77900;3400;1057600;15881800;2052700;0;0;0;0;2580;1283;274316;134086;180687;0;0;0;0;0;0;0;0;133665;269092;0;0;0;0;0;0;0;0;0;0;1297;0;0;0
286;0;1156;10931900;7400;58100;34000;47900;4600;600;600;21900;900;730600;7878000;2105900;0;0;0;0;2580;1284;274700;134000;180876;0;0;0;0;0;0;0;0;133608;268804;0;0;0;0;0;0;0;0;0;0;1296;0;0;0
287;0;1160;9536500;18700;149600;87600;123200;11000;1700;1500;98600;1600;642000;6367800;1989700;0;0;0;0;2580;1284;274028;134669;180502;0;0;0;0;0;0;0;0;134282;270052;0;0;0;0;0;0;0;0;0;0;1296;0;0;0
288;0;1163;13152300;16800;149000;87400;122100;11200;1700;1600;56400;2300;1113800;9273700;2259900;0;0;0;0;2580;1286;272780;134221;179758;0;0;0;0;0;0;0;0;133843;268804;0;0;0;0;0;0;0;0;0;0;1294;0;0;0
289;0;1166;12905800;16800;148400;87500;122300;10800;1900;1700;59700;2200;1085800;9261600;2056000;0;0;0;0;2580;1285;273740;134362;180317;0;0;0;0;0;0;0;0;134003;269764;0;0;0;0;0;0;0;0;0;0;1295;0;0;0
290;0;1170;13007900;16800;149100;87300;146400;11500;1800;1600;59500;2300;1093000;9349200;2037400;0;0;0;0;2580;1285;273740;134609;180317;0;0;0;0;0;0;0;0;134244;269764;0;0;0;0;0;0;0;0;0;0;1295;0;0;0
291;0;1173;12812000;17100;149700;87400;122100;10900;1700;1500;56100;2200;1111300;9248000;1948400;0;0;0;0;2580;1286;272780;133927;179758;0;0;0;0;0;0;0;0;133568;268804;0;0;0;0;0;0;0;0;0;0;1294;0;0;0
292;0;1176;12874000;17000;149800;87400;122900;10600;1700;1500;58700;2300;1118500;9345100;1908100;0;0;0;0;2580;1284;274028;134127;180502;0;0;0;0;0;0;0;0;133752;269092;0;0;0;0;0;0;0;0;0;0;1296;0;0;0
293;0;1180;13190300;17100;148900;87200;122600;11000;1700;1600;57100;2100;1113300;9648700;1925400;0;0;0;0;2580;1285;273740;134744;180317;0;0;0;0;0;0;0;0;134371;269764;0;0;0;0;0;0;0;0;0;0;1295;0;0;0
294;0;1183;12908000;15600;147900;87200;122200;10400;1700;1600;57600;2200;1081400;9354900;1973700;0;0;0;0;2580;1284;274028;134238;180502;0;0;0;0;0;0;0;0;133863;269092;0;0;0;0;0;0;0;0;0;0;1296;0;0;0
295;0;1186;9040700;6500;42100;24700;33700;3500;400;400;16400;600;683900;6312900;1874400;0;0;0;0;2580;1286;272780;134233;179758;0;0;0;0;0;0;0;0;133837;268804;0;0;0;0;0;0;0;0;0;0;1294;0;0;0
296;0;1190;8841300;6500;42800;24600;34500;3600;400;400;16200;600;612700;6210200;1849700;0;0;0;0;2580;1284;274700;135103;180876;0;0;0;0;0;0;0;0;134714;269764;0;0;0;0;0;0;0;0;0;0;1296;0;0;0
297;0;1193;8835600;6500;42800;24600;34600;3900;500;400;16100;600;591900;6209400;1863100;0;0;0;0;2580;1286;272780;133900;179758;0;0;0;0;0;0;0;0;133507;268804;0;0;0;0;0;0;0;0;0;0;1294;0;0;0
298;0;1196;12654200;16300;149000;94200;122500;10500;1700;1600;57700;2100;1087400;9232900;1819200;0;0;0;0;2580;1286;272780;133912;179758;0;0;0;0;0;0;0;0;133504;268804;0;0;0;0;0;0;0;0;0;0;1294;0;0;0
299;0;1200;12715600;15700;149400;87100;122500;11300;1700;1400;59200;2200;1044600;9283800;1886500;0;0;0;0;2580;1284;274028;134474;180502;0;0;0;0;0;0;0;0;134069;269092;0;0;0;0;0;0;0;0;0;0;1296;0;0;0
