# scene=solar_system_v1compat_belt_lod.json;config=Release;cpu=Intel(R) Core(TM) i9-10900X CPU @ 3.70GHz;affinity=fffff;ablation=none;rasterstats=0;lodstats=0;asserts_lib=0;res=1536x900;views=4;frames=300;warmup=60;overhead_ns=118;resolution_ns=100
frame;warmup;sim_millidays;frame_ns;Input_ns;Animation_ns;LocalXform1_ns;WorldXform1_ns;Cameras_ns;LocalXform2_ns;WorldXform2_ns;Trigger_ns;BuildViews_ns;Clear_ns;Render_ns;Present_ns;Entities;XformNodes;TriggerPairs;TriggerHits;MeshesTested;MeshesCulled;FacesSubmitted;TrisRasterized;VertsTransformed;TrisCov0;TrisCov1;TrisCov2to4;TrisCov5plus;TrisTightEmpty;PixelsTested;PixelsTight;PixelsCovered;TrisEarlyRejected;FacesInside;InstPx0to1;InstPx1to4;InstPx4to16;InstPx16plus;FacesPx0to1;FacesPx1to4;FacesPx4to16;FacesPx16plus;VertsInside;TrisEmittedInside;LodLevel0;LodLevel1;LodLevel2;LodLevel3
0;1;203;25060000;1881800;143100;93500;123000;47900;2400;1500;60500;2800;3121200;3836300;15576400;0;0;0;0;2580;1263;103780;43168;70554;0;0;0;0;0;0;0;0;41842;85236;0;0;0;0;0;0;0;0;0;0;117;0;0;1200
1;1;206;13433400;1928900;151000;87600;123500;13500;1900;1600;60800;2300;1170200;5732200;4094000;0;0;0;0;2580;1275;96012;39647;65927;0;0;0;0;0;0;0;0;38346;77764;0;0;0;0;0;0;0;0;0;0;105;0;0;1200
2;1;210;10590400;330900;147200;149900;122700;13000;1700;1600;60100;2400;1160700;6222700;2303900;0;0;0;0;2580;1270;99468;41831;67974;0;0;0;0;0;0;0;0;40651;81508;0;0;0;0;0;0;0;0;0;0;110;0;0;1200
3;1;213;11221800;19900;175300;87600;122500;11800;1700;1700;59200;2400;994800;7034000;2594500;0;0;0;0;2580;1270;96108;40323;66104;0;0;0;0;0;0;0;0;39500;78916;0;0;0;0;0;0;0;0;0;0;110;0;0;1200
4;1;216;12618200;20800;167100;87600;122100;11500;1800;1500;60600;2300;1110300;8433200;2473100;0;0;0;0;2580;1270;98124;41629;67226;0;0;0;0;0;0;0;0;40829;79876;0;0;0;0;0;0;0;0;0;0;110;0;0;1200
5;1;220;12553100;20000;174800;91700;123300;11800;1800;1500;56800;2300;1132800;8646700;2168600;0;0;0;0;2580;1273;96588;40989;66297;0;0;0;0;0;0;0;0;39731;80548;0;0;0;0;0;0;0;0;0;0;107;0;0;1200
6;1;223;12613700;20200;149700;87500;122200;12100;1800;1700;59500;2400;1200200;8465400;2386500;0;0;0;0;2580;1274;96972;40712;66486;0;0;0;0;0;0;0;0;39485;80932;0;0;0;0;0;0;0;0;0;0;106;0;0;1200
7;1;226;13006000;18900;160400;88400;123300;12400;1700;1700;58300;2500;1261300;8615100;2532000;0;0;0;0;2580;1273;95916;40046;65923;0;0;0;0;0;0;0;0;38779;79588;0;0;0;0;0;0;0;0;0;0;107;0;0;1200
8;1;230;12208900;20300;154200;88200;121700;12500;1700;1700;58300;2300;1292000;7709300;2642400;0;0;0;0;2580;1278;93132;39298;64250;0;0;0;0;0;0;0;0;38496;78052;0;0;0;0;0;0;0;0;0;0;102;0;0;1200
9;1;233;10471000;17200;135200;74800;104700;10500;1500;1600;48600;2000;1179400;6113600;2698200;0;0;0;0;2580;1273;95916;40756;65923;0;0;0;0;0;0;0;0;39931;80836;0;0;0;0;0;0;0;0;0;0;107;0;0;1200
10;1;236;10708900;19200;155900;87400;139500;13200;3100;2500;83200;2400;1268000;6353400;2493000;0;0;0;0;2580;1275;93996;39211;64805;0;0;0;0;0;0;0;0;37950;77956;0;0;0;0;0;0;0;0;0;0;105;0;0;1200
11;1;240;7978200;13600;82100;47700;64100;6700;900;800;30100;1300;1053100;4078400;2534400;0;0;0;0;2580;1273;97260;40869;66671;0;0;0;0;0;0;0;0;39644;81220;0;0;0;0;0;0;0;0;0;0;107;0;0;1200
12;1;243;7173300;12500;64800;35700;49600;6100;700;600;23600;1100;995400;3393700;2526100;0;0;0;0;2580;1275;96012;40367;65927;0;0;0;0;0;0;0;0;39111;79972;0;0;0;0;0;0;0;0;0;0;105;0;0;1200
13;1;246;5864200;10300;45000;25900;35500;4800;500;500;17000;800;919500;2350800;2402900;0;0;0;0;2580;1275;94668;40166;65179;0;0;0;0;0;0;0;0;39361;79588;0;0;0;0;0;0;0;0;0;0;105;0;0;1200
14;1;250;8234700;10200;45200;25700;35400;4400;400;400;16800;700;822500;5112300;2107200;0;0;0;0;2580;1273;95244;40207;65549;0;0;0;0;0;0;0;0;39409;79876;0;0;0;0;0;0;0;0;0;0;107;0;0;1200
15;1;253;8999000;18300;149400;87900;122700;11500;1800;1500;57900;2200;1226300;5293400;1961300;0;0;0;0;2580;1276;94380;40010;64994;0;0;0;0;0;0;0;0;39215;78628;0;0;0;0;0;0;0;0;0;0;104;0;0;1200
16;1;256;9070300;17700;149400;88000;121500;11700;1900;1500;75400;3400;1191100;5345700;1993100;0;0;0;0;2580;1273;96588;40793;66297;0;0;0;0;0;0;0;0;39586;80836;0;0;0;0;0;0;0;0;0;0;107;0;0;1200
17;1;260;9436900;16100;137100;81700;129600;10800;1600;1500;55000;2000;1120100;5631000;2172200;0;0;0;0;2580;1273;96588;40815;66297;0;0;0;0;0;0;0;0;39615;80260;0;0;0;0;0;0;0;0;0;0;107;0;0;1200
18;1;263;6789300;10400;67700;41200;54300;5500;800;800;26000;1100;862700;3702100;1956200;0;0;0;0;2580;1273;95244;39699;65549;0;0;0;0;0;0;0;0;38935;77956;0;0;0;0;0;0;0;0;0;0;107;0;0;1200
19;1;266;6899000;9800;67200;38900;54200;5200;700;700;25700;1000;799200;3729200;2105400;0;0;0;0;2580;1276;95052;40255;65368;0;0;0;0;0;0;0;0;39523;79972;0;0;0;0;0;0;0;0;0;0;104;0;0;1200
20;1;270;10896300;16600;147900;87400;120900;10900;1800;1600;60500;2200;1145700;7153200;2068400;0;0;0;0;2580;1276;94380;39911;64994;0;0;0;0;0;0;0;0;39171;78340;0;0;0;0;0;0;0;0;0;0;104;0;0;1200
21;1;273;7260200;10500;71600;42100;58400;5900;900;800;27500;1000;883400;3990700;2105100;0;0;0;0;2580;1273;94572;39671;65175;0;0;0;0;0;0;0;0;38515;77956;0;0;0;0;0;0;0;0;0;0;107;0;0;1200
22;1;276;7131000;9800;69500;40300;57300;5700;800;700;26200;1100;823500;3954600;2078600;0;0;0;0;2580;1271;97836;41496;67041;0;0;0;0;0;0;0;0;40374;81508;0;0;0;0;0;0;0;0;0;0;109;0;0;1200
23;1;280;6313500;8800;57300;32900;45800;5000;700;600;22900;800;776100;3177300;2131000;0;0;0;0;2580;1276;94380;39767;64994;0;0;0;0;0;0;0;0;38635;77380;0;0;0;0;0;0;0;0;0;0;104;0;0;1200
24;1;283;9128500;17100;147500;87200;121300;10700;1700;1600;57400;2200;1173400;5419700;2015200;0;0;0;0;2580;1276;94380;39941;64994;0;0;0;0;0;0;0;0;39263;78340;0;0;0;0;0;0;0;0;0;0;104;0;0;1200
25;1;286;5842600;8100;49000;28200;39000;4200;600;500;18100;800;814500;2505600;2325000;0;0;0;0;2580;1275;94668;39945;65179;0;0;0;0;0;0;0;0;39277;79588;0;0;0;0;0;0;0;0;0;0;105;0;0;1200
26;1;290;9365300;16400;147300;87500;122100;11200;1900;1500;57700;2300;1199800;5171600;2487400;0;0;0;0;2580;1278;93132;39322;64250;0;0;0;0;0;0;0;0;38672;78052;0;0;0;0;0;0;0;0;0;0;102;0;0;1200
27;1;293;9135400;15900;150000;87700;122800;10800;1800;1700;55800;2200;1217500;5295200;2114500;0;0;0;0;2580;1274;94956;40258;65364;0;0;0;0;0;0;0;0;39186;80164;0;0;0;0;0;0;0;0;0;0;106;0;0;1200
28;1;296;12474600;17500;150100;88000;122100;11300;1800;1500;56500;6800;1195400;8453100;2244100;0;0;0;0;2580;1271;97164;41121;66667;0;0;0;0;0;0;0;0;40064;81508;0;0;0;0;0;0;0;0;0;0;109;0;0;1200
29;1;300;11814400;17700;147600;115500;121300;11800;1900;1600;57000;2200;1204500;7573200;2444900;0;0;0;0;2580;1279;92844;39235;64065;0;0;0;0;0;0;0;0;38650;76804;0;0;0;0;0;0;0;0;0;0;101;0;0;1200
30;1;303;6226600;10100;57300;32900;46700;5700;700;600;21900;1000;868400;2816300;2309700;0;0;0;0;2580;1279;91500;38622;63317;0;0;0;0;0;0;0;0;38025;76708;0;0;0;0;0;0;0;0;0;0;101;0;0;1200
31;1;306;6014200;9600;54900;31100;43300;4400;600;600;20600;800;792500;2706300;2292000;0;0;0;0;2580;1274;96300;40909;66112;0;0;0;0;0;0;0;0;40358;80548;0;0;0;0;0;0;0;0;0;0;106;0;0;1200
32;1;310;10105900;17900;148300;93400;127100;14300;1800;1600;61100;2300;1242600;5951500;2363400;0;0;0;0;2580;1277;94092;39273;64809;0;0;0;0;0;0;0;0;38293;77092;0;0;0;0;0;0;0;0;0;0;103;0;0;1200
33;1;313;10443000;19700;148800;88200;121700;10500;1700;1600;57700;2300;1253600;6514700;2126800;0;0;0;0;2580;1275;94668;40180;65179;0;0;0;0;0;0;0;0;39247;79876;0;0;0;0;0;0;0;0;0;0;105;0;0;1200
34;1;316;11031700;18000;147800;87400;120900;10600;1700;1600;67000;3000;1255500;7001300;2193600;0;0;0;0;2580;1276;95052;40274;65368;0;0;0;0;0;0;0;0;39824;80260;0;0;0;0;0;0;0;0;0;0;104;0;0;1200
35;1;320;10980400;15900;127200;74700;103700;9300;1500;1300;48400;1900;1192300;6726100;2567100;0;0;0;0;2580;1275;94668;40079;65179;0;0;0;0;0;0;0;0;39676;78628;0;0;0;0;0;0;0;0;0;0;105;0;0;1200
36;1;323;9530300;16700;136500;80800;111700;10200;1600;1400;56300;2800;1237300;5537900;2240600;0;0;0;0;2580;1273;95916;40153;65923;0;0;0;0;0;0;0;0;39757;78628;0;0;0;0;0;0;0;0;0;0;107;0;0;1200
37;1;326;7754500;15100;111500;65500;91200;8600;1300;1200;44700;1700;1161200;4055200;2119900;0;0;0;0;2580;1277;94092;39112;64809;0;0;0;0;0;0;0;0;38714;77092;0;0;0;0;0;0;0;0;0;0;103;0;0;1200
38;1;330;9975800;17400;149000;87300;120900;11000;1700;1600;59600;2300;1360600;5965600;2110900;0;0;0;0;2580;1275;94668;39865;65179;0;0;0;0;0;0;0;0;39047;79300;0;0;0;0;0;0;0;0;0;0;105;0;0;1200
39;1;333;9280300;18200;147400;87200;121100;11000;1700;1700;57200;2100;1320800;5594700;1836300;0;0;0;0;2580;1272;96204;40782;66108;0;0;0;0;0;0;0;0;39981;79876;0;0;0;0;0;0;0;0;0;0;108;0;0;1200
40;1;336;9423100;17700;147900;88400;121400;11100;1800;1600;56500;2200;1369200;5420400;2093800;0;0;0;0;2580;1278;93132;38971;64250;0;0;0;0;0;0;0;0;38576;77380;0;0;0;0;0;0;0;0;0;0;102;0;0;1200
41;1;340;6639900;9600;68900;39500;55200;6000;800;700;25600;1200;1100400;3200500;2063500;0;0;0;0;2580;1275;94668;40182;65179;0;0;0;0;0;0;0;0;39803;79876;0;0;0;0;0;0;0;0;0;0;105;0;0;1200
42;1;343;9636700;18000;148700;87400;121100;11200;1700;1700;57800;2200;1433100;5221200;2443500;0;0;0;0;2580;1277;93420;39433;64435;0;0;0;0;0;0;0;0;39039;78340;0;0;0;0;0;0;0;0;0;0;103;0;0;1200
43;1;346;9133600;13300;100900;50700;69500;7300;1000;1000;32400;1300;1346500;5226600;2201300;0;0;0;0;2580;1278;93804;39668;64624;0;0;0;0;0;0;0;0;38829;77764;0;0;0;0;0;0;0;0;0;0;102;0;0;1200
44;1;350;10155500;19500;148500;89900;121600;11300;1900;1600;56600;2300;1398600;6144300;2056200;0;0;0;0;2580;1273;95916;40602;65923;0;0;0;0;0;0;0;0;39759;80548;0;0;0;0;0;0;0;0;0;0;107;0;0;1200
45;1;353;8864300;12600;82200;48000;66900;6800;900;900;31400;1300;1228900;5093000;2198200;0;0;0;0;2580;1277;93420;39575;64435;0;0;0;0;0;0;0;0;39190;78628;0;0;0;0;0;0;0;0;0;0;103;0;0;1200
46;1;356;8265300;14800;106300;61700;85700;8500;1200;1200;42100;1700;1186800;4581000;2091000;0;0;0;0;2580;1276;94380;39523;64994;0;0;0;0;0;0;0;0;39125;78340;0;0;0;0;0;0;0;0;0;0;104;0;0;1200
47;1;360;8238800;13600;90300;52700;73000;7500;1000;1000;33900;1400;1187400;4302100;2402700;0;0;0;0;2580;1278;93132;39419;64250;0;0;0;0;0;0;0;0;39035;78340;0;0;0;0;0;0;0;0;0;0;102;0;0;1200
48;1;363;10014200;17300;147800;87400;122000;11200;1700;1700;57900;2200;1519800;5305500;2653200;0;0;0;0;2580;1275;94668;40136;65179;0;0;0;0;0;0;0;0;39748;79588;0;0;0;0;0;0;0;0;0;0;105;0;0;1200
49;1;366;6563100;11200;56700;32800;44800;5500;600;500;22100;900;1126700;2775600;2420800;0;0;0;0;2580;1277;93420;39479;64435;0;0;0;0;0;0;0;0;38666;78628;0;0;0;0;0;0;0;0;0;0;103;0;0;1200
50;1;370;9536800;18500;148700;87400;121500;10900;1700;1600;56600;2200;1488300;4809400;2708700;0;0;0;0;2580;1279;92844;39320;64065;0;0;0;0;0;0;0;0;38924;79012;0;0;0;0;0;0;0;0;0;0;101;0;0;1200
51;1;373;5711300;10100;47000;26900;36800;5200;600;400;17500;700;1111900;2114500;2282600;0;0;0;0;2580;1274;94956;39828;65364;0;0;0;0;0;0;0;0;39450;79204;0;0;0;0;0;0;0;0;0;0;106;0;0;1200
52;1;376;12116000;18100;148100;87400;121200;11200;1800;1500;56100;2300;1491300;7362900;2670900;0;0;0;0;2580;1276;93036;38896;64246;0;0;0;0;0;0;0;0;38503;77092;0;0;0;0;0;0;0;0;0;0;104;0;0;1200
53;1;380;9761600;18600;148700;87300;121700;11200;1800;1500;59500;2300;1594000;5099800;2524200;0;0;0;0;2580;1276;93708;39613;64620;0;0;0;0;0;0;0;0;39234;78340;0;0;0;0;0;0;0;0;0;0;104;0;0;1200
54;1;383;7242900;11600;62000;38800;49300;6000;700;700;23700;1000;1182200;3312000;2481100;0;0;0;0;2580;1276;93708;39054;64620;0;0;0;0;0;0;0;0;38236;76132;0;0;0;0;0;0;0;0;0;0;104;0;0;1200
55;1;386;10613400;18000;148300;87400;121500;10900;1700;1700;57600;2300;1479900;5863500;2713000;0;0;0;0;2580;1275;94668;39959;65179;0;0;0;0;0;0;0;0;39324;79300;0;0;0;0;0;0;0;0;0;0;105;0;0;1200
56;1;390;8456900;14200;93200;56300;73800;7400;1100;1000;34600;1400;1280300;4270800;2538000;0;0;0;0;2580;1278;93132;39437;64250;0;0;0;0;0;0;0;0;39064;78340;0;0;0;0;0;0;0;0;0;0;102;0;0;1200
57;1;393;7939600;13600;83000;48100;67500;7200;900;900;32800;1300;1193200;3914300;2498600;0;0;0;0;2580;1276;94380;39948;64994;0;0;0;0;0;0;0;0;39560;80260;0;0;0;0;0;0;0;0;0;0;104;0;0;1200
58;1;396;7145000;13100;82600;47900;66800;7000;1000;1000;30900;1200;1053800;3249300;2517600;0;0;0;0;2580;1277;88396;38531;61729;0;0;0;0;0;0;0;0;38149;76708;0;0;0;0;0;0;0;0;0;0;103;0;0;1200
59;1;400;6982400;11600;70700;40800;57000;5900;800;800;26600;1100;1054800;2870700;2783600;0;0;0;0;2580;1277;94092;39351;64809;0;0;0;0;0;0;0;0;38963;79012;0;0;0;0;0;0;0;0;0;0;103;0;0;1200
60;0;403;8868900;13100;105900;61700;87100;8300;1300;1300;41700;1600;1131400;4964700;2367000;0;0;0;0;2580;1278;92460;38983;63876;0;0;0;0;0;0;0;0;38184;78052;0;0;0;0;0;0;0;0;0;0;102;0;0;1200
61;0;406;8094400;13200;91000;55400;73800;7300;1100;900;35900;1400;1084900;4213200;2433200;0;0;0;0;2580;1278;91788;38425;63502;0;0;0;0;0;0;0;0;38069;77092;0;0;0;0;0;0;0;0;0;0;102;0;0;1200
62;0;410;6813300;11800;69700;40500;56300;5900;800;700;28100;1100;915700;3250900;2364300;0;0;0;0;2580;1276;94380;39994;64994;0;0;0;0;0;0;0;0;39649;80260;0;0;0;0;0;0;0;0;0;0;104;0;0;1200
63;0;413;9987700;16600;195500;152000;193700;14500;3100;2000;128400;3200;1461600;5295900;2405600;0;0;0;0;2580;1278;92460;38976;63876;0;0;0;0;0;0;0;0;38619;78052;0;0;0;0;0;0;0;0;0;0;102;0;0;1200
64;0;416;6239400;10300;56500;32300;45200;5200;600;600;21400;1000;991300;2467500;2552100;0;0;0;0;2580;1277;89740;39672;62477;0;0;0;0;0;0;0;0;39300;79300;0;0;0;0;0;0;0;0;0;0;103;0;0;1200
65;0;420;11646800;17200;150100;87200;122100;11600;1800;1500;59100;2600;1217600;7485400;2367600;0;0;0;0;2580;1280;88204;38968;61548;0;0;0;0;0;0;0;0;38185;77380;0;0;0;0;0;0;0;0;0;0;100;0;0;1200
66;0;423;10486800;15900;127100;75500;104000;9500;1400;1400;48300;2000;1261100;6298100;2427900;0;0;0;0;2580;1277;90412;39992;62851;0;0;0;0;0;0;0;0;39631;80260;0;0;0;0;0;0;0;0;0;0;103;0;0;1200
67;0;426;10294200;18000;137900;80600;112200;10500;1600;1400;51800;2100;1332400;5940700;2495900;0;0;0;0;2580;1279;91500;38701;63317;0;0;0;0;0;0;0;0;38347;76708;0;0;0;0;0;0;0;0;0;0;101;0;0;1200
68;0;430;8936500;16000;112900;65600;91000;8800;1300;1200;44700;1800;1227300;4751500;2533300;0;0;0;0;2580;1280;92556;38651;63880;0;0;0;0;0;0;0;0;38294;77764;0;0;0;0;0;0;0;0;0;0;100;0;0;1200
69;0;433;7708100;12800;79100;45900;63700;6800;900;900;30600;1200;1161200;3657000;2568700;0;0;0;0;2580;1276;93036;39312;64246;0;0;0;0;0;0;0;0;38955;78628;0;0;0;0;0;0;0;0;0;0;104;0;0;1200
70;0;436;6242700;11000;53700;30900;42300;5200;600;500;20800;900;1062700;2402000;2548100;0;0;0;0;2580;1278;88108;38717;61544;0;0;0;0;0;0;0;0;38356;76708;0;0;0;0;0;0;0;0;0;0;102;0;0;1200
71;0;440;9314500;19300;148700;87400;121000;10800;1800;1600;56300;2200;1371700;4898800;2516000;0;0;0;0;2580;1277;91084;40222;63225;0;0;0;0;0;0;0;0;39787;79684;0;0;0;0;0;0;0;0;0;0;103;0;0;1200
72;0;443;9094600;16800;150100;88900;121900;11200;1700;1500;56700;2200;1458600;4710300;2393200;0;0;0;0;2580;1278;88108;38806;61544;0;0;0;0;0;0;0;0;38449;77956;0;0;0;0;0;0;0;0;0;0;102;0;0;1200
73;0;446;9083800;18400;148700;89500;122400;11400;1800;1600;58800;2300;1394400;4852400;2298900;0;0;0;0;2580;1278;90796;39833;63040;0;0;0;0;0;0;0;0;39469;79972;0;0;0;0;0;0;0;0;0;0;102;0;0;1200
74;0;450;10926600;17900;148800;88600;121400;10900;1700;1500;60800;2200;1340100;6739100;2274700;0;0;0;0;2580;1281;87244;38547;60989;0;0;0;0;0;0;0;0;38169;77092;0;0;0;0;0;0;0;0;0;0;99;0;0;1200
75;0;453;8820800;17200;148900;87300;120900;10800;1900;1600;57200;2200;1313000;4788100;2199200;0;0;0;0;2580;1277;89740;39171;62477;0;0;0;0;0;0;0;0;38809;78340;0;0;0;0;0;0;0;0;0;0;103;0;0;1200
76;0;456;9504000;17400;148000;88000;121200;10700;1800;1500;59500;2200;1194900;5749500;2047900;0;0;0;0;2580;1276;91372;39923;63410;0;0;0;0;0;0;0;0;39193;79012;0;0;0;0;0;0;0;0;0;0;104;0;0;1200
77;0;460;4965100;6700;44600;28100;34800;3500;500;400;16600;600;810600;1904700;2070100;0;0;0;0;2580;1280;87532;38600;61174;0;0;0;0;0;0;0;0;38229;77668;0;0;0;0;0;0;0;0;0;0;100;0;0;1200
78;0;463;8713100;17000;149100;88000;121400;11000;1700;1600;57300;2200;1207400;4830300;2158200;0;0;0;0;2580;1280;89548;38728;62296;0;0;0;0;0;0;0;0;38361;77764;0;0;0;0;0;0;0;0;0;0;100;0;0;1200
79;0;466;8576500;16100;149300;87800;122100;11000;1800;1500;58000;2200;1130100;4997100;1934300;0;0;0;0;2580;1276;90028;39236;62662;0;0;0;0;0;0;0;0;38866;78916;0;0;0;0;0;0;0;0;0;0;104;0;0;1200
80;0;470;8687700;13500;150200;76000;104400;9900;1500;1300;49300;2000;1026100;5009300;2170800;0;0;0;0;2580;1281;87244;38484;60989;0;0;0;0;0;0;0;0;38132;77092;0;0;0;0;0;0;0;0;0;0;99;0;0;1200
81;0;473;6277900;7800;67200;40600;54800;5200;800;700;26700;900;878000;3025300;2111300;0;0;0;0;2580;1281;87244;38466;60989;0;0;0;0;0;0;0;0;38084;77092;0;0;0;0;0;0;0;0;0;0;99;0;0;1200
82;0;476;7597500;13300;103300;51400;70000;7000;1100;1000;32200;1300;946000;4044100;2252500;0;0;0;0;2580;1276;90700;39947;63036;0;0;0;0;0;0;0;0;39596;79300;0;0;0;0;0;0;0;0;0;0;104;0;0;1200
83;0;480;6763300;12400;86400;49900;69600;7300;900;900;32200;1300;895900;3410900;2133500;0;0;0;0;2580;1281;87916;38785;61363;0;0;0;0;0;0;0;0;38419;78052;0;0;0;0;0;0;0;0;0;0;99;0;0;1200
84;0;483;10772100;17800;148200;87300;121000;11100;1800;1700;56100;2200;1237100;6737700;2218300;0;0;0;0;2580;1281;87244;38548;60989;0;0;0;0;0;0;0;0;38181;77380;0;0;0;0;0;0;0;0;0;0;99;0;0;1200
85;0;486;11071300;18000;148800;87300;121200;10900;1700;1600;57400;2300;1228500;6943300;2331500;0;0;0;0;2580;1278;89452;38613;62292;0;0;0;0;0;0;0;0;38264;77380;0;0;0;0;0;0;0;0;0;0;102;0;0;1200
86;0;490;10239300;18000;147800;87300;120700;10700;1800;1600;57000;2200;1300500;6061000;2331500;0;0;0;0;2580;1278;88780;39156;61918;0;0;0;0;0;0;0;0;38797;78628;0;0;0;0;0;0;0;0;0;0;102;0;0;1200
87;0;493;8353400;15000;118600;70000;97300;8800;1400;1300;45500;1700;1136600;4699400;2083200;0;0;0;0;2580;1279;88492;38859;61733;0;0;0;0;0;0;0;0;38488;77092;0;0;0;0;0;0;0;0;0;0;101;0;0;1200
88;0;496;7168400;11600;82400;47700;66500;6600;900;900;31200;1300;990700;3855300;1998500;0;0;0;0;2580;1276;90700;40251;63036;0;0;0;0;0;0;0;0;39884;80548;0;0;0;0;0;0;0;0;0;0;104;0;0;1200
89;0;500;8719500;17600;148800;87500;121300;10700;1700;1600;56600;2200;1340000;5043100;1812700;0;0;0;0;2580;1282;86956;38383;60804;0;0;0;0;0;0;0;0;38011;77092;0;0;0;0;0;0;0;0;0;0;98;0;0;1200
90;0;503;8717600;17600;147600;87200;121300;10900;1800;1600;60400;2200;1272200;4995200;1922900;0;0;0;0;2580;1280;88876;38871;61922;0;0;0;0;0;0;0;0;38487;78052;0;0;0;0;0;0;0;0;0;0;100;0;0;1200
91;0;506;8753400;49800;147800;87800;121600;10700;1800;1700;58100;2200;1336200;4862700;2001800;0;0;0;0;2580;1278;88780;38917;61918;0;0;0;0;0;0;0;0;38535;77668;0;0;0;0;0;0;0;0;0;0;102;0;0;1200
92;0;510;6512000;9900;77000;45000;61600;6200;900;900;29300;1200;884900;3054600;2279000;0;0;0;0;2580;1282;86284;37833;60430;0;0;0;0;0;0;0;0;37462;75844;0;0;0;0;0;0;0;0;0;0;98;0;0;1200
93;0;513;8827000;17600;149700;87400;121200;10900;1800;1600;57300;2200;1337200;5306700;1640300;0;0;0;0;2580;1277;90412;40127;62851;0;0;0;0;0;0;0;0;39772;80260;0;0;0;0;0;0;0;0;0;0;103;0;0;1200
94;0;516;9168500;17400;147800;87300;121000;10800;1700;1600;58700;2300;1313400;5541000;1778900;0;0;0;0;2580;1280;87532;39167;61174;0;0;0;0;0;0;0;0;38809;78340;0;0;0;0;0;0;0;0;0;0;100;0;0;1200
95;0;520;7961400;13900;100000;58300;81300;7600;1300;1100;37900;1500;1134800;4685900;1751300;0;0;0;0;2580;1278;90124;39923;62666;0;0;0;0;0;0;0;0;39547;79300;0;0;0;0;0;0;0;0;0;0;102;0;0;1200
96;0;523;7709400;13400;99200;58200;81500;7600;1200;1100;39800;1500;1081300;4601700;1638300;0;0;0;0;2580;1281;87916;38879;61363;0;0;0;0;0;0;0;0;38502;77092;0;0;0;0;0;0;0;0;0;0;99;0;0;1200
97;0;526;7380800;13200;99300;58300;81000;7600;1200;1000;38400;1400;1105400;4262600;1637400;0;0;0;0;2580;1278;88780;39246;61918;0;0;0;0;0;0;0;0;38886;77668;0;0;0;0;0;0;0;0;0;0;102;0;0;1200
98;0;530;6496800;11000;74700;43900;60900;6300;900;800;30000;1100;918200;3456800;1822400;0;0;0;0;2580;1277;90412;39020;62851;0;0;0;0;0;0;0;0;38662;78052;0;0;0;0;0;0;0;0;0;0;103;0;0;1200
99;0;533;8843000;15900;160700;87800;122400;11200;1900;1700;58300;2200;1292200;4998600;2015500;0;0;0;0;2580;1283;85996;37926;60245;0;0;0;0;0;0;0;0;37571;75844;0;0;0;0;0;0;0;0;0;0;97;0;0;1200
100;0;536;8444200;16500;148800;88500;122000;11100;1700;1600;57900;2300;1227100;4902900;1773200;0;0;0;0;2580;1276;89356;39283;62288;0;0;0;0;0;0;0;0;38903;78916;0;0;0;0;0;0;0;0;0;0;104;0;0;1200
101;0;540;4923700;6900;45900;28500;35200;3800;500;400;16100;700;923800;1955300;1859600;0;0;0;0;2580;1281;87916;38852;61363;0;0;0;0;0;0;0;0;38494;77764;0;0;0;0;0;0;0;0;0;0;99;0;0;1200
102;0;543;8607700;18000;149100;88300;122100;10900;1800;1600;56600;2200;1297600;4825000;1959300;0;0;0;0;2580;1281;87244;38914;60989;0;0;0;0;0;0;0;0;38551;77092;0;0;0;0;0;0;0;0;0;0;99;0;0;1200
103;0;546;8707800;15100;138000;82300;112900;10900;1600;1400;54700;2000;1206600;4852400;2155700;0;0;0;0;2580;1280;86860;38694;60800;0;0;0;0;0;0;0;0;38342;77668;0;0;0;0;0;0;0;0;0;0;100;0;0;1200
104;0;550;9266000;17300;148400;88300;121300;11000;1700;1700;56000;2200;1231400;5120000;2389600;0;0;0;0;2580;1281;87916;38622;61363;0;0;0;0;0;0;0;0;38263;77764;0;0;0;0;0;0;0;0;0;0;99;0;0;1200
105;0;553;6757300;8900;57200;33000;45800;5200;700;600;22500;800;870000;3508700;2136200;0;0;0;0;2580;1278;88780;39785;61918;0;0;0;0;0;0;0;0;39422;79300;0;0;0;0;0;0;0;0;0;0;102;0;0;1200
106;0;556;6757800;11100;75300;43700;60800;5900;900;800;28400;1100;985800;3402300;2073900;0;0;0;0;2580;1281;86572;38464;60615;0;0;0;0;0;0;0;0;38094;77092;0;0;0;0;0;0;0;0;0;0;99;0;0;1200
107;0;560;10038400;18100;149700;87700;121700;10700;1800;1600;59400;2200;1256900;6081200;2164700;0;0;0;0;2580;1281;87916;39340;61363;0;0;0;0;0;0;0;0;38959;78052;0;0;0;0;0;0;0;0;0;0;99;0;0;1200
108;0;563;9572100;17700;148800;88000;121700;11200;1700;1700;58700;2200;1264800;5393900;2376200;0;0;0;0;2580;1282;86284;38492;60430;0;0;0;0;0;0;0;0;38114;77380;0;0;0;0;0;0;0;0;0;0;98;0;0;1200
109;0;566;10012900;17700;148000;87200;121000;10900;1700;1600;56500;2200;1429000;5580000;2463800;0;0;0;0;2580;1283;85324;38033;59871;0;0;0;0;0;0;0;0;37655;76420;0;0;0;0;0;0;0;0;0;0;97;0;0;1200
110;0;570;9132100;14000;131900;61800;85700;8300;1300;1100;40000;1600;1175700;5165400;2352600;0;0;0;0;2580;1277;90412;40397;62851;0;0;0;0;0;0;0;0;40022;79300;0;0;0;0;0;0;0;0;0;0;103;0;0;1200
111;0;573;8434800;14200;100000;58200;80900;7500;1100;1000;37500;1500;1119500;4515200;2407900;0;0;0;0;2580;1283;85324;38051;59871;0;0;0;0;0;0;0;0;37665;76132;0;0;0;0;0;0;0;0;0;0;97;0;0;1200
112;0;576;7915500;14500;100700;58400;81100;7800;1200;1100;38900;1500;1214700;3734800;2583600;0;0;0;0;2580;1280;87532;39125;61174;0;0;0;0;0;0;0;0;38747;78628;0;0;0;0;0;0;0;0;0;0;100;0;0;1200
113;0;580;7231100;12400;78900;45900;63900;6800;1000;900;31900;1300;1100600;3370500;2452900;0;0;0;0;2580;1280;88204;38838;61548;0;0;0;0;0;0;0;0;38471;78052;0;0;0;0;0;0;0;0;0;0;100;0;0;1200
114;0;583;5937300;10400;54500;31600;43300;5100;700;600;20400;800;1000800;2453200;2256700;0;0;0;0;2580;1282;86956;38393;60804;0;0;0;0;0;0;0;0;38022;76132;0;0;0;0;0;0;0;0;0;0;98;0;0;1200
115;0;586;8761400;17400;150800;87600;122400;11400;1800;1600;59500;2300;1364300;4760300;2101600;0;0;0;0;2580;1282;86956;38876;60804;0;0;0;0;0;0;0;0;38486;77764;0;0;0;0;0;0;0;0;0;0;98;0;0;1200
116;0;590;8836700;17500;148500;99300;121000;10800;1800;1700;58900;2200;1340900;4818000;2139400;0;0;0;0;2580;1280;86860;38689;60800;0;0;0;0;0;0;0;0;38313;77092;0;0;0;0;0;0;0;0;0;0;100;0;0;1200
117;0;593;8788800;17600;148700;88100;120800;11100;1800;1700;58800;2200;1297500;4862200;2101600;0;0;0;0;2580;1279;86156;40352;60523;0;0;0;0;0;0;0;0;39934;79972;0;0;0;0;0;0;0;0;0;0;101;0;0;1200
118;0;596;5046300;6300;44400;27300;35200;3900;500;500;16700;700;827800;1941000;2096200;0;0;0;0;2580;1282;85612;38140;60056;0;0;0;0;0;0;0;0;37758;76132;0;0;0;0;0;0;0;0;0;0;98;0;0;1200
119;0;600;8752100;17500;148700;87800;120900;10500;1700;1600;55800;2200;1231800;4999700;2003200;0;0;0;0;2580;1279;88492;39049;61733;0;0;0;0;0;0;0;0;38671;78340;0;0;0;0;0;0;0;0;0;0;101;0;0;1200
120;0;603;5669800;6200;48500;28300;37600;4200;500;500;17600;700;805900;2476800;2191300;0;0;0;0;2580;1282;86956;38380;60804;0;0;0;0;0;0;0;0;37993;76804;0;0;0;0;0;0;0;0;0;0;98;0;0;1200
121;0;606;9215900;18200;149300;87400;121100;10900;1700;1600;58000;2100;1201800;5286100;2199300;0;0;0;0;2580;1281;86572;38067;60615;0;0;0;0;0;0;0;0;37692;76420;0;0;0;0;0;0;0;0;0;0;99;0;0;1200
122;0;610;6301300;9500;65400;38900;52900;5200;700;800;24600;900;894800;2974900;2171900;0;0;0;0;2580;1281;87916;38810;61363;0;0;0;0;0;0;0;0;38432;78052;0;0;0;0;0;0;0;0;0;0;99;0;0;1200
123;0;613;11409800;16500;148800;87300;122000;10800;1800;1600;59400;2200;1231200;7010100;2598400;0;0;0;0;2580;1280;86860;38399;60800;0;0;0;0;0;0;0;0;37998;77092;0;0;0;0;0;0;0;0;0;0;100;0;0;1200
124;0;616;9662700;17300;147400;87400;121100;10800;1700;1600;58000;2200;1302300;5601500;2219300;0;0;0;0;2580;1279;85484;39013;60149;0;0;0;0;0;0;0;0;38618;77764;0;0;0;0;0;0;0;0;0;0;101;0;0;1200
125;0;620;10188200;16900;148400;87100;122000;11300;1800;1700;58900;2300;1326300;6117400;2173300;0;0;0;0;2580;1285;84748;37783;59501;0;0;0;0;0;0;0;0;37402;75844;0;0;0;0;0;0;0;0;0;0;95;0;0;1200
126;0;623;11488300;18300;149300;87300;121200;10700;1800;1600;56300;2200;1327400;7143900;2448500;0;0;0;0;2580;1279;89164;39942;62107;0;0;0;0;0;0;0;0;39561;80260;0;0;0;0;0;0;0;0;0;0;101;0;0;1200
127;0;626;10159800;16200;127500;91500;104900;9800;1400;1400;49100;1900;1219200;6049400;2377700;0;0;0;0;2580;1281;87244;38383;60989;0;0;0;0;0;0;0;0;37993;76804;0;0;0;0;0;0;0;0;0;0;99;0;0;1200
128;0;630;7937200;12900;103900;52700;73100;7300;1100;900;33700;1400;1152200;4172100;2240900;0;0;0;0;2580;1283;82988;38841;58661;0;0;0;0;0;0;0;0;38446;76132;0;0;0;0;0;0;0;0;0;0;97;0;0;1200
129;0;633;6439700;13800;90300;80300;73500;7800;1000;1000;35500;1400;1008800;2823500;2236300;0;0;0;0;2580;1281;87244;38862;60989;0;0;0;0;0;0;0;0;38454;78052;0;0;0;0;0;0;0;0;0;0;99;0;0;1200
130;0;636;6426500;11000;63800;36700;50800;5200;800;800;24100;1100;1056800;2827400;2280500;0;0;0;0;2580;1283;85324;38062;59871;0;0;0;0;0;0;0;0;37674;76132;0;0;0;0;0;0;0;0;0;0;97;0;0;1200
131;0;640;8810700;17000;180800;88900;122500;11200;1700;1600;56700;2200;1376500;4765700;2102700;0;0;0;0;2580;1283;82316;38287;58287;0;0;0;0;0;0;0;0;37872;77092;0;0;0;0;0;0;0;0;0;0;97;0;0;1200
132;0;643;8625400;17700;161600;88600;122100;11400;1800;1700;58200;2200;1228200;4823300;2029400;0;0;0;0;2580;1283;82988;38731;58661;0;0;0;0;0;0;0;0;38326;77764;0;0;0;0;0;0;0;0;0;0;97;0;0;1200
133;0;646;8604500;17500;150500;88900;122200;10800;1900;1500;59600;2200;1190500;4874700;2006800;0;0;0;0;2580;1281;87244;38986;60989;0;0;0;0;0;0;0;0;38604;78340;0;0;0;0;0;0;0;0;0;0;99;0;0;1200
134;0;650;8667200;16700;149000;88200;121700;11200;1800;1700;56700;2200;1262800;4691100;2191300;0;0;0;0;2580;1283;85324;38018;59871;0;0;0;0;0;0;0;0;37610;75844;0;0;0;0;0;0;0;0;0;0;97;0;0;1200
135;0;653;8065800;14900;118600;70900;97200;8700;1400;1200;45700;1800;1133600;4382700;2100900;0;0;0;0;2580;1280;84524;39484;59590;0;0;0;0;0;0;0;0;39098;79300;0;0;0;0;0;0;0;0;0;0;100;0;0;1200
136;0;656;6765200;10700;69800;42600;56300;5800;900;800;26200;1100;1028900;3165000;2280600;0;0;0;0;2580;1280;87532;38752;61174;0;0;0;0;0;0;0;0;38353;77092;0;0;0;0;0;0;0;0;0;0;100;0;0;1200
137;0;660;6698500;9700;72500;42500;58900;5900;800;800;29100;1200;996300;3291700;2121400;0;0;0;0;2580;1283;86668;38667;60619;0;0;0;0;0;0;0;0;38285;76804;0;0;0;0;0;0;0;0;0;0;97;0;0;1200
138;0;663;10277100;18400;147900;87300;121100;11100;1700;1700;56500;2200;1367700;6149700;2186700;0;0;0;0;2580;1283;82988;38427;58661;0;0;0;0;0;0;0;0;38050;76804;0;0;0;0;0;0;0;0;0;0;97;0;0;1200
139;0;666;10103500;14100;111800;65600;90700;8500;1400;1200;44100;1700;1203700;6263300;2182700;0;0;0;0;2580;1284;82028;38374;58102;0;0;0;0;0;0;0;0;37997;77092;0;0;0;0;0;0;0;0;0;0;96;0;0;1200
140;0;670;9769500;16800;136200;80600;111600;10600;1700;1500;52300;2100;1262400;5681100;2309400;0;0;0;0;2580;1283;85996;38355;60245;0;0;0;0;0;0;0;0;37975;76132;0;0;0;0;0;0;0;0;0;0;97;0;0;1200
141;0;673;8165900;16200;119100;69900;97000;9100;1400;1200;47800;1800;1288000;4143400;2279000;0;0;0;0;2580;1278;88108;38575;61544;0;0;0;0;0;0;0;0;38198;77092;0;0;0;0;0;0;0;0;0;0;102;0;0;1200
142;0;676;7664000;12400;85800;50300;69900;7100;1200;900;34200;1300;1091700;3655300;2592300;0;0;0;0;2580;1280;85196;39003;59964;0;0;0;0;0;0;0;0;38617;78052;0;0;0;0;0;0;0;0;0;0;100;0;0;1200
143;0;680;9268000;16300;148100;87400;121500;11000;1800;1600;56100;2200;1362600;5025000;2354700;0;0;0;0;2580;1285;81740;38248;57917;0;0;0;0;0;0;0;0;37873;76804;0;0;0;0;0;0;0;0;0;0;95;0;0;1200
144;0;683;9159300;17600;148000;87400;121000;10800;1700;1700;57500;2200;1421400;4812700;2398200;0;0;0;0;2580;1281;87244;38546;60989;0;0;0;0;0;0;0;0;38130;77380;0;0;0;0;0;0;0;0;0;0;99;0;0;1200
145;0;686;9570800;17900;149200;89200;121200;10800;1700;1600;56500;2200;1452200;4685900;2904300;0;0;0;0;2580;1284;82028;38333;58102;0;0;0;0;0;0;0;0;37952;76804;0;0;0;0;0;0;0;0;0;0;96;0;0;1200
146;0;690;9571900;16200;149900;88100;122200;11300;1900;1600;57000;2200;1441700;4852600;2748900;0;0;0;0;2580;1284;82028;38221;58102;0;0;0;0;0;0;0;0;37830;76804;0;0;0;0;0;0;0;0;0;0;96;0;0;1200
147;0;693;12295800;20300;182300;87700;122000;11800;1700;1700;57600;2300;1483300;7161100;3027300;0;0;0;0;2580;1281;85900;38151;60241;0;0;0;0;0;0;0;0;37783;76132;0;0;0;0;0;0;0;0;0;0;99;0;0;1200
148;0;696;10583200;20000;149100;87500;121200;11600;1700;1700;59000;2200;1465100;5767100;2791200;0;0;0;0;2580;1281;84236;39228;59405;0;0;0;0;0;0;0;0;38853;77764;0;0;0;0;0;0;0;0;0;0;99;0;0;1200
149;0;700;9668300;16300;120400;70400;97300;9200;1500;1200;45700;1800;1344800;5365400;2489900;0;0;0;0;2580;1281;83564;38814;59031;0;0;0;0;0;0;0;0;38436;77380;0;0;0;0;0;0;0;0;0;0;99;0;0;1200
150;0;703;10301500;17300;127800;75000;104800;10100;1600;1400;48400;1900;1359000;5631300;2811400;0;0;0;0;2580;1285;81740;38273;57917;0;0;0;0;0;0;0;0;37910;76804;0;0;0;0;0;0;0;0;0;0;95;0;0;1200
151;0;706;8776300;16500;106900;61800;85800;8800;1200;1200;41300;1600;1284900;4692700;2377000;0;0;0;0;2580;1283;82988;38424;58661;0;0;0;0;0;0;0;0;38035;76804;0;0;0;0;0;0;0;0;0;0;97;0;0;1200
152;0;710;7284300;13700;79600;46000;63900;7000;1000;900;30000;1300;1180100;3437100;2346300;0;0;0;0;2580;1282;81932;38057;58098;0;0;0;0;0;0;0;0;37686;76132;0;0;0;0;0;0;0;0;0;0;98;0;0;1200
153;0;713;6131100;14000;79800;46000;63800;6700;900;900;30700;1200;1106600;2637600;2077100;0;0;0;0;2580;1283;82988;38834;58661;0;0;0;0;0;0;0;0;38469;76804;0;0;0;0;0;0;0;0;0;0;97;0;0;1200
154;0;716;9156700;17900;147400;87400;121200;10800;1700;1600;56000;2200;1400000;4847200;2384000;0;0;0;0;2580;1281;83564;38777;59031;0;0;0;0;0;0;0;0;38416;77092;0;0;0;0;0;0;0;0;0;0;99;0;0;1200
155;0;720;8834700;17400;148400;87300;122400;11100;1800;1600;56200;2200;1439500;4792400;2075200;0;0;0;0;2580;1281;84236;38869;59405;0;0;0;0;0;0;0;0;38515;78052;0;0;0;0;0;0;0;0;0;0;99;0;0;1200
156;0;723;8725500;16800;148100;88200;122100;10900;1700;1600;60200;2200;1294400;4767500;2124700;0;0;0;0;2580;1284;82028;38349;58102;0;0;0;0;0;0;0;0;38008;77092;0;0;0;0;0;0;0;0;0;0;96;0;0;1200
157;0;726;5889300;10000;53900;32000;41300;5100;600;600;19900;800;1164500;2278500;2223500;0;0;0;0;2580;1282;83948;38888;59220;0;0;0;0;0;0;0;0;38532;77092;0;0;0;0;0;0;0;0;0;0;98;0;0;1200
158;0;730;9250000;17700;148900;87500;121000;10800;1800;1500;56300;2200;1374300;5006400;2334300;0;0;0;0;2580;1281;83564;38777;59031;0;0;0;0;0;0;0;0;38413;76804;0;0;0;0;0;0;0;0;0;0;99;0;0;1200
159;0;733;6297800;10300;58300;33500;57000;6100;700;500;22100;900;1033000;2523200;2490900;0;0;0;0;2580;1283;82316;38070;58287;0;0;0;0;0;0;0;0;37698;76132;0;0;0;0;0;0;0;0;0;0;97;0;0;1200
160;0;736;8798900;15100;120000;69900;97100;9000;1400;1300;47200;1700;1241800;4729000;2387800;0;0;0;0;2580;1283;82988;38193;58661;0;0;0;0;0;0;0;0;37823;76804;0;0;0;0;0;0;0;0;0;0;97;0;0;1200
161;0;740;6291900;20900;66100;40200;52400;5700;700;700;24600;1000;1135800;2864500;2012100;0;0;0;0;2580;1283;82316;38403;58287;0;0;0;0;0;0;0;0;38038;77092;0;0;0;0;0;0;0;0;0;0;97;0;0;1200
162;0;743;11186000;17400;149600;87300;122300;11700;1700;1600;59800;2200;1330400;6787400;2480400;0;0;0;0;2580;1284;82028;38336;58102;0;0;0;0;0;0;0;0;37970;77092;0;0;0;0;0;0;0;0;0;0;96;0;0;1200
163;0;746;10841300;18000;147600;87300;121400;11100;1700;1600;57400;2300;1385600;6634300;2252900;0;0;0;0;2580;1284;82028;37915;58102;0;0;0;0;0;0;0;0;37560;76132;0;0;0;0;0;0;0;0;0;0;96;0;0;1200
164;0;750;5343300;9700;51500;30000;41200;5100;600;500;20600;800;973100;1908100;2252000;0;0;0;0;2580;1283;82988;38705;58661;0;0;0;0;0;0;0;0;38356;77764;0;0;0;0;0;0;0;0;0;0;97;0;0;1200
165;0;753;8814600;16900;138900;81500;112800;10200;1600;1500;52800;2000;1236300;4748900;2321100;0;0;0;0;2580;1281;83564;38355;59031;0;0;0;0;0;0;0;0;38002;76804;0;0;0;0;0;0;0;0;0;0;99;0;0;1200
166;0;756;8600100;14500;152000;88400;122000;10500;1800;1600;58000;2100;1289300;4689500;2100600;0;0;0;0;2580;1283;82316;38409;58287;0;0;0;0;0;0;0;0;38041;77092;0;0;0;0;0;0;0;0;0;0;97;0;0;1200
167;0;760;8413500;15200;126700;76200;104200;9500;1500;1400;50500;1900;1066500;4825900;2065300;0;0;0;0;2580;1282;83276;38855;58846;0;0;0;0;0;0;0;0;38464;77764;0;0;0;0;0;0;0;0;0;0;98;0;0;1200
168;0;763;7952000;15400;126700;75800;103700;9500;1500;1400;48300;1900;1036400;4378800;2083900;0;0;0;0;2580;1284;82028;38162;58102;0;0;0;0;0;0;0;0;37781;76132;0;0;0;0;0;0;0;0;0;0;96;0;0;1200
169;0;766;4949300;6500;48800;30200;40400;4000;600;500;18400;700;790000;2127700;1834000;0;0;0;0;2580;1284;82028;37967;58102;0;0;0;0;0;0;0;0;37600;75844;0;0;0;0;0;0;0;0;0;0;96;0;0;1200
170;0;770;6335700;10200;75100;43800;61600;6000;800;800;30300;1100;864700;3357100;1819100;0;0;0;0;2580;1282;82604;38489;58472;0;0;0;0;0;0;0;0;38136;77092;0;0;0;0;0;0;0;0;0;0;98;0;0;1200
171;0;773;5492700;9200;74600;43700;61100;6100;1000;700;28300;1100;768900;2665600;1775400;0;0;0;0;2580;1285;81068;37805;57543;0;0;0;0;0;0;0;0;37437;75844;0;0;0;0;0;0;0;0;0;0;95;0;0;1200
172;0;776;4683600;8600;54800;31800;44300;4500;600;600;20800;800;667600;2422500;1373700;0;0;0;0;2580;1283;82988;38706;58661;0;0;0;0;0;0;0;0;38330;77764;0;0;0;0;0;0;0;0;0;0;97;0;0;1200
173;0;780;9866200;16400;147700;87400;120900;10800;1700;1700;58600;2200;1124600;6064000;2125000;0;0;0;0;2580;1282;83276;38874;58846;0;0;0;0;0;0;0;0;38506;77092;0;0;0;0;0;0;0;0;0;0;98;0;0;1200
174;0;783;9837400;13300;104900;62200;85700;8000;1200;1200;39700;1600;1039600;6208000;2159900;0;0;0;0;2580;1284;82700;38260;58476;0;0;0;0;0;0;0;0;37900;76804;0;0;0;0;0;0;0;0;0;0;96;0;0;1200
175;0;786;4837100;7000;42900;24900;34500;4000;500;500;16900;700;776500;1992100;1888300;0;0;0;0;2580;1283;82316;38518;58287;0;0;0;0;0;0;0;0;38161;77380;0;0;0;0;0;0;0;0;0;0;97;0;0;1200
176;0;790;4844000;8300;46100;26700;36800;4100;500;500;18100;700;700500;1982900;1972100;0;0;0;0;2580;1283;82988;38156;58661;0;0;0;0;0;0;0;0;37790;76804;0;0;0;0;0;0;0;0;0;0;97;0;0;1200
177;0;793;10693100;15800;147900;87400;122100;11000;1800;1600;59500;2200;1216300;6840700;2048000;0;0;0;0;2580;1282;83276;38431;58846;0;0;0;0;0;0;0;0;38067;77092;0;0;0;0;0;0;0;0;0;0;98;0;0;1200
178;0;796;10402900;16800;148600;87500;120900;10800;1800;1700;55800;2200;1197900;6589600;2054200;0;0;0;0;2580;1286;80780;37795;57358;0;0;0;0;0;0;0;0;37426;75844;0;0;0;0;0;0;0;0;0;0;94;0;0;1200
179;0;800;9589400;16600;147500;87400;121000;10800;1700;1600;56200;2200;1128600;5830500;2084500;0;0;0;0;2580;1282;83948;38453;59220;0;0;0;0;0;0;0;0;38089;76804;0;0;0;0;0;0;0;0;0;0;98;0;0;1200
180;0;803;8016600;14700;126900;74800;103800;9200;1500;1300;48600;1900;1040700;4361800;2153400;0;0;0;0;2580;1282;82604;38685;58472;0;0;0;0;0;0;0;0;38323;77380;0;0;0;0;0;0;0;0;0;0;98;0;0;1200
181;0;806;7036200;11500;89400;52400;72800;7100;1000;900;34200;1300;895000;3833700;1981500;0;0;0;0;2580;1283;83660;38639;59035;0;0;0;0;0;0;0;0;38265;75844;0;0;0;0;0;0;0;0;0;0;97;0;0;1200
182;0;810;5530500;8900;56600;32900;45600;5100;700;600;21000;800;758800;2438500;2106900;0;0;0;0;2580;1284;81356;37924;57728;0;0;0;0;0;0;0;0;37559;76132;0;0;0;0;0;0;0;0;0;0;96;0;0;1200
183;0;813;8881600;17200;147900;87300;121000;10600;1700;1600;57000;2200;1157400;4907600;2298400;0;0;0;0;2580;1282;82604;38215;58472;0;0;0;0;0;0;0;0;37832;76804;0;0;0;0;0;0;0;0;0;0;98;0;0;1200
184;0;816;9182000;16400;148900;88100;122000;11200;1700;1600;58800;2300;1246100;5425900;1965400;0;0;0;0;2580;1283;82988;38882;58661;0;0;0;0;0;0;0;0;38505;78052;0;0;0;0;0;0;0;0;0;0;97;0;0;1200
185;0;820;8674900;15300;148300;88300;122000;10800;1700;1600;59500;2200;1151300;4979300;2015700;0;0;0;0;2580;1285;81068;37669;57543;0;0;0;0;0;0;0;0;37299;75844;0;0;0;0;0;0;0;0;0;0;95;0;0;1200
186;0;823;9228400;16600;147300;87700;201200;12200;1800;1600;56500;2300;1243900;5276700;2096600;0;0;0;0;2580;1283;83660;39202;59035;0;0;0;0;0;0;0;0;38827;78724;0;0;0;0;0;0;0;0;0;0;97;0;0;1200
187;0;826;6100800;9400;67100;38900;54100;5300;800;700;24900;1000;896300;2922600;2017900;0;0;0;0;2580;1285;81068;37783;57543;0;0;0;0;0;0;0;0;37401;76132;0;0;0;0;0;0;0;0;0;0;95;0;0;1200
188;0;830;9640400;17400;148500;87700;122200;10600;1700;1700;57600;2100;1198300;5502600;2398900;0;0;0;0;2580;1283;82988;38396;58661;0;0;0;0;0;0;0;0;38017;75844;0;0;0;0;0;0;0;0;0;0;97;0;0;1200
189;0;833;9745500;16600;148500;88000;122200;11800;1800;1500;57500;2200;1258100;5734700;2186700;0;0;0;0;2580;1283;82316;38300;58287;0;0;0;0;0;0;0;0;37927;77092;0;0;0;0;0;0;0;0;0;0;97;0;0;1200
190;0;836;9090300;12300;94500;55300;76500;7400;1100;1100;35500;1400;1047700;5202000;2458300;0;0;0;0;2580;1286;80780;37778;57358;0;0;0;0;0;0;0;0;37405;75844;0;0;0;0;0;0;0;0;0;0;94;0;0;1200
191;0;840;8779200;16600;119200;70000;97200;9100;1300;1400;47000;1800;1162800;4825100;2337500;0;0;0;0;2580;1282;82604;38334;58472;0;0;0;0;0;0;0;0;37960;77092;0;0;0;0;0;0;0;0;0;0;98;0;0;1200
192;0;843;7807900;13900;105800;88700;86600;9000;1200;1100;40600;1600;1106000;4022500;2256900;0;0;0;0;2580;1285;81740;38236;57917;0;0;0;0;0;0;0;0;37857;76804;0;0;0;0;0;0;0;0;0;0;95;0;0;1200
193;0;846;6980400;11800;78600;45800;63400;6400;900;800;29400;1200;985500;3511100;2170700;0;0;0;0;2580;1283;82988;38313;58661;0;0;0;0;0;0;0;0;37942;76132;0;0;0;0;0;0;0;0;0;0;97;0;0;1200
194;0;850;5525800;9700;52900;30600;42000;4900;600;600;20300;800;882200;2260700;2164300;0;0;0;0;2580;1284;81356;37886;57728;0;0;0;0;0;0;0;0;37515;76132;0;0;0;0;0;0;0;0;0;0;96;0;0;1200
195;0;853;9088400;17800;148900;87300;121400;10800;1800;1500;60200;2200;1341500;4913400;2303200;0;0;0;0;2580;1282;83948;38991;59220;0;0;0;0;0;0;0;0;38611;77764;0;0;0;0;0;0;0;0;0;0;98;0;0;1200
196;0;856;8878400;17300;148200;89000;122500;11300;1800;1600;59500;2300;1452000;4716700;2181000;0;0;0;0;2580;1283;82988;38403;58661;0;0;0;0;0;0;0;0;38011;76132;0;0;0;0;0;0;0;0;0;0;97;0;0;1200
197;0;860;8860300;16400;150600;88000;121700;11100;1700;1600;56500;2200;1402500;4807500;2112800;0;0;0;0;2580;1285;81740;38248;57917;0;0;0;0;0;0;0;0;37886;76804;0;0;0;0;0;0;0;0;0;0;95;0;0;1200
198;0;863;9026400;14400;148200;88500;121700;10200;1800;1600;56200;2000;1233000;5018100;2246800;0;0;0;0;2580;1282;83276;38872;58846;0;0;0;0;0;0;0;0;38486;77092;0;0;0;0;0;0;0;0;0;0;98;0;0;1200
199;0;866;9149000;16700;175500;89700;122800;11800;1800;1500;58800;2300;1184100;5184300;2215300;0;0;0;0;2580;1285;81740;38249;57917;0;0;0;0;0;0;0;0;37844;75844;0;0;0;0;0;0;0;0;0;0;95;0;0;1200
200;0;870;7488900;11900;85700;50000;69300;6800;1100;900;34800;1300;1062000;3735700;2351500;0;0;0;0;2580;1286;80780;37759;57358;0;0;0;0;0;0;0;0;37370;75844;0;0;0;0;0;0;0;0;0;0;94;0;0;1200
201;0;873;7460200;12900;86200;50100;70000;6700;1000;900;33300;1300;1008700;3762200;2350200;0;0;0;0;2580;1283;81644;37881;57913;0;0;0;0;0;0;0;0;37516;76132;0;0;0;0;0;0;0;0;0;0;97;0;0;1200
202;0;876;7713100;11800;103900;50200;69600;7300;1200;1000;33300;1400;1032500;3770500;2558500;0;0;0;0;2580;1284;82700;38246;58476;0;0;0;0;0;0;0;0;37870;76804;0;0;0;0;0;0;0;0;0;0;96;0;0;1200
203;0;880;6617100;11200;67400;39300;54200;6200;900;700;48500;1300;1005600;2918600;2389700;0;0;0;0;2580;1284;82028;38388;58102;0;0;0;0;0;0;0;0;38006;77092;0;0;0;0;0;0;0;0;0;0;96;0;0;1200
204;0;883;9029700;17600;147600;87500;121400;11300;1900;1700;59600;2200;1387500;4884300;2222800;0;0;0;0;2580;1284;82700;38198;58476;0;0;0;0;0;0;0;0;37827;76804;0;0;0;0;0;0;0;0;0;0;96;0;0;1200
205;0;886;5673400;10000;51300;30100;41000;4800;600;600;21000;800;1061400;2115700;2278600;0;0;0;0;2580;1282;83276;38847;58846;0;0;0;0;0;0;0;0;38465;78052;0;0;0;0;0;0;0;0;0;0;98;0;0;1200
206;0;890;9230100;17700;148100;87200;121300;11000;1900;1600;59700;2300;1407600;4898200;2392800;0;0;0;0;2580;1284;82028;38375;58102;0;0;0;0;0;0;0;0;37999;76804;0;0;0;0;0;0;0;0;0;0;96;0;0;1200
207;0;893;5431600;9500;51800;31700;38200;4700;600;500;17700;800;1061100;2026000;2133100;0;0;0;0;2580;1286;80780;37773;57358;0;0;0;0;0;0;0;0;37386;75844;0;0;0;0;0;0;0;0;0;0;94;0;0;1200
208;0;896;8884000;17500;149700;87600;122500;11000;1700;1600;59300;2200;1378600;4841200;2131500;0;0;0;0;2580;1282;83948;38362;59220;0;0;0;0;0;0;0;0;37985;77092;0;0;0;0;0;0;0;0;0;0;98;0;0;1200
209;0;900;8807700;18500;150400;87500;120800;10900;1700;1600;59300;2200;1309700;4977200;1982400;0;0;0;0;2580;1287;79820;37788;56799;0;0;0;0;0;0;0;0;37407;75844;0;0;0;0;0;0;0;0;0;0;93;0;0;1200
210;0;903;9001500;17600;149000;87400;120900;11000;1700;1600;58800;2200;1307300;5207700;1933600;0;0;0;0;2580;1284;82028;38337;58102;0;0;0;0;0;0;0;0;37971;77092;0;0;0;0;0;0;0;0;0;0;96;0;0;1200
211;0;906;6557600;11200;76200;46000;60700;6200;800;800;28300;1400;1075100;3344400;1831100;0;0;0;0;2580;1283;82988;38415;58661;0;0;0;0;0;0;0;0;38046;76804;0;0;0;0;0;0;0;0;0;0;97;0;0;1200
212;0;910;6690400;11900;81700;47800;66300;6700;1000;1000;30700;1300;1012900;3602600;1750600;0;0;0;0;2580;1285;81068;37878;57543;0;0;0;0;0;0;0;0;37496;76132;0;0;0;0;0;0;0;0;0;0;95;0;0;1200
213;0;913;6189300;22100;82200;47700;66200;6600;1000;800;32200;1300;962900;3156800;1741300;0;0;0;0;2580;1286;80780;37753;57358;0;0;0;0;0;0;0;0;37365;75844;0;0;0;0;0;0;0;0;0;0;94;0;0;1200
214;0;916;8748600;16600;149600;88700;121900;11300;1800;1600;59200;2200;1277900;5287400;1649400;0;0;0;0;2580;1284;82028;38191;58102;0;0;0;0;0;0;0;0;37784;76804;0;0;0;0;0;0;0;0;0;0;96;0;0;1200
215;0;920;5678600;10100;68200;41200;54200;6300;700;700;25500;1000;925100;3009000;1474100;0;0;0;0;2580;1283;82988;38882;58661;0;0;0;0;0;0;0;0;38491;78052;0;0;0;0;0;0;0;0;0;0;97;0;0;1200
216;0;923;8800300;17100;148900;87300;122000;10600;1700;1600;59300;2100;1200400;5027600;2041100;0;0;0;0;2580;1286;80108;37693;56984;0;0;0;0;0;0;0;0;37293;75844;0;0;0;0;0;0;0;0;0;0;94;0;0;1200
217;0;926;5255800;7600;54900;33700;43500;4300;700;500;21200;900;813000;2344700;1882800;0;0;0;0;2580;1282;83948;39346;59220;0;0;0;0;0;0;0;0;38982;78052;0;0;0;0;0;0;0;0;0;0;98;0;0;1200
218;0;930;8679600;16500;148700;87400;121800;10800;1800;1600;56600;2200;1161000;4929700;2073500;0;0;0;0;2580;1284;82700;37719;58476;0;0;0;0;0;0;0;0;37339;75844;0;0;0;0;0;0;0;0;0;0;96;0;0;1200
219;0;933;8759100;17600;161700;88400;120800;10600;1700;1600;57300;2200;1200000;4993500;2035900;0;0;0;0;2580;1283;81644;37843;57913;0;0;0;0;0;0;0;0;37454;76132;0;0;0;0;0;0;0;0;0;0;97;0;0;1200
220;0;936;5530400;8400;49100;30400;38800;4000;500;500;34400;900;814300;2625400;1870100;0;0;0;0;2580;1284;82028;37695;58102;0;0;0;0;0;0;0;0;37292;75844;0;0;0;0;0;0;0;0;0;0;96;0;0;1200
221;0;940;8699100;14400;137000;80500;112500;10200;1600;1400;55700;2000;1047100;5219100;1934800;0;0;0;0;2580;1285;81740;38190;57917;0;0;0;0;0;0;0;0;37809;76804;0;0;0;0;0;0;0;0;0;0;95;0;0;1200
222;0;943;6128800;9600;71700;43400;58400;5400;800;700;27100;1100;796300;3145500;1908800;0;0;0;0;2580;1284;82028;38386;58102;0;0;0;0;0;0;0;0;38005;77092;0;0;0;0;0;0;0;0;0;0;96;0;0;1200
223;0;946;8254100;13200;119000;83800;103700;9500;1700;1300;50900;1900;978400;5102900;1704300;0;0;0;0;2580;1286;80780;37739;57358;0;0;0;0;0;0;0;0;37345;75844;0;0;0;0;0;0;0;0;0;0;94;0;0;1200
224;0;950;9145200;16000;148400;87800;120500;11100;1700;1700;56500;2200;1105000;5809800;1697100;0;0;0;0;2580;1282;83276;38812;58846;0;0;0;0;0;0;0;0;38415;77092;0;0;0;0;0;0;0;0;0;0;98;0;0;1200
225;0;953;7025000;10000;88800;52400;72600;6800;1000;1100;34700;1300;819000;3920200;1945300;0;0;0;0;2580;1285;81068;37766;57543;0;0;0;0;0;0;0;0;37368;75844;0;0;0;0;0;0;0;0;0;0;95;0;0;1200
226;0;956;7333600;10800;88500;52400;72600;6600;1000;1000;35700;1300;780700;3965500;2245800;0;0;0;0;2580;1283;82316;38388;58287;0;0;0;0;0;0;0;0;37992;77092;0;0;0;0;0;0;0;0;0;0;97;0;0;1200
227;0;960;6136800;9600;72400;41900;58200;5500;800;700;28400;1100;771500;3220500;1864500;0;0;0;0;2580;1283;83660;38725;59035;0;0;0;0;0;0;0;0;38329;77764;0;0;0;0;0;0;0;0;0;0;97;0;0;1200
228;0;963;8656600;16700;146600;87300;120800;10700;1700;1600;59200;2200;1115400;5202300;1823800;0;0;0;0;2580;1285;81740;37723;57917;0;0;0;0;0;0;0;0;37344;75844;0;0;0;0;0;0;0;0;0;0;95;0;0;1200
229;0;966;5733700;8500;60200;35100;48800;4800;700;700;22900;900;799400;2641800;2055400;0;0;0;0;2580;1283;82316;38379;58287;0;0;0;0;0;0;0;0;38006;77092;0;0;0;0;0;0;0;0;0;0;97;0;0;1200
230;0;970;8848700;15800;148600;87200;121200;11300;1700;1700;59700;2200;1151000;5027000;2158300;0;0;0;0;2580;1284;82700;38245;58476;0;0;0;0;0;0;0;0;37871;76804;0;0;0;0;0;0;0;0;0;0;96;0;0;1200
231;0;973;8663500;16700;147000;87300;121100;10800;1700;1700;59400;2200;1138900;5075300;1929000;0;0;0;0;2580;1284;81356;37904;57728;0;0;0;0;0;0;0;0;37527;76132;0;0;0;0;0;0;0;0;0;0;96;0;0;1200
232;0;976;5783200;8100;50300;30100;40800;4100;600;500;18800;800;774200;2497300;2303100;0;0;0;0;2580;1284;82028;38149;58102;0;0;0;0;0;0;0;0;37755;75844;0;0;0;0;0;0;0;0;0;0;96;0;0;1200
233;0;980;9787800;16000;148600;87100;136900;12000;1800;1600;58900;2300;1065300;5707400;2465000;0;0;0;0;2580;1283;82988;38818;58661;0;0;0;0;0;0;0;0;38438;78052;0;0;0;0;0;0;0;0;0;0;97;0;0;1200
234;0;983;9921500;15700;151000;87700;121400;11600;1700;1700;59000;2300;1220600;5764300;2392700;0;0;0;0;2580;1284;82700;38704;58476;0;0;0;0;0;0;0;0;38315;77764;0;0;0;0;0;0;0;0;0;0;96;0;0;1200
235;0;986;10829400;16600;148000;87200;122100;11700;1700;1600;58800;2400;1228800;6552600;2483000;0;0;0;0;2580;1284;82700;38736;58476;0;0;0;0;0;0;0;0;38360;77764;0;0;0;0;0;0;0;0;0;0;96;0;0;1200
236;0;990;10409700;16100;136600;80500;111700;10300;1600;1500;51700;2200;1217300;6173300;2499000;0;0;0;0;2580;1282;83948;38868;59220;0;0;0;0;0;0;0;0;38477;78052;0;0;0;0;0;0;0;0;0;0;98;0;0;1200
237;0;993;9628000;16000;141100;80600;111700;10000;1800;1500;62100;3100;1169000;5583800;2358700;0;0;0;0;2580;1282;83276;38654;58846;0;0;0;0;0;0;0;0;38285;76804;0;0;0;0;0;0;0;0;0;0;98;0;0;1200
238;0;996;8087800;13600;105300;61600;85600;7900;1200;1000;42100;1700;1061800;4385600;2252000;0;0;0;0;2580;1284;81356;38331;57728;0;0;0;0;0;0;0;0;37955;77092;0;0;0;0;0;0;0;0;0;0;96;0;0;1200
239;0;1000;7003100;11200;73100;42100;58500;6100;800;800;27900;1100;954800;3267000;2490100;0;0;0;0;2580;1283;83660;38712;59035;0;0;0;0;0;0;0;0;38338;76804;0;0;0;0;0;0;0;0;0;0;97;0;0;1200
240;0;1003;5368500;9500;50500;29000;40600;4800;600;500;18400;700;861800;2186900;2111800;0;0;0;0;2580;1283;82988;38748;58661;0;0;0;0;0;0;0;0;38351;77092;0;0;0;0;0;0;0;0;0;0;97;0;0;1200
241;0;1006;9228800;17400;148000;87300;120900;10600;1800;1600;57900;2200;1233500;4833700;2641600;0;0;0;0;2580;1284;82700;38672;58476;0;0;0;0;0;0;0;0;38294;77764;0;0;0;0;0;0;0;0;0;0;96;0;0;1200
242;0;1010;8960100;18700;164300;88000;121900;11900;1700;1600;60300;2300;1336900;4796500;2290900;0;0;0;0;2580;1284;82028;38234;58102;0;0;0;0;0;0;0;0;37836;76804;0;0;0;0;0;0;0;0;0;0;96;0;0;1200
243;0;1013;9152300;18000;149200;88200;121100;11600;1800;1700;56300;2200;1327800;4781100;2522600;0;0;0;0;2580;1282;83276;38818;58846;0;0;0;0;0;0;0;0;38431;78052;0;0;0;0;0;0;0;0;0;0;98;0;0;1200
244;0;1016;5355000;8200;49100;28800;39100;4500;500;400;18700;800;903100;2105400;2144700;0;0;0;0;2580;1283;82988;38251;58661;0;0;0;0;0;0;0;0;37856;76804;0;0;0;0;0;0;0;0;0;0;97;0;0;1200
245;0;1020;9002300;17500;148200;87200;121100;11000;1800;1500;57800;2200;1302800;4994800;2179500;0;0;0;0;2580;1285;81068;38336;57543;0;0;0;0;0;0;0;0;37930;77092;0;0;0;0;0;0;0;0;0;0;95;0;0;1200
246;0;1023;5484300;8800;53800;31300;43600;4900;700;600;20300;900;896200;2382200;1987400;0;0;0;0;2580;1283;83660;39624;59035;0;0;0;0;0;0;0;0;39221;79684;0;0;0;0;0;0;0;0;0;0;97;0;0;1200
247;0;1026;8895400;15800;149400;87300;122300;10900;1900;1700;56700;2200;1243800;5056500;2070900;0;0;0;0;2580;1283;82316;38352;58287;0;0;0;0;0;0;0;0;37974;76804;0;0;0;0;0;0;0;0;0;0;97;0;0;1200
248;0;1030;6340900;9000;55400;32200;44600;4900;600;500;21400;800;973500;3106700;2025400;0;0;0;0;2580;1284;82700;38243;58476;0;0;0;0;0;0;0;0;37846;76804;0;0;0;0;0;0;0;0;0;0;96;0;0;1200
249;0;1033;9277100;16100;147900;87300;122200;11400;1700;1500;59100;2300;1274300;5527500;1928300;0;0;0;0;2580;1283;82988;38719;58661;0;0;0;0;0;0;0;0;38329;77764;0;0;0;0;0;0;0;0;0;0;97;0;0;1200
250;0;1036;7287100;10900;90100;52400;73400;7300;1000;900;35200;1300;888000;3905300;2149700;0;0;0;0;2580;1284;82028;38380;58102;0;0;0;0;0;0;0;0;37989;77092;0;0;0;0;0;0;0;0;0;0;96;0;0;1200
251;0;1040;9997100;17400;148900;87200;121100;11300;1700;1600;56100;2200;1334300;5831800;2262600;0;0;0;0;2580;1284;82700;38216;58476;0;0;0;0;0;0;0;0;37836;76804;0;0;0;0;0;0;0;0;0;0;96;0;0;1200
252;0;1043;10018900;16800;137200;80500;111500;10200;1700;1500;54900;2000;1231600;6267600;1989400;0;0;0;0;2580;1284;82028;38848;58102;0;0;0;0;0;0;0;0;38465;78052;0;0;0;0;0;0;0;0;0;0;96;0;0;1200
253;0;1046;11193100;17400;150900;87400;121200;10800;1700;1600;83900;2600;1333700;6545100;2707300;0;0;0;0;2580;1285;81740;38707;57917;0;0;0;0;0;0;0;0;38348;77764;0;0;0;0;0;0;0;0;0;0;95;0;0;1200
254;0;1050;10996900;16800;149700;87200;121300;11500;1700;1600;57500;2300;1221200;6983000;2207300;0;0;0;0;2580;1284;82028;38236;58102;0;0;0;0;0;0;0;0;37868;76804;0;0;0;0;0;0;0;0;0;0;96;0;0;1200
255;0;1053;10741500;17200;148300;87500;121300;11000;1700;1600;58600;2300;1379900;6456600;2346700;0;0;0;0;2580;1282;83948;38911;59220;0;0;0;0;0;0;0;0;38537;77764;0;0;0;0;0;0;0;0;0;0;98;0;0;1200
256;0;1056;11349500;17600;149700;88600;120700;11500;29700;1600;56700;2500;1411500;6691900;2645900;0;0;0;0;2580;1285;81740;38230;57917;0;0;0;0;0;0;0;0;37844;76804;0;0;0;0;0;0;0;0;0;0;95;0;0;1200
257;0;1060;11402400;17900;149400;87500;122900;11700;1800;1600;56900;2400;1433200;6879700;2496800;0;0;0;0;2580;1283;82988;38590;58661;0;0;0;0;0;0;0;0;38202;77092;0;0;0;0;0;0;0;0;0;0;97;0;0;1200
258;0;1063;9132400;18000;148200;87400;121000;11200;1800;1600;59500;2200;1416500;4723400;2467100;0;0;0;0;2580;1283;83660;39198;59035;0;0;0;0;0;0;0;0;38829;77764;0;0;0;0;0;0;0;0;0;0;97;0;0;1200
259;0;1066;10417500;16600;177700;89600;122500;12000;1700;1600;59100;2300;1334100;5050000;3470600;0;0;0;0;2580;1284;82028;38358;58102;0;0;0;0;0;0;0;0;37986;77092;0;0;0;0;0;0;0;0;0;0;96;0;0;1200
260;0;1070;8796900;16500;150100;88600;122300;11300;1800;1600;56200;2300;1338200;4787100;2149400;0;0;0;0;2580;1284;82028;38497;58102;0;0;0;0;0;0;0;0;38117;76804;0;0;0;0;0;0;0;0;0;0;96;0;0;1200
261;0;1073;8845800;17700;148500;88700;120900;11100;1700;1700;57600;2300;1362300;4823800;2142300;0;0;0;0;2580;1285;81068;38255;57543;0;0;0;0;0;0;0;0;37883;76804;0;0;0;0;0;0;0;0;0;0;95;0;0;1200
262;0;1076;5570400;7100;50500;29200;40900;4200;600;500;19800;700;874000;2220700;2271500;0;0;0;0;2580;1284;82700;38693;58476;0;0;0;0;0;0;0;0;38323;76804;0;0;0;0;0;0;0;0;0;0;96;0;0;1200
263;0;1080;8937200;16800;157000;87800;121900;11800;1800;1600;58800;2400;1253600;4984100;2165200;0;0;0;0;2580;1285;81740;38238;57917;0;0;0;0;0;0;0;0;37883;76804;0;0;0;0;0;0;0;0;0;0;95;0;0;1200
264;0;1083;9235700;18000;149000;87300;121200;11300;1700;1600;56300;2100;1188900;5405500;1994800;0;0;0;0;2580;1284;82028;38331;58102;0;0;0;0;0;0;0;0;37933;77092;0;0;0;0;0;0;0;0;0;0;96;0;0;1200
265;0;1086;7056300;11000;72600;43400;58900;6000;900;800;28300;1100;952600;3618900;2184200;0;0;0;0;2580;1283;83660;39220;59035;0;0;0;0;0;0;0;0;38849;78724;0;0;0;0;0;0;0;0;0;0;97;0;0;1200
266;0;1090;8871400;17300;121200;52900;73400;7200;1100;1000;34300;1400;980000;4002700;3500800;0;0;0;0;2580;1284;82028;38740;58102;0;0;0;0;0;0;0;0;38371;77092;0;0;0;0;0;0;0;0;0;0;96;0;0;1200
267;0;1093;11063800;17200;150100;87400;122400;11000;1800;1700;57400;2300;1320900;5452100;3737700;0;0;0;0;2580;1285;81068;38245;57543;0;0;0;0;0;0;0;0;37883;76804;0;0;0;0;0;0;0;0;0;0;95;0;0;1200
268;0;1096;11528700;17700;149200;107700;121100;11400;1900;1500;59600;2400;1458300;5888100;3593100;0;0;0;0;2580;1285;81740;38655;57917;0;0;0;0;0;0;0;0;38289;77764;0;0;0;0;0;0;0;0;0;0;95;0;0;1200
269;0;1100;9555700;15300;112700;65500;91100;8700;1300;1300;42300;1800;1216100;5013000;2886300;0;0;0;0;2580;1285;81740;38270;57917;0;0;0;0;0;0;0;0;37910;76804;0;0;0;0;0;0;0;0;0;0;95;0;0;1200
270;0;1103;10707500;15100;113700;65700;91500;8800;1300;1200;44300;1700;1232200;6057300;2972700;0;0;0;0;2580;1284;82700;38668;58476;0;0;0;0;0;0;0;0;38313;76804;0;0;0;0;0;0;0;0;0;0;96;0;0;1200
271;0;1106;8653200;15700;106900;64200;86400;9400;1200;1100;41100;1700;1283800;4399800;2556200;0;0;0;0;2580;1283;82988;38860;58661;0;0;0;0;0;0;0;0;38488;78052;0;0;0;0;0;0;0;0;0;0;97;0;0;1200
272;0;1110;7993600;14300;87200;50200;69700;7200;1000;900;34300;1400;1207400;3812100;2606300;0;0;0;0;2580;1284;82700;38558;58476;0;0;0;0;0;0;0;0;38171;76804;0;0;0;0;0;0;0;0;0;0;96;0;0;1200
273;0;1113;6797000;11700;62200;35700;49200;5700;700;700;23400;1000;1123200;2670600;2745700;0;0;0;0;2580;1284;81356;38335;57728;0;0;0;0;0;0;0;0;37969;77092;0;0;0;0;0;0;0;0;0;0;96;0;0;1200
274;0;1116;9530700;17200;149200;87300;122200;11600;1800;1600;57700;2300;1366200;4835300;2803600;0;0;0;0;2580;1285;81740;38667;57917;0;0;0;0;0;0;0;0;38293;77764;0;0;0;0;0;0;0;0;0;0;95;0;0;1200
275;0;1120;9128000;17300;156100;87300;121800;11900;1700;1600;59500;2300;1458900;4747400;2383200;0;0;0;0;2580;1285;81740;38260;57917;0;0;0;0;0;0;0;0;37904;76804;0;0;0;0;0;0;0;0;0;0;95;0;0;1200
276;0;1123;9095000;18400;150300;88500;122100;12000;1900;1600;59700;2300;1459500;4751600;2344800;0;0;0;0;2580;1286;80780;38216;57358;0;0;0;0;0;0;0;0;37861;76804;0;0;0;0;0;0;0;0;0;0;94;0;0;1200
277;0;1126;6061600;10800;56000;32000;43800;5300;700;600;20300;900;1062800;2384500;2383900;0;0;0;0;2580;1282;84620;39226;59594;0;0;0;0;0;0;0;0;38855;78724;0;0;0;0;0;0;0;0;0;0;98;0;0;1200
278;0;1130;9947500;17500;150000;87300;121900;11300;1800;1600;60700;2300;1452700;5222100;2725900;0;0;0;0;2580;1284;82028;38365;58102;0;0;0;0;0;0;0;0;37986;77092;0;0;0;0;0;0;0;0;0;0;96;0;0;1200
279;0;1133;10680900;17900;147900;87300;122100;11200;1800;1500;56900;2200;1359700;6028400;2742900;0;0;0;0;2580;1284;82028;38251;58102;0;0;0;0;0;0;0;0;37888;76804;0;0;0;0;0;0;0;0;0;0;96;0;0;1200
280;0;1136;10170900;16100;134400;75000;103800;9600;1500;1300;49100;1800;1317500;5686900;2667900;0;0;0;0;2580;1284;82028;38383;58102;0;0;0;0;0;0;0;0;38006;77092;0;0;0;0;0;0;0;0;0;0;96;0;0;1200
281;0;1140;10001200;17400;128600;75000;103900;9800;1500;1300;51100;1900;1342700;5662000;2497100;0;0;0;0;2580;1285;81740;38432;57917;0;0;0;0;0;0;0;0;38061;76804;0;0;0;0;0;0;0;0;0;0;95;0;0;1200
282;0;1143;8491600;14300;95100;55400;77000;7800;1100;1000;36100;1500;1248300;4284200;2577500;0;0;0;0;2580;1285;81740;38462;57917;0;0;0;0;0;0;0;0;38067;76804;0;0;0;0;0;0;0;0;0;0;95;0;0;1200
283;0;1146;8020100;13600;79600;46100;63800;7000;900;900;30500;1200;1229700;3411500;3056400;0;0;0;0;2580;1286;80780;38233;57358;0;0;0;0;0;0;0;0;37828;76804;0;0;0;0;0;0;0;0;0;0;94;0;0;1200
284;0;1150;10244200;17900;149300;87500;121800;11900;1900;1600;56800;2300;1427000;5122600;3148500;0;0;0;0;2580;1283;83660;39207;59035;0;0;0;0;0;0;0;0;38820;77764;0;0;0;0;0;0;0;0;0;0;97;0;0;1200
285;0;1153;9541600;17700;150400;89900;122100;11800;1700;1600;56700;2400;1547000;4859200;2589300;0;0;0;0;2580;1283;82316;38397;58287;0;0;0;0;0;0;0;0;37990;77092;0;0;0;0;0;0;0;0;0;0;97;0;0;1200
286;0;1156;6453100;11100;70600;32900;44900;5200;600;600;21000;900;1176900;2598700;2422800;0;0;0;0;2580;1284;82700;38241;58476;0;0;0;0;0;0;0;0;37860;76804;0;0;0;0;0;0;0;0;0;0;96;0;0;1200
287;0;1160;9653500;18700;148400;87400;121100;11000;1700;1600;57900;2300;1493900;5081600;2535900;0;0;0;0;2580;1284;82028;38828;58102;0;0;0;0;0;0;0;0;38447;78052;0;0;0;0;0;0;0;0;0;0;96;0;0;1200
288;0;1163;6722200;13000;66800;39200;52600;5800;800;700;24800;1000;1173000;2803400;2471200;0;0;0;0;2580;1286;80780;38267;57358;0;0;0;0;0;0;0;0;37896;76804;0;0;0;0;0;0;0;0;0;0;94;0;0;1200
289;0;1166;6004300;11000;61100;35700;49600;5500;700;700;23100;1000;1058500;2662200;2013400;0;0;0;0;2580;1285;81740;38678;57917;0;0;0;0;0;0;0;0;38319;77764;0;0;0;0;0;0;0;0;0;0;95;0;0;1200
290;0;1170;9132400;19400;150200;87300;121500;11200;1800;1600;59500;2300;1377300;4951000;2260100;0;0;0;0;2580;1285;81740;38722;57917;0;0;0;0;0;0;0;0;38357;77764;0;0;0;0;0;0;0;0;0;0;95;0;0;1200
291;0;1173;5771700;10300;59200;35100;46300;5700;600;700;21800;900;1063200;2443900;2005000;0;0;0;0;2580;1286;80780;38197;57358;0;0;0;0;0;0;0;0;37838;76804;0;0;0;0;0;0;0;0;0;0;94;0;0;1200
292;0;1176;9053900;18200;173700;104300;231800;15700;3500;2400;83200;2500;1490600;4759600;2079500;0;0;0;0;2580;1284;82028;38403;58102;0;0;0;0;0;0;0;0;38028;77092;0;0;0;0;0;0;0;0;0;0;96;0;0;1200
293;0;1180;5960100;10900;54700;31600;43500;5400;600;500;21500;900;1090700;2348900;2289900;0;0;0;0;2580;1285;81740;38711;57917;0;0;0;0;0;0;0;0;38338;77764;0;0;0;0;0;0;0;0;0;0;95;0;0;1200
294;0;1183;9352600;18200;147400;87400;121200;10900;1700;1600;57100;2300;1409700;4937800;2471900;0;0;0;0;2580;1284;82028;38410;58102;0;0;0;0;0;0;0;0;38035;77092;0;0;0;0;0;0;0;0;0;0;96;0;0;1200
295;0;1186;7835600;13400;106900;61800;86400;8800;1300;1200;42000;1600;1071600;4497600;1846400;0;0;0;0;2580;1286;80780;38179;57358;0;0;0;0;0;0;0;0;37783;76804;0;0;0;0;0;0;0;0;0;0;94;0;0;1200
296;0;1190;9545200;18500;149400;89900;121100;10900;1700;1600;60300;2200;1388900;5537900;2049800;0;0;0;0;2580;1284;82700;39209;58476;0;0;0;0;0;0;0;0;38821;77764;0;0;0;0;0;0;0;0;0;0;96;0;0;1200
297;0;1193;7992100;14200;100400;58500;81000;8000;1100;1100;37900;1600;1287900;4420800;1886100;0;0;0;0;2580;1286;80780;38188;57358;0;0;0;0;0;0;0;0;37797;76804;0;0;0;0;0;0;0;0;0;0;94;0;0;1200
298;0;1196;10549800;16700;149700;87500;122300;11800;1800;1600;56200;2300;1478300;5785400;2718300;0;0;0;0;2580;1286;80780;38215;57358;0;0;0;0;0;0;0;0;37832;76804;0;0;0;0;0;0;0;0;0;0;94;0;0;1200
299;0;1200;10635900;15800;151300;88800;121900;11000;1800;1600;58100;2200;1480700;6033900;2547400;0;0;0;0;2580;1284;82028;38533;58102;0;0;0;0;0;0;0;0;38138;77092;0;0;0;0;0;0;0;0;0;0;96;0;0;1200
